ISO-10303-21;
HEADER;
FILE_DESCRIPTION((''),'2;1');
FILE_NAME('132323__','2020-05-19T10:31:11',('Krishnaprasath'),(''),
'CREO PARAMETRIC BY PTC INC, 2019444','CREO PARAMETRIC BY PTC INC, 2019444','');
FILE_SCHEMA(('CONFIG_CONTROL_DESIGN'));
ENDSEC;
DATA;
#1=CARTESIAN_POINT('',(0.E0,0.E0,0.E0));
#2=DIRECTION('',(-1.E0,0.E0,0.E0));
#3=DIRECTION('',(0.E0,7.071067811865E-1,-7.071067811865E-1));
#4=AXIS2_PLACEMENT_3D('',#1,#2,#3);
#6=CARTESIAN_POINT('',(0.E0,0.E0,0.E0));
#7=DIRECTION('',(-1.E0,0.E0,0.E0));
#8=DIRECTION('',(0.E0,-7.071067811866E-1,7.071067811865E-1));
#9=AXIS2_PLACEMENT_3D('',#6,#7,#8);
#11=CARTESIAN_POINT('',(0.E0,0.E0,0.E0));
#12=DIRECTION('',(1.E0,0.E0,0.E0));
#13=DIRECTION('',(0.E0,-7.071067811865E-1,7.071067811865E-1));
#14=AXIS2_PLACEMENT_3D('',#11,#12,#13);
#16=CARTESIAN_POINT('',(0.E0,0.E0,0.E0));
#17=DIRECTION('',(1.E0,0.E0,0.E0));
#18=DIRECTION('',(0.E0,7.071067811865E-1,-7.071067811865E-1));
#19=AXIS2_PLACEMENT_3D('',#16,#17,#18);
#21=DIRECTION('',(7.071067811865E-1,5.000000015894E-1,-4.999999984106E-1));
#22=VECTOR('',#21,1.414213563109E-1);
#23=CARTESIAN_POINT('',(-2.356510542256E-10,1.813728892559E0,
-1.813728894595E0));
#24=LINE('',#23,#22);
#25=DIRECTION('',(7.071067811865E-1,-5.000000015894E-1,4.999999984106E-1));
#26=VECTOR('',#25,1.414213563109E-1);
#27=CARTESIAN_POINT('',(-2.356510542256E-10,-1.813728892559E0,
1.813728894595E0));
#28=LINE('',#27,#26);
#29=CARTESIAN_POINT('',(1.E-1,0.E0,0.E0));
#30=DIRECTION('',(-1.E0,0.E0,0.E0));
#31=DIRECTION('',(0.E0,-7.071067811865E-1,7.071067811865E-1));
#32=AXIS2_PLACEMENT_3D('',#29,#30,#31);
#34=CARTESIAN_POINT('',(1.E-1,0.E0,0.E0));
#35=DIRECTION('',(-1.E0,0.E0,0.E0));
#36=DIRECTION('',(0.E0,7.071067811865E-1,-7.071067811865E-1));
#37=AXIS2_PLACEMENT_3D('',#34,#35,#36);
#39=DIRECTION('',(1.E0,-1.318925603307E-9,-9.479385528012E-10));
#40=VECTOR('',#39,7.000000001836E-1);
#41=CARTESIAN_POINT('',(9.999999981637E-2,-1.884439570939E0,1.884439572526E0));
#42=LINE('',#41,#40);
#43=DIRECTION('',(1.E0,1.318925286101E-9,9.479395044210E-10));
#44=VECTOR('',#43,7.000000001836E-1);
#45=CARTESIAN_POINT('',(9.999999981637E-2,1.884439570939E0,-1.884439572526E0));
#46=LINE('',#45,#44);
#47=CARTESIAN_POINT('',(9.273651823343E-1,1.974500355978E0,-1.974500355978E0));
#48=CARTESIAN_POINT('',(9.247940946678E-1,1.901818632091E0,-2.043546012817E0));
#49=CARTESIAN_POINT('',(9.196506159619E-1,1.749173075680E0,-2.173642504177E0));
#50=CARTESIAN_POINT('',(9.119321393428E-1,1.501122456976E0,-2.342625795221E0));
#51=CARTESIAN_POINT('',(9.042084494887E-1,1.236881490939E0,-2.483634381759E0));
#52=CARTESIAN_POINT('',(8.964768914272E-1,9.594782639956E-1,-2.595158395636E0));
#53=CARTESIAN_POINT('',(8.887397761773E-1,6.722634517059E-1,-2.675947819134E0));
#54=CARTESIAN_POINT('',(8.809997983176E-1,3.787253690547E-1,-2.725159728814E0));
#55=CARTESIAN_POINT('',(8.732543545432E-1,8.221667998811E-2,-2.742367372102E0));
#56=CARTESIAN_POINT('',(8.680855610962E-1,-1.151773879893E-1,
-2.732435270915E0));
#57=CARTESIAN_POINT('',(8.655E-1,-2.132222923949E-1,-2.722162100983E0));
#59=DIRECTION('',(7.071067811865E-1,5.E-1,-5.E-1));
#60=VECTOR('',#59,1.801215682313E-1);
#61=CARTESIAN_POINT('',(8.E-1,1.884439571862E0,-1.884439571862E0));
#62=LINE('',#61,#60);
#63=CARTESIAN_POINT('',(8.E-1,0.E0,0.E0));
#64=DIRECTION('',(1.E0,0.E0,0.E0));
#65=DIRECTION('',(0.E0,-7.071067811865E-1,7.071067811865E-1));
#66=AXIS2_PLACEMENT_3D('',#63,#64,#65);
#68=DIRECTION('',(7.071067811865E-1,-5.E-1,5.E-1));
#69=VECTOR('',#68,4.984058608510E-1);
#70=CARTESIAN_POINT('',(8.E-1,-1.884439571862E0,1.884439571862E0));
#71=LINE('',#70,#69);
#72=CARTESIAN_POINT('',(1.23E0,-2.959095091663E0,-9.070728959094E-1));
#73=CARTESIAN_POINT('',(1.227421618029E0,-2.989276615897E0,-7.998157031753E-1));
#74=CARTESIAN_POINT('',(1.222263843568E0,-3.037975436140E0,-5.822640102116E-1));
#75=CARTESIAN_POINT('',(1.214526007984E0,-3.075318301930E0,-2.507423382978E-1));
#76=CARTESIAN_POINT('',(1.206781425528E0,-3.076677056885E0,8.232721950967E-2));
#77=CARTESIAN_POINT('',(1.199028528916E0,-3.042094156198E0,4.131153012430E-1));
#78=CARTESIAN_POINT('',(1.191275463888E0,-2.972134969130E0,7.374132673488E-1));
#79=CARTESIAN_POINT('',(1.183517921707E0,-2.867746915922E0,1.051637705851E0));
#80=CARTESIAN_POINT('',(1.175749532123E0,-2.730122323279E0,1.352374173579E0));
#81=CARTESIAN_POINT('',(1.167980393381E0,-2.561146919835E0,1.635736710641E0));
#82=CARTESIAN_POINT('',(1.160208067478E0,-2.362907427302E0,1.898569833414E0));
#83=CARTESIAN_POINT('',(1.155020876564E0,-2.212756077528E0,2.058198404759E0));
#84=CARTESIAN_POINT('',(1.152426163991E0,-2.133642502288E0,2.133642502288E0));
#86=CARTESIAN_POINT('',(8.655E-1,-2.648250291679E0,6.651320490118E-1));
#87=CARTESIAN_POINT('',(8.757847713138E-1,-2.683811390793E0,5.657651291255E-1));
#88=CARTESIAN_POINT('',(8.963247707144E-1,-2.743635456583E0,3.620540228287E-1));
#89=CARTESIAN_POINT('',(9.270300957031E-1,-2.797787837824E0,4.574904991892E-2));
#90=CARTESIAN_POINT('',(9.576788798731E-1,-2.815202165980E0,
-2.776011506424E-1));
#91=CARTESIAN_POINT('',(9.882504857483E-1,-2.795047548777E0,
-6.034709861571E-1));
#92=CARTESIAN_POINT('',(1.018717143929E0,-2.737183061977E0,-9.271757698680E-1));
#93=CARTESIAN_POINT('',(1.049131151719E0,-2.641792836189E0,-1.244881983428E0));
#94=CARTESIAN_POINT('',(1.079469540628E0,-2.509657797294E0,-1.551992359113E0));
#95=CARTESIAN_POINT('',(1.109708751345E0,-2.342237490524E0,-1.844060335513E0));
#96=CARTESIAN_POINT('',(1.139898787515E0,-2.141019781872E0,-2.117507823922E0));
#97=CARTESIAN_POINT('',(1.170016441956E0,-1.908318316992E0,-2.368239523840E0));
#98=CARTESIAN_POINT('',(1.200037815055E0,-1.647035968716E0,-2.592531992997E0));
#99=CARTESIAN_POINT('',(1.220019760274E0,-1.455554264939E0,-2.722509216758E0));
#100=CARTESIAN_POINT('',(1.23E0,-1.356074841380E0,-2.782101009053E0));
#102=CARTESIAN_POINT('',(8.655E-1,0.E0,0.E0));
#103=DIRECTION('',(-1.E0,0.E0,0.E0));
#104=DIRECTION('',(0.E0,-7.808910177436E-2,-9.969463838061E-1));
#105=AXIS2_PLACEMENT_3D('',#102,#103,#104);
#107=CARTESIAN_POINT('',(1.725E0,-2.188495487772E0,2.188495487772E0));
#108=CARTESIAN_POINT('',(1.720767842074E0,-2.106530375052E0,2.270460600493E0));
#109=CARTESIAN_POINT('',(1.712304486995E0,-1.933396899711E0,2.425148602347E0));
#110=CARTESIAN_POINT('',(1.699618679623E0,-1.649541640561E0,2.626477813658E0));
#111=CARTESIAN_POINT('',(1.686923068703E0,-1.344680343359E0,2.794864862984E0));
#112=CARTESIAN_POINT('',(1.674227426283E0,-1.022854040654E0,2.927992762116E0));
#113=CARTESIAN_POINT('',(1.661541785115E0,-6.884021603697E-1,3.024148547104E0));
#114=CARTESIAN_POINT('',(1.648846119604E0,-3.450113013271E-1,3.082272307871E0));
#115=CARTESIAN_POINT('',(1.636150501987E0,2.730919845691E-3,3.101509999839E0));
#116=CARTESIAN_POINT('',(1.623464856874E0,3.501656115334E-1,3.081680732574E0));
#117=CARTESIAN_POINT('',(1.610769184573E0,6.934623835625E-1,3.023002691513E0));
#118=CARTESIAN_POINT('',(1.598073575489E0,1.028008757799E0,2.926186885055E0));
#119=CARTESIAN_POINT('',(1.585387930205E0,1.349348692056E0,2.792602772741E0));
#120=CARTESIAN_POINT('',(1.572692250574E0,1.653939259181E0,2.623722599831E0));
#121=CARTESIAN_POINT('',(1.559996648235E0,1.937661962713E0,2.421742711593E0));
#122=CARTESIAN_POINT('',(1.547311003422E0,2.196764625709E0,2.189428549961E0));
#123=CARTESIAN_POINT('',(1.534615314222E0,2.428390313693E0,1.929340776719E0));
#124=CARTESIAN_POINT('',(1.521919722567E0,2.629377809172E0,1.644914564197E0));
#125=CARTESIAN_POINT('',(1.509234076865E0,2.797100822399E0,1.339999712084E0));
#126=CARTESIAN_POINT('',(1.496538382297E0,2.929709501996E0,1.017957555976E0));
#127=CARTESIAN_POINT('',(1.483842795147E0,3.025356047181E0,6.830756431296E-1));
#128=CARTESIAN_POINT('',(1.471157150364E0,3.082834849809E0,3.398552381843E-1));
#129=CARTESIAN_POINT('',(1.458461445526E0,3.101511345179E0,-7.919971931941E-3));
#130=CARTESIAN_POINT('',(1.445765869009E0,3.081059233163E0,-3.555917500615E-1));
#131=CARTESIAN_POINT('',(1.433080223203E0,3.021828942372E0,-6.985142643519E-1));
#132=CARTESIAN_POINT('',(1.420384513956E0,2.924472493128E0,-1.032906571060E0));
#133=CARTESIAN_POINT('',(1.407688942513E0,2.790222206361E0,-1.354264186747E0));
#134=CARTESIAN_POINT('',(1.395003297616E0,2.620944720152E0,-1.658318777467E0));
#135=CARTESIAN_POINT('',(1.382307578257E0,2.418505260074E0,-1.941717702171E0));
#136=CARTESIAN_POINT('',(1.369612019E0,2.185556737338E0,-2.200616544654E0));
#137=CARTESIAN_POINT('',(1.356926369412E0,1.925271317977E0,-2.431604963938E0));
#138=CARTESIAN_POINT('',(1.344230669428E0,1.640518646100E0,-2.632134840629E0));
#139=CARTESIAN_POINT('',(1.331535106199E0,1.335072447800E0,-2.799455851026E0));
#140=CARTESIAN_POINT('',(1.318849454644E0,1.013054554078E0,-2.931397740839E0));
#141=CARTESIAN_POINT('',(1.306153774093E0,6.780162600818E-1,-3.026504453677E0));
#142=CARTESIAN_POINT('',(1.293458191763E0,3.344267738740E-1,-3.083428334398E0));
#143=CARTESIAN_POINT('',(1.280772543083E0,-1.310472662312E-2,
-3.101483609927E0));
#144=CARTESIAN_POINT('',(1.268076871774E0,-3.607456334574E-1,
-3.080470299030E0));
#145=CARTESIAN_POINT('',(1.255381315541E0,-7.038323470348E-1,
-3.020594836317E0));
#146=CARTESIAN_POINT('',(1.242695498234E0,-1.037793474505E0,-2.922730586858E0));
#147=CARTESIAN_POINT('',(1.234232153509E0,-1.251877694943E0,-2.832889649856E0));
#148=CARTESIAN_POINT('',(1.23E0,-1.356074841380E0,-2.782101009053E0));
#150=CARTESIAN_POINT('',(1.23E0,0.E0,0.E0));
#151=DIRECTION('',(-1.E0,0.E0,0.E0));
#152=DIRECTION('',(0.E0,-4.381501910759E-1,-8.989017799850E-1));
#153=AXIS2_PLACEMENT_3D('',#150,#151,#152);
#155=CARTESIAN_POINT('',(1.23E0,-2.959095091663E0,-9.070728959094E-1));
#156=CARTESIAN_POINT('',(1.234259715067E0,-2.924901536325E0,-1.018620691268E0));
#157=CARTESIAN_POINT('',(1.242778270636E0,-2.843886846907E0,-1.237818754007E0));
#158=CARTESIAN_POINT('',(1.255545133843E0,-2.686205369628E0,-1.550551220469E0));
#159=CARTESIAN_POINT('',(1.268326066269E0,-2.494047040867E0,-1.843826849137E0));
#160=CARTESIAN_POINT('',(1.281101679288E0,-2.270096899475E0,-2.113418056809E0));
#161=CARTESIAN_POINT('',(1.293868916330E0,-2.017352189655E0,-2.355889039496E0));
#162=CARTESIAN_POINT('',(1.306651720595E0,-1.738526903651E0,-2.568557658817E0));
#163=CARTESIAN_POINT('',(1.319424909973E0,-1.437700167044E0,-2.748251132696E0));
#164=CARTESIAN_POINT('',(1.332193049830E0,-1.118665112533E0,-2.892840319941E0));
#165=CARTESIAN_POINT('',(1.344976959703E0,-7.849399347264E-1,
-3.000637739243E0));
#166=CARTESIAN_POINT('',(1.357748106675E0,-4.415223501866E-1,
-3.070003132952E0));
#167=CARTESIAN_POINT('',(1.370517522762E0,-9.252287584357E-2,
-3.100223802453E0));
#168=CARTESIAN_POINT('',(1.383301808068E0,2.580653905080E-1,-3.090849530187E0));
#169=CARTESIAN_POINT('',(1.396071289813E0,6.049529501083E-1,-3.042021209333E0));
#170=CARTESIAN_POINT('',(1.408842351418E0,9.441706636083E-1,-2.954403309561E0));
#171=CARTESIAN_POINT('',(1.421626290196E0,1.271659128094E0,-2.828925659622E0));
#172=CARTESIAN_POINT('',(1.434394483253E0,1.582512695243E0,-2.667493071245E0));
#173=CARTESIAN_POINT('',(1.447167561357E0,1.873304284209E0,-2.471981994750E0));
#174=CARTESIAN_POINT('',(1.459950432852E0,2.140367779105E0,-2.244715921296E0));
#175=CARTESIAN_POINT('',(1.472717710190E0,2.379794274226E0,-1.989083785965E0));
#176=CARTESIAN_POINT('',(1.485493197226E0,2.589015669303E0,-1.707912885862E0));
#177=CARTESIAN_POINT('',(1.498274287154E0,2.765228899392E0,-1.404783603394E0));
#178=CARTESIAN_POINT('',(1.511041005553E0,2.905971393432E0,-1.084075521124E0));
#179=CARTESIAN_POINT('',(1.523819313252E0,3.009752302658E0,-7.492405688375E-1));
#180=CARTESIAN_POINT('',(1.536597806094E0,3.075062347408E0,-4.048235508168E-1));
#181=CARTESIAN_POINT('',(1.549364504609E0,3.101099741119E0,-5.556176243343E-2));
#182=CARTESIAN_POINT('',(1.562145446723E0,3.087565789447E0,2.947986962611E-1));
#183=CARTESIAN_POINT('',(1.574921106597E0,3.034580354260E0,6.412471548106E-1));
#184=CARTESIAN_POINT('',(1.587688331631E0,2.942942419024E0,9.792920063057E-1));
#185=CARTESIAN_POINT('',(1.600471132946E0,2.813595267287E0,1.305237922608E0));
#186=CARTESIAN_POINT('',(1.613244347698E0,2.648399057972E0,1.614264086758E0));
#187=CARTESIAN_POINT('',(1.626012478331E0,2.449508040682E0,1.902589573570E0));
#188=CARTESIAN_POINT('',(1.638796399772E0,2.219066800184E0,2.166956429622E0));
#189=CARTESIAN_POINT('',(1.651567551698E0,1.960513347437E0,2.403382746050E0));
#190=CARTESIAN_POINT('',(1.664336969168E0,1.677003030462E0,2.609139518896E0));
#191=CARTESIAN_POINT('',(1.677121270705E0,1.371725355329E0,2.781783263077E0));
#192=CARTESIAN_POINT('',(1.689890743291E0,1.049286918660E0,2.918708290766E0));
#193=CARTESIAN_POINT('',(1.702661827934E0,7.134301661315E-1,3.018439126054E0));
#194=CARTESIAN_POINT('',(1.715445779099E0,3.681141903795E-1,3.079680036093E0));
#195=CARTESIAN_POINT('',(1.728213947621E0,1.852544869002E-2,3.101535533574E0));
#196=CARTESIAN_POINT('',(1.740987086192E0,-3.314354388323E-1,3.083847392382E0));
#197=CARTESIAN_POINT('',(1.753769937794E0,-6.774247073135E-1,3.026717550658E0));
#198=CARTESIAN_POINT('',(1.766537185401E0,-1.014348082685E0,2.931036263336E0));
#199=CARTESIAN_POINT('',(1.779312767368E0,-1.338550910038E0,2.797900935548E0));
#200=CARTESIAN_POINT('',(1.792093749425E0,-1.645777937833E0,2.628939624169E0));
#201=CARTESIAN_POINT('',(1.804860605068E0,-1.931672128168E0,2.426629431873E0));
#202=CARTESIAN_POINT('',(1.813379169951E0,-2.105996594992E0,2.270994380552E0));
#203=CARTESIAN_POINT('',(1.817638888889E0,-2.188495487772E0,2.188495487772E0));
#205=CARTESIAN_POINT('',(8.655E-1,-2.648250291679E0,6.651320490118E-1));
#206=CARTESIAN_POINT('',(8.698636702744E-1,-2.673935395257E0,
5.628657649796E-1));
#207=CARTESIAN_POINT('',(8.785901078528E-1,-2.713431982649E0,
3.553752439599E-1));
#208=CARTESIAN_POINT('',(8.916674535956E-1,-2.736321062926E0,
3.967621349723E-2));
#209=CARTESIAN_POINT('',(9.047612938549E-1,-2.722567573357E0,
-2.769518388001E-1));
#210=CARTESIAN_POINT('',(9.178474907051E-1,-2.672314919589E0,
-5.896816366294E-1));
#211=CARTESIAN_POINT('',(9.309257000038E-1,-2.586350834044E0,
-8.943339286028E-1));
#212=CARTESIAN_POINT('',(9.440217712732E-1,-2.465588928064E0,
-1.187409569854E0));
#213=CARTESIAN_POINT('',(9.571046571605E-1,-2.311900315193E0,
-1.464274698248E0));
#214=CARTESIAN_POINT('',(9.701846054838E-1,-2.127326059823E0,
-1.721494088133E0));
#215=CARTESIAN_POINT('',(9.832814830495E-1,-1.913976599396E0,
-1.955953390128E0));
#216=CARTESIAN_POINT('',(9.963617908553E-1,-1.675253364998E0,
-2.163910585627E0));
#217=CARTESIAN_POINT('',(1.009444197107E0,-1.414082620432E0,-2.342955212223E0));
#218=CARTESIAN_POINT('',(1.022540498188E0,-1.133661987006E0,-2.490754296930E0));
#219=CARTESIAN_POINT('',(1.035618949629E0,-8.384412117158E-1,
-2.604996321990E0));
#220=CARTESIAN_POINT('',(1.048704535439E0,-5.318397481186E-1,
-2.684440823778E0));
#221=CARTESIAN_POINT('',(1.061798877515E0,-2.178975074886E-1,
-2.727920451914E0));
#222=CARTESIAN_POINT('',(1.074876190534E0,9.855376646510E-2,-2.734829196134E0));
#223=CARTESIAN_POINT('',(1.087965692371E0,4.139798073310E-1,-2.705124780684E0));
#224=CARTESIAN_POINT('',(1.101056637344E0,7.238870720341E-1,-2.639128151608E0));
#225=CARTESIAN_POINT('',(1.114133737360E0,1.023782097279E0,-2.537891459449E0));
#226=CARTESIAN_POINT('',(1.127227117355E0,1.310331246203E0,-2.402521534013E0));
#227=CARTESIAN_POINT('',(1.140313923865E0,1.579165031069E0,-2.235001373220E0));
#228=CARTESIAN_POINT('',(1.153391916815E0,1.826696318974E0,-2.037700103852E0));
#229=CARTESIAN_POINT('',(1.166487718303E0,2.050071908589E0,-1.812809079043E0));
#230=CARTESIAN_POINT('',(1.179571104288E0,2.245755374390E0,-1.563830894990E0));
#231=CARTESIAN_POINT('',(1.192650713074E0,2.411347228020E0,-1.294009458821E0));
#232=CARTESIAN_POINT('',(1.205747552222E0,2.544812128622E0,-1.006475657988E0));
#233=CARTESIAN_POINT('',(1.218828239610E0,2.644014788669E0,-7.058103524945E-1));
#234=CARTESIAN_POINT('',(1.231910186070E0,2.707860479864E0,-3.956751942738E-1));
#235=CARTESIAN_POINT('',(1.245006679317E0,2.735446411141E0,-7.988686435072E-2));
#236=CARTESIAN_POINT('',(1.258085390008E0,2.726359338273E0,2.365431288858E-1));
#237=CARTESIAN_POINT('',(1.271170395820E0,2.680787019224E0,5.499600324388E-1));
#238=CARTESIAN_POINT('',(1.284265160266E0,2.599211473354E0,8.562313615536E-1));
#239=CARTESIAN_POINT('',(1.297342613678E0,2.482949146125E0,1.150636445252E0));
#240=CARTESIAN_POINT('',(1.310431409787E0,2.333343202820E0,1.429891132171E0));
#241=CARTESIAN_POINT('',(1.323523027949E0,2.152402067792E0,1.690023211675E0));
#242=CARTESIAN_POINT('',(1.336600072565E0,1.942862330334E0,1.927253371333E0));
#243=CARTESIAN_POINT('',(1.349692908237E0,1.707038936876E0,2.138947495411E0));
#244=CARTESIAN_POINT('',(1.362780356683E0,1.448419373382E0,2.321869266037E0));
#245=CARTESIAN_POINT('',(1.375858150060E0,1.170616609868E0,2.473599624041E0));
#246=CARTESIAN_POINT('',(1.388953644213E0,8.767441378296E-1,2.592371995532E0));
#247=CARTESIAN_POINT('',(1.402037550112E0,5.713781408963E-1,2.676287035547E0));
#248=CARTESIAN_POINT('',(1.415116839475E0,2.584779870612E-1,2.724379349889E0));
#249=CARTESIAN_POINT('',(1.428213601757E0,-5.830661024942E-2,2.735994187691E0));
#250=CARTESIAN_POINT('',(1.441294688784E0,-3.739311569156E-1,2.710933002634E0));
#251=CARTESIAN_POINT('',(1.454376195501E0,-6.845642773233E-1,2.649610791288E0));
#252=CARTESIAN_POINT('',(1.467472842482E0,-9.863721512155E-1,2.552669460214E0));
#253=CARTESIAN_POINT('',(1.480551832481E0,-1.274562202609E0,2.421668366239E0));
#254=CARTESIAN_POINT('',(1.493636278322E0,-1.545818863715E0,2.258211250328E0));
#255=CARTESIAN_POINT('',(1.506731426794E0,-1.796556153841E0,2.064321056512E0));
#256=CARTESIAN_POINT('',(1.519809040325E0,-2.022906553731E0,1.843053742355E0));
#257=CARTESIAN_POINT('',(1.532897151971E0,-2.222357693118E0,1.596936156910E0));
#258=CARTESIAN_POINT('',(1.545989400366E0,-2.392056526722E0,1.329316336756E0));
#259=CARTESIAN_POINT('',(1.559066426514E0,-2.529549864340E0,1.044219246143E0));
#260=CARTESIAN_POINT('',(1.572158674909E0,-2.633315228923E0,7.448017927799E-1));
#261=CARTESIAN_POINT('',(1.585246786556E0,-2.701730330750E0,4.354896580196E-1));
#262=CARTESIAN_POINT('',(1.598324400086E0,-2.733951551777E0,1.205999618402E-1));
#263=CARTESIAN_POINT('',(1.611419548558E0,-2.729565773100E0,
-1.963280439647E-1));
#264=CARTESIAN_POINT('',(1.624503994400E0,-2.688589558751E0,
-5.103652309245E-1));
#265=CARTESIAN_POINT('',(1.637582984398E0,-2.611672551653E0,
-8.174459472912E-1));
#266=CARTESIAN_POINT('',(1.650679631379E0,-2.499624073525E0,-1.113977147948E0));
#267=CARTESIAN_POINT('',(1.663761138097E0,-2.354207776655E0,-1.395237613892E0));
#268=CARTESIAN_POINT('',(1.676842225123E0,-2.177308318672E0,-1.657827596983E0));
#269=CARTESIAN_POINT('',(1.689938987405E0,-1.970986399734E0,-1.898490538285E0));
#270=CARTESIAN_POINT('',(1.703018276768E0,-1.738538136071E0,-2.113402570728E0));
#271=CARTESIAN_POINT('',(1.716102182667E0,-1.482748236149E0,-2.300115326377E0));
#272=CARTESIAN_POINT('',(1.729197676820E0,-1.206837290839E0,-2.456131531656E0));
#273=CARTESIAN_POINT('',(1.742275470197E0,-9.151407733598E-1,
-2.579052720417E0));
#274=CARTESIAN_POINT('',(1.755362918643E0,-6.109795739625E-1,
-2.667542367112E0));
#275=CARTESIAN_POINT('',(1.768455754316E0,-2.984961540425E-1,
-2.720279330871E0));
#276=CARTESIAN_POINT('',(1.781532798931E0,1.760562048515E-2,-2.736549498833E0));
#277=CARTESIAN_POINT('',(1.794624417093E0,3.338231604336E-1,-2.716181372730E0));
#278=CARTESIAN_POINT('',(1.807713213203E0,6.454952036394E-1,-2.659386514492E0));
#279=CARTESIAN_POINT('',(1.820790666614E0,9.482629007069E-1,-2.567066399388E0));
#280=CARTESIAN_POINT('',(1.833885431061E0,1.238720027664E0,-2.440214698092E0));
#281=CARTESIAN_POINT('',(1.846970436872E0,1.512352872345E0,-2.280740380386E0));
#282=CARTESIAN_POINT('',(1.860049147563E0,1.765627518947E0,-2.090839172117E0));
#283=CARTESIAN_POINT('',(1.873145640811E0,1.995567102370E0,-1.872639628362E0));
#284=CARTESIAN_POINT('',(1.886227587270E0,2.198507240811E0,-1.629585336364E0));
#285=CARTESIAN_POINT('',(1.899308274658E0,2.372023340703E0,-1.364759059786E0));
#286=CARTESIAN_POINT('',(1.912405113807E0,2.513931625718E0,-1.081297237033E0));
#287=CARTESIAN_POINT('',(1.925484722593E0,2.621976870240E0,-7.837228857513E-1));
#288=CARTESIAN_POINT('',(1.938568108578E0,2.694976272528E0,-4.755780461262E-1));
#289=CARTESIAN_POINT('',(1.951663910066E0,2.731885310687E0,-1.607600828869E-1));
#290=CARTESIAN_POINT('',(1.964741903016E0,2.732164897300E0,1.557828861037E-1));
#291=CARTESIAN_POINT('',(1.977828709526E0,2.695876654607E0,4.704537802139E-1));
#292=CARTESIAN_POINT('',(1.990922089520E0,2.623400043431E0,7.789705095719E-1));
#293=CARTESIAN_POINT('',(2.003999189537E0,2.515903784342E0,1.076679173013E0));
#294=CARTESIAN_POINT('',(2.017090134509E0,2.374597298474E0,1.360281967105E0));
#295=CARTESIAN_POINT('',(2.030179636347E0,2.201454913600E0,1.625607529601E0));
#296=CARTESIAN_POINT('',(2.043256949365E0,1.999023198918E0,1.868939690287E0));
#297=CARTESIAN_POINT('',(2.056351291441E0,1.769535702480E0,2.087539089860E0));
#298=CARTESIAN_POINT('',(2.069436877251E0,1.516474934246E0,2.278002036191E0));
#299=CARTESIAN_POINT('',(2.082515328693E0,1.243269669455E0,2.437893967643E0));
#300=CARTESIAN_POINT('',(2.095611629773E0,9.530195943621E-1,2.565311372261E0));
#301=CARTESIAN_POINT('',(2.108694036025E0,6.503040004748E-1,2.658211347220E0));
#302=CARTESIAN_POINT('',(2.121774343831E0,3.389393840769E-1,2.715544177749E0));
#303=CARTESIAN_POINT('',(2.134871221397E0,2.263392988110E-2,2.736520740923E0));
#304=CARTESIAN_POINT('',(2.147951169720E0,-2.935663471558E-1,2.720809118468E0));
#305=CARTESIAN_POINT('',(2.161034055607E0,-6.059103882305E-1,2.668696844943E0));
#306=CARTESIAN_POINT('',(2.174130126877E0,-9.104392305084E-1,2.580725522050E0));
#307=CARTESIAN_POINT('',(2.187208336175E0,-1.202361751311E0,2.458316025457E0));
#308=CARTESIAN_POINT('',(2.200294533025E0,-1.478370931254E0,2.302932022908E0));
#309=CARTESIAN_POINT('',(2.213388373285E0,-1.734705918406E0,2.116559126973E0));
#310=CARTESIAN_POINT('',(2.226465719028E0,-1.967499923484E0,1.902090623387E0));
#311=CARTESIAN_POINT('',(2.235192156606E0,-2.105277202262E0,1.741997781007E0));
#312=CARTESIAN_POINT('',(2.239555826880E0,-2.169312182625E0,1.658226433366E0));
#314=CARTESIAN_POINT('',(2.08E0,2.188495487772E0,-2.188495487772E0));
#315=CARTESIAN_POINT('',(2.084227613605E0,2.270372589659E0,-2.106618385886E0));
#316=CARTESIAN_POINT('',(2.092682143647E0,2.424906738119E0,-1.933673659554E0));
#317=CARTESIAN_POINT('',(2.105352020550E0,2.626040650314E0,-1.650216475822E0));
#318=CARTESIAN_POINT('',(2.118039459260E0,2.794407094057E0,-1.345601572147E0));
#319=CARTESIAN_POINT('',(2.130716522118E0,2.927466570422E0,-1.024299826503E0));
#320=CARTESIAN_POINT('',(2.143388676490E0,3.023717048771E0,-6.902612997426E-1));
#321=CARTESIAN_POINT('',(2.156076618866E0,3.082019906128E0,-3.471169433397E-1));
#322=CARTESIAN_POINT('',(2.168750174396E0,3.101490440073E0,4.773896063473E-6));
#323=CARTESIAN_POINT('',(2.181424086312E0,3.082018333542E0,3.471362685073E-1));
#324=CARTESIAN_POINT('',(2.194112305443E0,3.023710610607E0,6.902874418937E-1));
#325=CARTESIAN_POINT('',(2.206783782731E0,2.927463799138E0,1.024307783677E0));
#326=CARTESIAN_POINT('',(2.219461197632E0,2.794398762234E0,1.345617493477E0));
#327=CARTESIAN_POINT('',(2.232147276368E0,2.626050256790E0,1.650199847024E0));
#328=CARTESIAN_POINT('',(2.244817501569E0,2.424913224064E0,1.933666038912E0));
#329=CARTESIAN_POINT('',(2.257498888929E0,2.193119226291E0,2.193076086882E0));
#330=CARTESIAN_POINT('',(2.270181530623E0,1.933687614178E0,2.424897722586E0));
#331=CARTESIAN_POINT('',(2.282851616161E0,1.650224606246E0,2.626032435231E0));
#332=CARTESIAN_POINT('',(2.295535964740E0,1.345687866105E0,2.794365540448E0));
#333=CARTESIAN_POINT('',(2.308215597797E0,1.024324246760E0,2.927459099489E0));
#334=CARTESIAN_POINT('',(2.320886097954E0,6.903299117839E-1,3.023700103607E0));
#335=CARTESIAN_POINT('',(2.333574953653E0,3.471626357949E-1,3.082016505526E0));
#336=CARTESIAN_POINT('',(2.346249535623E0,1.270026876954E-5,3.101490699588E0));
#337=CARTESIAN_POINT('',(2.358923076658E0,-3.471086123777E-1,3.082020695825E0));
#338=CARTESIAN_POINT('',(2.371610993833E0,-6.902525366467E-1,3.023719264293E0));
#339=CARTESIAN_POINT('',(2.384283363979E0,-1.024296825136E0,2.927467506250E0));
#340=CARTESIAN_POINT('',(2.396960139094E0,-1.345591655497E0,2.794411871982E0));
#341=CARTESIAN_POINT('',(2.409647909909E0,-1.650214970926E0,2.626041874273E0));
#342=CARTESIAN_POINT('',(2.422317745709E0,-1.933671264394E0,2.424908583218E0));
#343=CARTESIAN_POINT('',(2.430772351837E0,-2.106617716604E0,2.270373258940E0));
#344=CARTESIAN_POINT('',(2.435E0,-2.188495487772E0,2.188495487772E0));
#346=CARTESIAN_POINT('',(2.527638888889E0,-2.188495487772E0,2.188495487772E0));
#347=CARTESIAN_POINT('',(2.523411279205E0,-2.106618461826E0,2.270372513719E0));
#348=CARTESIAN_POINT('',(2.514956832115E0,-1.933675670723E0,2.424905499982E0));
#349=CARTESIAN_POINT('',(2.502286766536E0,-1.650213779824E0,2.626041543461E0));
#350=CARTESIAN_POINT('',(2.489600441344E0,-1.345626378691E0,2.794394684505E0));
#351=CARTESIAN_POINT('',(2.476923002769E0,-1.024316343738E0,2.927460876734E0));
#352=CARTESIAN_POINT('',(2.464251648249E0,-6.902994682837E-1,3.023707079905E0));
#353=CARTESIAN_POINT('',(2.451564146021E0,-3.471681921250E-1,3.082015156654E0));
#354=CARTESIAN_POINT('',(2.438889083296E0,-5.417825319334E-6,3.101490865115E0));
#355=CARTESIAN_POINT('',(2.426215662293E0,3.471129495686E-1,3.082021382725E0));
#356=CARTESIAN_POINT('',(2.413526063123E0,6.903014370169E-1,3.023708068040E0));
#357=CARTESIAN_POINT('',(2.400855026346E0,1.024309872352E0,2.927462987907E0));
#358=CARTESIAN_POINT('',(2.388176812439E0,1.345639568058E0,2.794389005306E0));
#359=CARTESIAN_POINT('',(2.375490887650E0,1.650216063982E0,2.626038759466E0));
#360=CARTESIAN_POINT('',(2.362821142988E0,1.933672385290E0,2.424910350622E0));
#361=CARTESIAN_POINT('',(2.350137059071E0,2.193133912108E0,2.193062928856E0));
#362=CARTESIAN_POINT('',(2.337455746201E0,2.424923855331E0,1.933651896245E0));
#363=CARTESIAN_POINT('',(2.324785337888E0,2.626063454939E0,1.650181281715E0));
#364=CARTESIAN_POINT('',(2.312098023676E0,2.794423013701E0,1.345566366385E0));
#365=CARTESIAN_POINT('',(2.299422177592E0,2.927467351042E0,1.024294627687E0));
#366=CARTESIAN_POINT('',(2.286750162573E0,3.023718020359E0,6.902601022618E-1));
#367=CARTESIAN_POINT('',(2.274061544505E0,3.082022029025E0,3.470971854753E-1));
#368=CARTESIAN_POINT('',(2.261388419409E0,3.101490931808E0,-1.291879515805E-5));
#369=CARTESIAN_POINT('',(2.248713298420E0,3.082014243276E0,-3.471773291267E-1));
#370=CARTESIAN_POINT('',(2.236025803513E0,3.023704735012E0,-6.903080692154E-1));
#371=CARTESIAN_POINT('',(2.223354674740E0,2.927460577828E0,-1.024319203154E0));
#372=CARTESIAN_POINT('',(2.210676288081E0,2.794382164271E0,-1.345652239659E0));
#373=CARTESIAN_POINT('',(2.197991006910E0,2.626040847419E0,-1.650213538852E0));
#374=CARTESIAN_POINT('',(2.185320768324E0,2.424902690479E0,-1.933679600392E0));
#375=CARTESIAN_POINT('',(2.176866456671E0,2.270371702195E0,-2.106619273349E0));
#376=CARTESIAN_POINT('',(2.172638888889E0,2.188495487772E0,-2.188495487772E0));
#378=CARTESIAN_POINT('',(1.832638888889E0,-2.458898079188E0,1.879586453495E0));
#379=CARTESIAN_POINT('',(1.830972222200E0,-2.431175567103E0,1.915853384229E0));
#380=CARTESIAN_POINT('',(1.827638888838E0,-2.374125552146E0,1.987160382655E0));
#381=CARTESIAN_POINT('',(1.822638888960E0,-2.283903068294E0,2.090230919877E0));
#382=CARTESIAN_POINT('',(1.819305555587E0,-2.220774180144E0,2.156216795401E0));
#383=CARTESIAN_POINT('',(1.817638888889E0,-2.188495487772E0,2.188495487772E0));
#385=CARTESIAN_POINT('',(2.172638888889E0,2.188495487772E0,-2.188495487772E0));
#386=CARTESIAN_POINT('',(2.168440016424E0,2.107175021737E0,-2.269815953808E0));
#387=CARTESIAN_POINT('',(2.160043137488E0,1.935473418724E0,-2.423360885711E0));
#388=CARTESIAN_POINT('',(2.147457049909E0,1.654121550664E0,-2.623476014366E0));
#389=CARTESIAN_POINT('',(2.134860294611E0,1.352010078716E0,-2.791213155599E0));
#390=CARTESIAN_POINT('',(2.122264933096E0,1.033142302914E0,-2.924269917037E0));
#391=CARTESIAN_POINT('',(2.109678694134E0,7.017006088024E-1,-3.020985888100E0));
#392=CARTESIAN_POINT('',(2.097083073883E0,3.613077054458E-1,-3.080301613496E0));
#393=CARTESIAN_POINT('',(2.084487070871E0,1.641776159381E-2,-3.101365348144E0));
#394=CARTESIAN_POINT('',(2.071901320524E0,-3.283954055293E-1,
-3.083975315288E0));
#395=CARTESIAN_POINT('',(2.059303436461E0,-6.694659121359E-1,
-3.028303171710E0));
#396=CARTESIAN_POINT('',(2.046708836876E0,-1.002134289026E0,-2.935039737643E0));
#397=CARTESIAN_POINT('',(2.034122581216E0,-1.322162843506E0,-2.805464844434E0));
#398=CARTESIAN_POINT('',(2.021525723894E0,-1.626056762419E0,-2.640972952545E0));
#399=CARTESIAN_POINT('',(2.008931401813E0,-1.909699356772E0,-2.443722302914E0));
#400=CARTESIAN_POINT('',(1.996345324244E0,-2.169490408465E0,-2.216316881140E0));
#401=CARTESIAN_POINT('',(1.983747889079E0,-2.402596774632E0,-1.961206222023E0));
#402=CARTESIAN_POINT('',(1.971153491361E0,-2.605813732360E0,-1.681804520606E0));
#403=CARTESIAN_POINT('',(1.958567232861E0,-2.776605533082E0,-1.381740945574E0));
#404=CARTESIAN_POINT('',(1.945970671620E0,-2.913088892946E0,-1.064288973776E0));
#405=CARTESIAN_POINT('',(1.933376086434E0,-3.013380124841E0,
-7.336719056358E-1));
#406=CARTESIAN_POINT('',(1.920789829814E0,-3.076258151834E0,
-3.941806720384E-1));
#407=CARTESIAN_POINT('',(1.908193910818E0,-3.101023039279E0,
-4.953885045704E-2));
#408=CARTESIAN_POINT('',(1.895598655384E0,-3.087280315551E0,2.956999463398E-1));
#409=CARTESIAN_POINT('',(1.883012427778E0,-3.035281950623E0,6.370261259974E-1));
#410=CARTESIAN_POINT('',(1.870416958183E0,-2.945596498458E0,9.707015726528E-1));
#411=CARTESIAN_POINT('',(1.857820733016E0,-2.819325216658E0,1.292342067591E0));
#412=CARTESIAN_POINT('',(1.845234558035E0,-2.658207750086E0,1.597706975317E0));
#413=CARTESIAN_POINT('',(1.836837743209E0,-2.528739752026E0,1.788218719456E0));
#414=CARTESIAN_POINT('',(1.832638888889E0,-2.458898079188E0,1.879586453495E0));
#416=DIRECTION('',(1.E0,-3.355636608163E-14,-2.396883291545E-14));
#417=VECTOR('',#416,9.263888888889E-2);
#418=CARTESIAN_POINT('',(2.08E0,2.188495487772E0,-2.188495487772E0));
#419=LINE('',#418,#417);
#420=CARTESIAN_POINT('',(1.725E0,-2.188495487772E0,2.188495487772E0));
#421=CARTESIAN_POINT('',(1.729227646148E0,-2.270373219929E0,2.106617755616E0));
#422=CARTESIAN_POINT('',(1.737682247911E0,-2.424908476290E0,1.933671402216E0));
#423=CARTESIAN_POINT('',(1.750352085744E0,-2.626041799914E0,1.650215065961E0));
#424=CARTESIAN_POINT('',(1.763039838402E0,-2.794411602048E0,1.345592210631E0));
#425=CARTESIAN_POINT('',(1.775716628994E0,-2.927467455490E0,1.024297011605E0));
#426=CARTESIAN_POINT('',(1.788388992322E0,-3.023719154198E0,6.902529020327E-1));
#427=CARTESIAN_POINT('',(1.801076889324E0,-3.082020599232E0,3.471095392629E-1));
#428=CARTESIAN_POINT('',(1.813750423889E0,-3.101490612290E0,
-1.159087513738E-5));
#429=CARTESIAN_POINT('',(1.826424844640E0,-3.082016951369E0,
-3.471571081352E-1));
#430=CARTESIAN_POINT('',(1.839113657220E0,-3.023701756417E0,
-6.903234067241E-1));
#431=CARTESIAN_POINT('',(1.851784296801E0,-2.927459883822E0,-1.024321444207E0));
#432=CARTESIAN_POINT('',(1.864463571989E0,-2.794370969798E0,-1.345676375845E0));
#433=CARTESIAN_POINT('',(1.877148207265E0,-2.626035306288E0,-1.650220683123E0));
#434=CARTESIAN_POINT('',(1.889818318935E0,-2.424900045033E0,-1.933684184798E0));
#435=CARTESIAN_POINT('',(1.902500619708E0,-2.193085608610E0,-2.193109677366E0));
#436=CARTESIAN_POINT('',(1.915182310363E0,-1.933670251199E0,-2.424910228056E0));
#437=CARTESIAN_POINT('',(1.927852470228E0,-1.650205534040E0,-2.626046225331E0));
#438=CARTESIAN_POINT('',(1.940538243990E0,-1.345631350720E0,-2.794392235713E0));
#439=CARTESIAN_POINT('',(1.953216069061E0,-1.024311694955E0,-2.927462622208E0));
#440=CARTESIAN_POINT('',(1.965887343366E0,-6.902967802071E-1,
-3.023708254226E0));
#441=CARTESIAN_POINT('',(1.978575612036E0,-3.471445270934E-1,
-3.082017631502E0));
#442=CARTESIAN_POINT('',(1.991249694848E0,-8.358982367881E-6,
-3.101490427225E0));
#443=CARTESIAN_POINT('',(2.003923081008E0,3.471087345993E-1,-3.082020659470E0));
#444=CARTESIAN_POINT('',(2.016611038698E0,6.902537348273E-1,-3.023719003011E0));
#445=CARTESIAN_POINT('',(2.029283374525E0,1.024297100023E0,-2.927467403127E0));
#446=CARTESIAN_POINT('',(2.041960180862E0,1.345592687983E0,-2.794411380519E0));
#447=CARTESIAN_POINT('',(2.054647916597E0,1.650215114231E0,-2.626041753097E0));
#448=CARTESIAN_POINT('',(2.067317756752E0,1.933671503817E0,-2.424908399964E0));
#449=CARTESIAN_POINT('',(2.075772355230E0,2.106617782317E0,-2.270373193228E0));
#450=CARTESIAN_POINT('',(2.08E0,2.188495487772E0,-2.188495487772E0));
#452=DIRECTION('',(1.E0,-2.876259949854E-14,-1.917506633236E-14));
#453=VECTOR('',#452,9.263888888888E-2);
#454=CARTESIAN_POINT('',(1.725E0,-2.188495487772E0,2.188495487772E0));
#455=LINE('',#454,#453);
#456=DIRECTION('',(5.E-1,6.880349602242E-1,-5.259352560052E-1));
#457=VECTOR('',#456,4.208883462392E-1);
#458=CARTESIAN_POINT('',(1.832638888889E0,-2.458898079188E0,1.879586453495E0));
#459=LINE('',#458,#457);
#460=CARTESIAN_POINT('',(2.043083062009E0,-2.169312182625E0,1.658226433366E0));
#461=CARTESIAN_POINT('',(2.047470642183E0,-2.233698030463E0,1.573996076587E0));
#462=CARTESIAN_POINT('',(2.056244886666E0,-2.352626627625E0,1.398041296466E0));
#463=CARTESIAN_POINT('',(2.069393711490E0,-2.499032439821E0,1.115451303754E0));
#464=CARTESIAN_POINT('',(2.082559377329E0,-2.611766329671E0,8.173871257893E-1));
#465=CARTESIAN_POINT('',(2.095717168077E0,-2.689027086350E0,5.084202737525E-1));
#466=CARTESIAN_POINT('',(2.108866900037E0,-2.729881418517E0,1.927678049121E-1));
#467=CARTESIAN_POINT('',(2.122034840054E0,-2.733784741404E0,
-1.259343961646E-1));
#468=CARTESIAN_POINT('',(2.135189228347E0,-2.700639329784E0,
-4.426024651162E-1));
#469=CARTESIAN_POINT('',(2.148340777439E0,-2.630986380882E0,
-7.532179840294E-1));
#470=CARTESIAN_POINT('',(2.161509504879E0,-2.525561661325E0,-1.054023771231E0));
#471=CARTESIAN_POINT('',(2.174661256251E0,-2.386064753627E0,-1.340165803776E0));
#472=CARTESIAN_POINT('',(2.187815373845E0,-2.214275350388E0,-1.608235779944E0));
#473=CARTESIAN_POINT('',(2.200983444434E0,-2.012268323621E0,-1.854774840716E0));
#474=CARTESIAN_POINT('',(2.214133313122E0,-1.783297379541E0,-2.075862980365E0));
#475=CARTESIAN_POINT('',(2.227290753285E0,-1.530068837421E0,-2.268994130746E0));
#476=CARTESIAN_POINT('',(2.240456723270E0,-1.255921443276E0,-2.431472151173E0));
#477=CARTESIAN_POINT('',(2.253605458729E0,-9.651376239143E-1,
-2.560836022730E0));
#478=CARTESIAN_POINT('',(2.266766994145E0,-6.610056368597E-1,
-2.655658044805E0));
#479=CARTESIAN_POINT('',(2.279929350081E0,-3.478901996428E-1,
-2.714470071971E0));
#480=CARTESIAN_POINT('',(2.293077961916E0,-3.039572348864E-2,
-2.736506517850E0));
#481=CARTESIAN_POINT('',(2.306243394352E0,2.879159744633E-1,-2.721497813792E0));
#482=CARTESIAN_POINT('',(2.319401519764E0,6.021479938093E-1,-2.669602328296E0));
#483=CARTESIAN_POINT('',(2.332551127167E0,9.080350222632E-1,-2.581643453717E0));
#484=CARTESIAN_POINT('',(2.345718923079E0,1.202035388974E0,-2.458566692276E0));
#485=CARTESIAN_POINT('',(2.358873588731E0,1.479453847811E0,-2.302295910160E0));
#486=CARTESIAN_POINT('',(2.372024941667E0,1.736799350346E0,-2.114935815467E0));
#487=CARTESIAN_POINT('',(2.385193657180E0,1.970930749808E0,-1.898647127458E0));
#488=CARTESIAN_POINT('',(2.398345617114E0,2.178067839176E0,-1.656915687206E0));
#489=CARTESIAN_POINT('',(2.411499470032E0,2.355780826673E0,-1.392743156547E0));
#490=CARTESIAN_POINT('',(2.424667660051E0,2.501732583316E0,-1.109391296214E0));
#491=CARTESIAN_POINT('',(2.437817668711E0,2.613612289374E0,-8.114101818107E-1));
#492=CARTESIAN_POINT('',(2.450974775686E0,2.690194730623E0,-5.022915517405E-1));
#493=CARTESIAN_POINT('',(2.464140996214E0,2.730338277240E0,-1.861455941701E-1));
#494=CARTESIAN_POINT('',(2.477289804022E0,2.733481139961E0,1.321019078258E-1));
#495=CARTESIAN_POINT('',(2.490450934104E0,2.699624742012E0,4.488588756569E-1));
#496=CARTESIAN_POINT('',(2.503613685268E0,2.629150970034E0,7.595672168857E-1));
#497=CARTESIAN_POINT('',(2.516762251176E0,2.523191367512E0,1.059667544589E0));
#498=CARTESIAN_POINT('',(2.529927395174E0,2.382917219948E0,1.345790434367E0));
#499=CARTESIAN_POINT('',(2.543085873030E0,2.210407827842E0,1.613523226627E0));
#500=CARTESIAN_POINT('',(2.556235359017E0,2.008127675030E0,1.859255824597E0));
#501=CARTESIAN_POINT('',(2.569402999710E0,1.778348016028E0,2.080124599328E0));
#502=CARTESIAN_POINT('',(2.582557948732E0,1.524689838983E0,2.272591365116E0));
#503=CARTESIAN_POINT('',(2.595709111806E0,1.250489781731E0,2.434275987442E0));
#504=CARTESIAN_POINT('',(2.608877803433E0,9.589667708342E-1,2.563164598046E0));
#505=CARTESIAN_POINT('',(2.622029978171E0,6.548190191283E-1,2.657171604978E0));
#506=CARTESIAN_POINT('',(2.635183572645E0,3.417836364535E-1,2.715256870224E0));
#507=CARTESIAN_POINT('',(2.648351870151E0,2.376269446438E-2,2.736576642692E0));
#508=CARTESIAN_POINT('',(2.661502025018E0,-2.941423839354E-1,2.720815140412E0));
#509=CARTESIAN_POINT('',(2.674658805033E0,-6.082283003564E-1,2.668239546152E0));
#510=CARTESIAN_POINT('',(2.687825264188E0,-9.142944881712E-1,2.579431069902E0));
#511=CARTESIAN_POINT('',(2.700974150479E0,-1.207579777601E0,2.455833767407E0));
#512=CARTESIAN_POINT('',(2.714134881838E0,-1.484783277944E0,2.298883761135E0));
#513=CARTESIAN_POINT('',(2.727298014881E0,-1.741899620426E0,2.110726110360E0));
#514=CARTESIAN_POINT('',(2.740446546345E0,-1.975169661271E0,1.894226215119E0));
#515=CARTESIAN_POINT('',(2.753611388554E0,-2.181973002394E0,1.651799187366E0));
#516=CARTESIAN_POINT('',(2.766770225467E0,-2.359099193235E0,1.387087669523E0));
#517=CARTESIAN_POINT('',(2.779919596171E0,-2.504198592411E0,1.103810135550E0));
#518=CARTESIAN_POINT('',(2.793087069730E0,-2.615554148878E0,8.051814935776E-1));
#519=CARTESIAN_POINT('',(2.806242308349E0,-2.691359603467E0,4.959179747808E-1));
#520=CARTESIAN_POINT('',(2.819393287798E0,-2.730751780268E0,1.800493044815E-1));
#521=CARTESIAN_POINT('',(2.832561943596E0,-2.733166214105E0,
-1.386850000917E-1));
#522=CARTESIAN_POINT('',(2.845714339370E0,-2.698553218960E0,
-4.551475069595E-1));
#523=CARTESIAN_POINT('',(2.858867681635E0,-2.627447103605E0,
-7.654781088091E-1));
#524=CARTESIAN_POINT('',(2.872036074686E0,-2.520620918814E0,-1.065780446874E0));
#525=CARTESIAN_POINT('',(2.885186381997E0,-2.379811793603E0,-1.351240077927E0));
#526=CARTESIAN_POINT('',(2.898342841279E0,-2.206745095211E0,-1.618554739733E0));
#527=CARTESIAN_POINT('',(2.911509527146E0,-2.003609767242E0,-1.864121425630E0));
#528=CARTESIAN_POINT('',(2.924658498052E0,-1.773631443451E0,-2.084130115588E0));
#529=CARTESIAN_POINT('',(2.937818837299E0,-1.519448754995E0,-2.276120220690E0));
#530=CARTESIAN_POINT('',(2.950982338873E0,-1.244596772432E0,-2.437285313184E0));
#531=CARTESIAN_POINT('',(2.964130847374E0,-9.532216400909E-1,
-2.565298192263E0));
#532=CARTESIAN_POINT('',(2.977295374447E0,-6.485807734049E-1,
-2.658719624894E0));
#533=CARTESIAN_POINT('',(2.990454577026E0,-3.352692350388E-1,
-2.716055421447E0));
#534=CARTESIAN_POINT('',(3.003603838581E0,-1.766038740840E-2,
-2.736620892571E0));
#535=CARTESIAN_POINT('',(3.016771133090E0,3.006227712174E-1,-2.720122679506E0));
#536=CARTESIAN_POINT('',(3.029926667535E0,6.145476925867E-1,-2.666773871974E0));
#537=CARTESIAN_POINT('',(3.043077469595E0,9.200508367444E-1,-2.577387868639E0));
#538=CARTESIAN_POINT('',(3.056246077621E0,1.213491096539E0,-2.452931199722E0));
#539=CARTESIAN_POINT('',(3.069398700665E0,1.490136494334E0,-2.295395796465E0));
#540=CARTESIAN_POINT('',(3.082551796956E0,1.746642181084E0,-2.106816358934E0));
#541=CARTESIAN_POINT('',(3.095720273608E0,1.979756317763E0,-1.889440144538E0));
#542=CARTESIAN_POINT('',(3.108870739599E0,2.185744751883E0,-1.646776552683E0));
#543=CARTESIAN_POINT('',(3.122026884375E0,2.362256540541E0,-1.381733254838E0));
#544=CARTESIAN_POINT('',(3.135193785038E0,2.506868650540E0,-1.097730412956E0));
#545=CARTESIAN_POINT('',(3.148342846694E0,2.617356846330E0,-7.992549443219E-1));
#546=CARTESIAN_POINT('',(3.161502800440E0,2.692513004752E0,-4.897155321531E-1));
#547=CARTESIAN_POINT('',(3.174666657196E0,2.731171986670E0,-1.734422932159E-1));
#548=CARTESIAN_POINT('',(3.187815154215E0,2.732840073654E0,1.448088758686E-1));
#549=CARTESIAN_POINT('',(3.200979352804E0,2.697496128896E0,4.614780380067E-1));
#550=CARTESIAN_POINT('',(3.214138927661E0,2.625589647916E0,7.717790400264E-1));
#551=CARTESIAN_POINT('',(3.227288086200E0,2.518235392516E0,1.071398463920E0));
#552=CARTESIAN_POINT('',(3.240455189744E0,2.376604732756E0,1.356905322991E0));
#553=CARTESIAN_POINT('',(3.253611026240E0,2.202884213127E0,1.623777557092E0));
#554=CARTESIAN_POINT('',(3.266761657147E0,1.999447974408E0,1.868589913610E0));
#555=CARTESIAN_POINT('',(3.279930205458E0,1.768622992988E0,2.088397907304E0));
#556=CARTESIAN_POINT('',(3.293083062009E0,1.514112411529E0,2.279651773393E0));
#557=CARTESIAN_POINT('',(3.306235918559E0,1.239128366414E0,2.440080736801E0));
#558=CARTESIAN_POINT('',(3.319404466870E0,9.470095681973E-1,2.567604592875E0));
#559=CARTESIAN_POINT('',(3.332555097777E0,6.424640407637E-1,2.660186528739E0));
#560=CARTESIAN_POINT('',(3.345710934273E0,3.291082322208E-1,2.716823491286E0));
#561=CARTESIAN_POINT('',(3.358878037817E0,1.102002718419E-2,2.736655389268E0));
#562=CARTESIAN_POINT('',(3.372027196356E0,-3.067844561954E-1,2.719420376349E0));
#563=CARTESIAN_POINT('',(3.385186771213E0,-6.206884673753E-1,2.665369237355E0));
#564=CARTESIAN_POINT('',(3.398350969802E0,-9.262838277831E-1,2.575147131541E0));
#565=CARTESIAN_POINT('',(3.411499466821E0,-1.218984597729E0,2.450195747352E0));
#566=CARTESIAN_POINT('',(3.424663323577E0,-1.495517606060E0,2.291915066742E0));
#567=CARTESIAN_POINT('',(3.437823277323E0,-1.751690568608E0,2.102604451366E0));
#568=CARTESIAN_POINT('',(3.450972338979E0,-1.983964031840E0,1.885017032007E0));
#569=CARTESIAN_POINT('',(3.464139239642E0,-2.189664541156E0,1.641588239497E0));
#570=CARTESIAN_POINT('',(3.477295384418E0,-2.365518816689E0,1.376108230750E0));
#571=CARTESIAN_POINT('',(3.490445850409E0,-2.509313950262E0,1.092136729779E0));
#572=CARTESIAN_POINT('',(3.503614327061E0,-2.619281465471E0,7.929682740503E-1));
#573=CARTESIAN_POINT('',(3.516767423352E0,-2.693634635305E0,4.834057153798E-1));
#574=CARTESIAN_POINT('',(3.529920046396E0,-2.731563075485E0,1.673178908346E-1));
#575=CARTESIAN_POINT('',(3.543088654422E0,-2.732488394338E0,
-1.514230577294E-1));
#576=CARTESIAN_POINT('',(3.556239456482E0,-2.696409533433E0,
-4.676829895550E-1));
#577=CARTESIAN_POINT('',(3.569394990927E0,-2.623847570560E0,
-7.777309101508E-1));
#578=CARTESIAN_POINT('',(3.582562285436E0,-2.515628546499E0,-1.077505830600E0));
#579=CARTESIAN_POINT('',(3.595711546991E0,-2.373507605389E0,-1.362286372059E0));
#580=CARTESIAN_POINT('',(3.608870749570E0,-2.199160103775E0,-1.628846801082E0));
#581=CARTESIAN_POINT('',(3.622035276643E0,-1.994913088548E0,-1.873421490084E0));
#582=CARTESIAN_POINT('',(3.635183785144E0,-1.763925735094E0,-2.092354373638E0));
#583=CARTESIAN_POINT('',(3.648347286718E0,-1.508787839742E0,-2.283201049566E0));
#584=CARTESIAN_POINT('',(3.661507625965E0,-1.233252320008E0,-2.443042273702E0));
#585=CARTESIAN_POINT('',(3.674656596871E0,-9.412768535014E-1,
-2.569707896618E0));
#586=CARTESIAN_POINT('',(3.687823282738E0,-6.361527132976E-1,
-2.661719948851E0));
#587=CARTESIAN_POINT('',(3.700979742020E0,-3.226426412542E-1,
-2.717582684522E0));
#588=CARTESIAN_POINT('',(3.714130049331E0,-4.916549420512E-3,
-2.736675648454E0));
#589=CARTESIAN_POINT('',(3.727298442382E0,3.133126300929E-1,-2.718689061502E0));
#590=CARTESIAN_POINT('',(3.740451784647E0,6.269335530913E-1,-2.663888708010E0));
#591=CARTESIAN_POINT('',(3.753604180421E0,9.320549761245E-1,-2.573072988599E0));
#592=CARTESIAN_POINT('',(3.766772836219E0,1.224911651643E0,-2.447246306188E0));
#593=CARTESIAN_POINT('',(3.779923815668E0,1.500787425502E0,-2.288446690736E0));
#594=CARTESIAN_POINT('',(3.793079054287E0,1.756454294724E0,-2.098644575400E0));
#595=CARTESIAN_POINT('',(3.806246527846E0,1.988532593664E0,-1.880198268671E0));
#596=CARTESIAN_POINT('',(3.819395898550E0,2.193375586631E0,-1.636601583293E0));
#597=CARTESIAN_POINT('',(3.832554735463E0,2.368685786856E0,-1.370683910210E0));
#598=CARTESIAN_POINT('',(3.845719577672E0,2.511946856997E0,-1.086053006289E0));
#599=CARTESIAN_POINT('',(3.858868109136E0,2.621046168389E0,-7.870806717006E-1));
#600=CARTESIAN_POINT('',(3.872031242179E0,2.694773752123E0,-4.771188054761E-1));
#601=CARTESIAN_POINT('',(3.885191973538E0,2.731946178141E0,-1.607435602141E-1));
#602=CARTESIAN_POINT('',(3.898340859829E0,2.732139472596E0,1.575212930412E-1));
#603=CARTESIAN_POINT('',(3.911507318984E0,2.695309935498E0,4.740762518942E-1));
#604=CARTESIAN_POINT('',(3.924664098999E0,2.621972832350E0,7.839727270397E-1));
#605=CARTESIAN_POINT('',(3.937814253866E0,2.513221360795E0,1.083113465257E0));
#606=CARTESIAN_POINT('',(3.950982551372E0,2.370245338282E0,1.367981345560E0));
#607=CARTESIAN_POINT('',(3.964136145846E0,2.195314104526E0,1.633996593810E0));
#608=CARTESIAN_POINT('',(3.977288320584E0,1.990718560717E0,1.877889676274E0));
#609=CARTESIAN_POINT('',(3.990457012211E0,1.758866657325E0,2.096619268966E0));
#610=CARTESIAN_POINT('',(4.003608175285E0,1.503502694464E0,2.286663566342E0));
#611=CARTESIAN_POINT('',(4.016763124307E0,1.227731212287E0,2.445836479656E0));
#612=CARTESIAN_POINT('',(4.029930765E0,9.350400033959E-1,2.571985453414E0));
#613=CARTESIAN_POINT('',(4.043080250987E0,6.300945601782E-1,2.663144910343E0));
#614=CARTESIAN_POINT('',(4.056238728843E0,3.164151933059E-1,2.718331803847E0));
#615=CARTESIAN_POINT('',(4.069403872841E0,-1.714798814085E-3,2.736674449328E0));
#616=CARTESIAN_POINT('',(4.082552438749E0,-3.194217257435E-1,2.717967428304E0));
#617=CARTESIAN_POINT('',(4.095715189913E0,-6.331456147003E-1,2.662437730450E0));
#618=CARTESIAN_POINT('',(4.108876319995E0,-9.382450578340E-1,2.570810430200E0));
#619=CARTESIAN_POINT('',(4.122025127803E0,-1.230370548041E0,2.444501095296E0));
#620=CARTESIAN_POINT('',(4.135191348331E0,-1.506210539283E0,2.284901377079E0));
#621=CARTESIAN_POINT('',(4.148348455306E0,-1.761442551776E0,2.094439261259E0));
#622=CARTESIAN_POINT('',(4.161498463966E0,-1.992720734294E0,1.875760923374E0));
#623=CARTESIAN_POINT('',(4.174666653985E0,-2.197301703918E0,1.631349755689E0));
#624=CARTESIAN_POINT('',(4.187820506903E0,-2.371887540941E0,1.365100215989E0));
#625=CARTESIAN_POINT('',(4.200972466837E0,-2.514378030738E0,1.080431420165E0));
#626=CARTESIAN_POINT('',(4.214141182350E0,-2.622948638009E0,7.807470328319E-1));
#627=CARTESIAN_POINT('',(4.227292535286E0,-2.695852209975E0,4.708832208874E-1));
#628=CARTESIAN_POINT('',(4.240447200938E0,-2.732315203723E0,1.545732325310E-1));
#629=CARTESIAN_POINT('',(4.253614996850E0,-2.731751392051E0,
-1.641488830322E-1));
#630=CARTESIAN_POINT('',(4.266764604253E0,-2.694208211395E0,
-4.802092370466E-1));
#631=CARTESIAN_POINT('',(4.279922729665E0,-2.620187561921E0,
-7.899766447070E-1));
#632=CARTESIAN_POINT('',(4.293088162101E0,-2.510584517526E0,-1.089200258263E0));
#633=CARTESIAN_POINT('',(4.306236773936E0,-2.367152059029E0,-1.373304952320E0));
#634=CARTESIAN_POINT('',(4.319399129872E0,-2.191519889195E0,-1.639112161557E0));
#635=CARTESIAN_POINT('',(4.332560665288E0,-1.986179219490E0,-1.882674660283E0));
#636=CARTESIAN_POINT('',(4.345709400747E0,-1.754175894127E0,-2.100538603804E0));
#637=CARTESIAN_POINT('',(4.358875370732E0,-1.498101039613E0,-2.290226689155E0));
#638=CARTESIAN_POINT('',(4.372032810895E0,-1.221883768791E0,-2.448745946948E0));
#639=CARTESIAN_POINT('',(4.385182679583E0,-9.293039700917E-1,
-2.574064421722E0));
#640=CARTESIAN_POINT('',(4.398350750172E0,-6.237210856218E-1,
-2.664659388848E0));
#641=CARTESIAN_POINT('',(4.411504867766E0,-3.100101225736E-1,
-2.719051877772E0));
#642=CARTESIAN_POINT('',(4.424656619138E0,7.836110460509E-3,-2.736670680014E0));
#643=CARTESIAN_POINT('',(4.437825346578E0,3.259858729047E-1,-2.717197062879E0));
#644=CARTESIAN_POINT('',(4.450976895670E0,6.393058980706E-1,-2.660946767675E0));
#645=CARTESIAN_POINT('',(4.464131283963E0,9.440476871536E-1,-2.568698590503E0));
#646=CARTESIAN_POINT('',(4.477299223980E0,1.236297398742E0,-2.441511975731E0));
#647=CARTESIAN_POINT('',(4.490448955940E0,1.511406883583E0,-2.281448460549E0));
#648=CARTESIAN_POINT('',(4.503606746688E0,1.766235952608E0,-2.090419965921E0));
#649=CARTESIAN_POINT('',(4.516772412527E0,1.997259457062E0,-1.870922074139E0));
#650=CARTESIAN_POINT('',(4.529921237351E0,2.200962099051E0,-1.626387824038E0));
#651=CARTESIAN_POINT('',(4.538695481834E0,2.317029182462E0,-1.448532467024E0));
#652=CARTESIAN_POINT('',(4.543083062009E0,2.369700385428E0,-1.356521409084E0));
#654=DIRECTION('',(1.E0,0.E0,0.E0));
#655=VECTOR('',#654,1.964727648719E-1);
#656=CARTESIAN_POINT('',(2.043083062009E0,-2.169312182625E0,1.658226433366E0));
#657=LINE('',#656,#655);
#658=DIRECTION('',(-7.071067811865E-1,6.136719325824E-1,-3.512929819404E-1));
#659=VECTOR('',#658,5.154808434850E-1);
#660=CARTESIAN_POINT('',(4.7195E0,2.369700385428E0,-1.356521409084E0));
#661=LINE('',#660,#659);
#662=CARTESIAN_POINT('',(4.7195E0,0.E0,0.E0));
#663=DIRECTION('',(1.E0,0.E0,0.E0));
#664=DIRECTION('',(0.E0,7.665167248435E-1,-6.422243459534E-1));
#665=AXIS2_PLACEMENT_3D('',#662,#663,#664);
#667=CARTESIAN_POINT('',(4.713195646862E0,1.935212916885E0,-1.935212916885E0));
#668=CARTESIAN_POINT('',(4.713895945143E0,1.953635132607E0,-1.915800329835E0));
#669=CARTESIAN_POINT('',(4.715296664463E0,1.989898918272E0,-1.876445973849E0));
#670=CARTESIAN_POINT('',(4.717398043299E0,2.042505930007E0,-1.815881430443E0));
#671=CARTESIAN_POINT('',(4.718799299247E0,2.076359157173E0,-1.774514913953E0));
#672=CARTESIAN_POINT('',(4.7195E0,2.092973917185E0,-1.753593576626E0));
#674=CARTESIAN_POINT('',(4.355E0,2.719394233723E0,1.477809189847E0));
#675=CARTESIAN_POINT('',(4.357597106969E0,2.663537841108E0,1.575154305110E0));
#676=CARTESIAN_POINT('',(4.362792473818E0,2.541333124583E0,1.763553959578E0));
#677=CARTESIAN_POINT('',(4.370584058763E0,2.329002530343E0,2.023875968545E0));
#678=CARTESIAN_POINT('',(4.378388950560E0,2.089833705375E0,2.259384919735E0));
#679=CARTESIAN_POINT('',(4.386195160044E0,1.827071808992E0,2.466965067637E0));
#680=CARTESIAN_POINT('',(4.394001939628E0,1.543993486691E0,2.644298885670E0));
#681=CARTESIAN_POINT('',(4.401822504175E0,1.243521609635E0,2.789630965154E0));
#682=CARTESIAN_POINT('',(4.409642715929E0,9.298112204546E-1,2.901033935466E0));
#683=CARTESIAN_POINT('',(4.417465011058E0,6.065756817069E-1,2.977420894317E0));
#684=CARTESIAN_POINT('',(4.425302347895E0,2.771500737045E-1,3.018037623550E0));
#685=CARTESIAN_POINT('',(4.433135518345E0,-5.370739473698E-2,3.022404853609E0));
#686=CARTESIAN_POINT('',(4.440974612497E0,-3.824605142484E-1,2.990692686233E0));
#687=CARTESIAN_POINT('',(4.448826324184E0,-7.054488322E-1,2.923270661074E0));
#688=CARTESIAN_POINT('',(4.456674065421E0,-1.018142036250E0,2.821225746531E0));
#689=CARTESIAN_POINT('',(4.464530294967E0,-1.317337900575E0,2.685800113800E0));
#690=CARTESIAN_POINT('',(4.472397205998E0,-1.599521234599E0,2.518598099314E0));
#691=CARTESIAN_POINT('',(4.480259334885E0,-1.860827267971E0,2.322110599536E0));
#692=CARTESIAN_POINT('',(4.485508834408E0,-2.019446194659E0,2.172977417257E0));
#693=CARTESIAN_POINT('',(4.488134665205E0,-2.094355063195E0,2.094355063195E0));
#695=DIRECTION('',(5.E-1,-7.515915521472E-1,4.302442779874E-1));
#696=VECTOR('',#695,4.208883462392E-1);
#697=CARTESIAN_POINT('',(4.332638888889E0,2.686036510858E0,-1.537606211725E0));
#698=LINE('',#697,#696);
#699=DIRECTION('',(1.E0,0.E0,0.E0));
#700=VECTOR('',#699,1.764169379915E-1);
#701=CARTESIAN_POINT('',(4.543083062009E0,2.369700385428E0,-1.356521409084E0));
#702=LINE('',#701,#700);
#703=CARTESIAN_POINT('',(3.947638888889E0,-2.188495487772E0,2.188495487772E0));
#704=CARTESIAN_POINT('',(3.951780038873E0,-2.268698030118E0,2.108292945427E0));
#705=CARTESIAN_POINT('',(3.960061583808E0,-2.420255937719E0,1.939072049118E0));
#706=CARTESIAN_POINT('',(3.972473139678E0,-2.618228689063E0,1.662090197217E0));
#707=CARTESIAN_POINT('',(3.984899423314E0,-2.784828109221E0,1.364715348564E0));
#708=CARTESIAN_POINT('',(3.997318278765E0,-2.917695456204E0,1.051036228467E0));
#709=CARTESIAN_POINT('',(4.009730838228E0,-3.015339909182E0,7.248518040480E-1));
#710=CARTESIAN_POINT('',(4.022159057141E0,-3.076685858647E0,3.895011044730E-1));
#711=CARTESIAN_POINT('',(4.034574778519E0,-3.100828584903E0,4.978521394203E-2));
#712=CARTESIAN_POINT('',(4.046989270244E0,-3.087606259208E0,
-2.904969609585E-1));
#713=CARTESIAN_POINT('',(4.059417860231E0,-3.037061476827E0,
-6.276550701100E-1));
#714=CARTESIAN_POINT('',(4.071831261733E0,-2.949932026968E0,
-9.568281105135E-1));
#715=CARTESIAN_POINT('',(4.084248484278E0,-2.827221798756E0,-1.274570152003E0));
#716=CARTESIAN_POINT('',(4.096675918480E0,-2.670244938939E0,-1.577170537051E0));
#717=CARTESIAN_POINT('',(4.109087800479E0,-2.481259754703E0,-1.860371317934E0));
#718=CARTESIAN_POINT('',(4.121508564854E0,-2.262218546886E0,-2.121340570237E0));
#719=CARTESIAN_POINT('',(4.133933291289E0,-2.015771944274E0,-2.356759609679E0));
#720=CARTESIAN_POINT('',(4.146344535258E0,-1.745293151178E0,-2.563514142226E0));
#721=CARTESIAN_POINT('',(4.158769345995E0,-1.453457461834E0,-2.739558338420E0));
#722=CARTESIAN_POINT('',(4.171190014145E0,-1.144161752573E0,-2.882451190452E0));
#723=CARTESIAN_POINT('',(4.183601922977E0,-8.212965044799E-1,
-2.990509571894E0));
#724=CARTESIAN_POINT('',(4.196029405596E0,-4.881089459922E-1,
-3.062590670382E0));
#725=CARTESIAN_POINT('',(4.208446551526E0,-1.493045111420E-1,
-3.097632480288E0));
#726=CARTESIAN_POINT('',(4.220860001203E0,1.911981771138E-1,-3.095341168542E0));
#727=CARTESIAN_POINT('',(4.233288599550E0,5.298059937650E-1,-3.055651512728E0));
#728=CARTESIAN_POINT('',(4.245703034193E0,8.616340591049E-1,-2.979127940048E0));
#729=CARTESIAN_POINT('',(4.258118821493E0,1.183115083152E0,-2.866696002039E0));
#730=CARTESIAN_POINT('',(4.270547013111E0,1.490620012367E0,-2.719510324861E0));
#731=CARTESIAN_POINT('',(4.282959532784E0,1.779755752957E0,-2.539703480113E0));
#732=CARTESIAN_POINT('',(4.295378481652E0,2.047585321316E0,-2.329186530342E0));
#733=CARTESIAN_POINT('',(4.307804659970E0,2.290827175946E0,-2.090400846362E0));
#734=CARTESIAN_POINT('',(4.320216229269E0,2.506161288208E0,-1.826689604133E0));
#735=CARTESIAN_POINT('',(4.328497749962E0,2.629687480792E0,-1.636042047218E0));
#736=CARTESIAN_POINT('',(4.332638888889E0,2.686036510858E0,-1.537606211725E0));
#738=DIRECTION('',(-1.E0,-1.191593407796E-13,-1.290892858446E-13));
#739=VECTOR('',#738,2.236111111112E-2);
#740=CARTESIAN_POINT('',(4.355E0,2.686036510858E0,-1.537606211725E0));
#741=LINE('',#740,#739);
#742=CARTESIAN_POINT('',(4.355E0,0.E0,0.E0));
#743=DIRECTION('',(-1.E0,0.E0,0.E0));
#744=DIRECTION('',(0.E0,8.786411094419E-1,4.774827753947E-1));
#745=AXIS2_PLACEMENT_3D('',#742,#743,#744);
#747=CARTESIAN_POINT('',(4.355E0,2.719394233723E0,1.477809189847E0));
#748=CARTESIAN_POINT('',(4.350831959395E0,2.773903686698E0,1.377503485212E0));
#749=CARTESIAN_POINT('',(4.342496682816E0,2.871794772661E0,1.170871586070E0));
#750=CARTESIAN_POINT('',(4.330004249994E0,2.983445967056E0,8.468865848034E-1));
#751=CARTESIAN_POINT('',(4.317498094741E0,3.058738512676E0,5.121907794925E-1));
#752=CARTESIAN_POINT('',(4.304997671550E0,3.096572534949E0,1.713814991322E-1));
#753=CARTESIAN_POINT('',(4.292504723286E0,3.096584064221E0,-1.713163355487E-1));
#754=CARTESIAN_POINT('',(4.279996705754E0,3.058714179875E0,-5.123313269055E-1));
#755=CARTESIAN_POINT('',(4.267498842358E0,2.983462503573E0,-8.468031529261E-1));
#756=CARTESIAN_POINT('',(4.255004775076E0,2.871817483271E0,-1.170837435880E0));
#757=CARTESIAN_POINT('',(4.242495838689E0,2.724895854138E0,-1.480928880621E0));
#758=CARTESIAN_POINT('',(4.230000044224E0,2.544809840875E0,-1.772586775792E0));
#759=CARTESIAN_POINT('',(4.217504404142E0,2.333661998635E0,-2.042603419883E0));
#760=CARTESIAN_POINT('',(4.204995411001E0,2.093724189337E0,-2.287906465390E0));
#761=CARTESIAN_POINT('',(4.192501241713E0,1.828478234471E0,-2.504953303660E0));
#762=CARTESIAN_POINT('',(4.180003524479E0,1.540832306644E0,-2.691477533677E0));
#763=CARTESIAN_POINT('',(4.167495392613E0,1.234084916051E0,-2.845209589703E0));
#764=CARTESIAN_POINT('',(4.155002397175E0,9.126292173159E-1,-2.963990585129E0));
#765=CARTESIAN_POINT('',(4.142502115467E0,5.798394777158E-1,-3.046638686386E0));
#766=CARTESIAN_POINT('',(4.129995789159E0,2.397911519512E-1,-3.092032764914E0));
#767=CARTESIAN_POINT('',(4.117503485906E0,-1.028052631722E-1,
-3.099609340026E0));
#768=CARTESIAN_POINT('',(4.105000153737E0,-4.444473637992E-1,
-3.069314227043E0));
#769=CARTESIAN_POINT('',(4.092496599242E0,-7.806560074189E-1,
-3.001453712409E0));
#770=CARTESIAN_POINT('',(4.080004325764E0,-1.107030082993E0,-2.897007006370E0));
#771=CARTESIAN_POINT('',(4.067498150464E0,-1.420230700381E0,-2.757021243017E0));
#772=CARTESIAN_POINT('',(4.054997682989E0,-1.715911496141E0,-2.583366174743E0));
#773=CARTESIAN_POINT('',(4.042504747832E0,-1.990468281335E0,-2.378280508958E0));
#774=CARTESIAN_POINT('',(4.029996709413E0,-2.241006608850E0,-2.143852923255E0));
#775=CARTESIAN_POINT('',(4.017498834703E0,-2.463930665350E0,-1.883393147332E0));
#776=CARTESIAN_POINT('',(4.005004762618E0,-2.656712251579E0,-1.600023811709E0));
#777=CARTESIAN_POINT('',(3.992495784097E0,-2.817211881894E0,-1.296736276051E0));
#778=CARTESIAN_POINT('',(3.980000021886E0,-2.943094780418E0,
-9.779131404883E-1));
#779=CARTESIAN_POINT('',(3.967504333817E0,-3.033050981891E0,
-6.471546425246E-1));
#780=CARTESIAN_POINT('',(3.954995333112E0,-3.085977493096E0,
-3.081226931129E-1));
#781=CARTESIAN_POINT('',(3.942501209081E0,-3.101120640348E0,3.427266604167E-2));
#782=CARTESIAN_POINT('',(3.930003421232E0,-3.078404870384E0,3.763498359183E-1));
#783=CARTESIAN_POINT('',(3.917495330250E0,-3.017986317397E0,7.141017177477E-1));
#784=CARTESIAN_POINT('',(3.905002363983E0,-2.920764847603E0,1.042720237931E0));
#785=CARTESIAN_POINT('',(3.892501987226E0,-2.787811033199E0,1.358797426957E0));
#786=CARTESIAN_POINT('',(3.879995760740E0,-2.620669960779E0,1.658389567335E0));
#787=CARTESIAN_POINT('',(3.867503338146E0,-2.421702897851E0,1.937395285174E0));
#788=CARTESIAN_POINT('',(3.859168046956E0,-2.269218949551E0,2.107772025994E0));
#789=CARTESIAN_POINT('',(3.855E0,-2.188495487772E0,2.188495487772E0));
#791=DIRECTION('',(1.E0,-1.438129974927E-14,-1.438129974927E-14));
#792=VECTOR('',#791,9.263888888888E-2);
#793=CARTESIAN_POINT('',(3.855E0,-2.188495487772E0,2.188495487772E0));
#794=LINE('',#793,#792);
#795=CARTESIAN_POINT('',(2.239555826880E0,-2.169312182625E0,1.658226433366E0));
#796=CARTESIAN_POINT('',(2.243954496107E0,-2.233860757526E0,1.573783195044E0));
#797=CARTESIAN_POINT('',(2.252750856032E0,-2.353064804112E0,1.397366177302E0));
#798=CARTESIAN_POINT('',(2.265933550531E0,-2.499722079929E0,1.113980264061E0));
#799=CARTESIAN_POINT('',(2.279131129054E0,-2.612511159326E0,8.151082045010E-1));
#800=CARTESIAN_POINT('',(2.292323670792E0,-2.689659141949E0,5.052434422354E-1));
#801=CARTESIAN_POINT('',(2.305506623088E0,-2.730192705346E0,1.887362488305E-1));
#802=CARTESIAN_POINT('',(2.318706089643E0,-2.733591265841E0,
-1.307376593869E-1));
#803=CARTESIAN_POINT('',(2.331896299311E0,-2.699748092471E0,
-4.482066499407E-1));
#804=CARTESIAN_POINT('',(2.345079981182E0,-2.629230770645E0,
-7.594273722286E-1));
#805=CARTESIAN_POINT('',(2.358280703652E0,-2.522799699431E0,-1.060702999730E0));
#806=CARTESIAN_POINT('',(2.371468894987E0,-2.382110493720E0,-1.347246645295E0));
#807=CARTESIAN_POINT('',(2.384653604672E0,-2.209085413498E0,-1.615405604433E0));
#808=CARTESIAN_POINT('',(2.397854997438E0,-2.005735503285E0,-1.861888403229E0));
#809=CARTESIAN_POINT('',(2.411041471720E0,-1.775305408590E0,-2.082741621273E0));
#810=CARTESIAN_POINT('',(2.424227510795E0,-1.520755058598E0,-2.275281398787E0));
#811=CARTESIAN_POINT('',(2.437428987346E0,-1.245177864886E0,-2.437032639399E0));
#812=CARTESIAN_POINT('',(2.450614046092E0,-9.529935732697E-1,
-2.565409577434E0));
#813=CARTESIAN_POINT('',(2.463801716070E0,-6.477976137625E-1,
-2.658940750022E0));
#814=CARTESIAN_POINT('',(2.477002689911E0,-3.334630912024E-1,
-2.716319116099E0));
#815=CARTESIAN_POINT('',(2.490186634633E0,-1.499585558883E-2,
-2.736658973933E0));
#816=CARTESIAN_POINT('',(2.503376237030E0,3.038117621487E-1,-2.719799781284E0));
#817=CARTESIAN_POINT('',(2.516576121659E0,6.187260341333E-1,-2.665849761199E0));
#818=CARTESIAN_POINT('',(2.529759253896E0,9.248236458600E-1,-2.575701005740E0));
#819=CARTESIAN_POINT('',(2.542951090139E0,1.218545030266E0,-2.450461943639E0));
#820=CARTESIAN_POINT('',(2.556149299381E0,1.495797235630E0,-2.291758201736E0));
#821=CARTESIAN_POINT('',(2.569331919453E0,1.752379155693E0,-2.102073284977E0));
#822=CARTESIAN_POINT('',(2.582526295502E0,1.985346335227E0,-1.883618143121E0));
#823=CARTESIAN_POINT('',(2.595722226268E0,2.191280704475E0,-1.639463612575E0));
#824=CARTESIAN_POINT('',(2.608904697617E0,2.367212343115E0,-1.373267401257E0));
#825=CARTESIAN_POINT('',(2.622101683874E0,2.511113116123E0,-1.088084482009E0));
#826=CARTESIAN_POINT('',(2.635294932589E0,2.620754069308E0,-7.881548527368E-1));
#827=CARTESIAN_POINT('',(2.648477735757E0,2.694684780251E0,-4.777491190015E-1));
#828=CARTESIAN_POINT('',(2.661676734699E0,2.732008114397E0,-1.604561016870E-1));
#829=CARTESIAN_POINT('',(2.674867576696E0,2.732088022095E0,1.588269881044E-1));
#830=CARTESIAN_POINT('',(2.688051020211E0,2.695036524430E0,4.757726259351E-1));
#831=CARTESIAN_POINT('',(2.701251443464E0,2.621221311931E0,7.866443965222E-1));
#832=CARTESIAN_POINT('',(2.714440180761E0,2.511769250791E0,1.086526707203E0));
#833=CARTESIAN_POINT('',(2.727624566002E0,2.368218218832E0,1.371544241885E0));
#834=CARTESIAN_POINT('',(2.740825827105E0,2.192210941851E0,1.638235741007E0));
#835=CARTESIAN_POINT('',(2.754012761205E0,1.986543436533E0,1.882330305769E0));
#836=CARTESIAN_POINT('',(2.767198389689E0,1.753898211744E0,2.100818980693E0));
#837=CARTESIAN_POINT('',(2.780399902148E0,1.497067021816E0,2.290936179982E0));
#838=CARTESIAN_POINT('',(2.793585334565E0,1.220168514548E0,2.449634915767E0));
#839=CARTESIAN_POINT('',(2.806772507805E0,9.266488113859E-1,2.575058834688E0));
#840=CARTESIAN_POINT('',(2.819973685123E0,6.201856611853E-1,2.665513007594E0));
#841=CARTESIAN_POINT('',(2.833157917372E0,3.056752040059E-1,2.719575037007E0));
#842=CARTESIAN_POINT('',(2.846346936882E0,-1.310497024712E-2,2.736684030788E0));
#843=CARTESIAN_POINT('',(2.859547192563E0,-3.319778940540E-1,2.716499702351E0));
#844=CARTESIAN_POINT('',(2.872730526163E0,-6.459256773309E-1,2.659381899540E0));
#845=CARTESIAN_POINT('',(2.885921693429E0,-9.512757649983E-1,2.566064955661E0));
#846=CARTESIAN_POINT('',(2.899120441081E0,-1.243833301727E0,2.437713535611E0));
#847=CARTESIAN_POINT('',(2.912303177164E0,-1.519118410894E0,2.276361298742E0));
#848=CARTESIAN_POINT('',(2.925496795128E0,-1.773963693130E0,2.083907371664E0));
#849=CARTESIAN_POINT('',(2.938693442926E0,-2.004687185519E0,1.863004310733E0));
#850=CARTESIAN_POINT('',(2.951875902889E0,-2.207904718402E0,1.617006701096E0));
#851=CARTESIAN_POINT('',(2.965072198857E0,-2.381283601874E0,1.348742257925E0));
#852=CARTESIAN_POINT('',(2.978266192599E0,-2.522180265147E0,1.062143978553E0));
#853=CARTESIAN_POINT('',(2.991448867651E0,-2.628670518608E0,7.613528192395E-1));
#854=CARTESIAN_POINT('',(3.004647352068E0,-2.699493436116E0,4.498338984681E-1));
#855=CARTESIAN_POINT('',(3.017838850750E0,-2.733498943825E0,1.323508611201E-1));
#856=CARTESIAN_POINT('',(3.031022080591E0,-2.730331389100E0,
-1.867322299690E-1));
#857=CARTESIAN_POINT('',(3.044222156731E0,-2.689966419545E0,
-5.036789729551E-1));
#858=CARTESIAN_POINT('',(3.057411464607E0,-2.612993224287E0,
-8.135065102942E-1));
#859=CARTESIAN_POINT('',(3.070595550016E0,-2.500539520672E0,-1.112155848624E0));
#860=CARTESIAN_POINT('',(3.083796631580E0,-2.353867584589E0,-1.396035189593E0));
#861=CARTESIAN_POINT('',(3.096984050113E0,-2.175292568553E0,-1.660609811920E0));
#862=CARTESIAN_POINT('',(3.110169292618E0,-1.967184275189E0,-1.902572775824E0));
#863=CARTESIAN_POINT('',(3.123370793107E0,-1.732007870558E0,-2.118902808274E0));
#864=CARTESIAN_POINT('',(3.136556623810E0,-1.473530349448E0,-2.306128868460E0));
#865=CARTESIAN_POINT('',(3.149743324924E0,-1.195008259808E0,-2.462023460522E0));
#866=CARTESIAN_POINT('',(3.162944657843E0,-8.998875965356E-1,
-2.584529882602E0));
#867=CARTESIAN_POINT('',(3.176129202230E0,-5.928940107113E-1,
-2.671703791929E0));
#868=CARTESIAN_POINT('',(3.189317663468E0,-2.777494994173E-1,
-2.722584269753E0));
#869=CARTESIAN_POINT('',(3.202518242321E0,4.147078289198E-2,-2.736396007148E0));
#870=CARTESIAN_POINT('',(3.215701801906E0,3.597155735615E-1,-2.712956808656E0));
#871=CARTESIAN_POINT('',(3.228892324781E0,6.732369022797E-1,-2.652614955308E0));
#872=CARTESIAN_POINT('',(3.242091563072E0,9.777874541857E-1,-2.556071921817E0));
#873=CARTESIAN_POINT('',(3.255274439376E0,1.268660405580E0,-2.424879226119E0));
#874=CARTESIAN_POINT('',(3.268467325371E0,1.542496609964E0,-2.260601886735E0));
#875=CARTESIAN_POINT('',(3.281664636717E0,1.795398533221E0,-2.065454817059E0));
#876=CARTESIAN_POINT('',(3.294847130836E0,2.023602299532E0,-1.842439671855E0));
#877=CARTESIAN_POINT('',(3.308042683029E0,2.224492495025E0,-1.594130040144E0));
#878=CARTESIAN_POINT('',(3.321237447914E0,2.395053560645E0,-1.324109130439E0));
#879=CARTESIAN_POINT('',(3.334420019060E0,2.532897435875E0,-1.036336715203E0));
#880=CARTESIAN_POINT('',(3.347617941184E0,2.636415137741E0,-7.341194042725E-1));
#881=CARTESIAN_POINT('',(3.360810121134E0,2.703964849887E0,-4.220305919524E-1));
#882=CARTESIAN_POINT('',(3.373993161922E0,2.734715963087E0,-1.044215495145E-1));
#883=CARTESIAN_POINT('',(3.387192843070E0,2.728256504427E0,2.150103339665E-1));
#884=CARTESIAN_POINT('',(3.400382746140E0,2.684636480346E0,5.312767914631E-1));
#885=CARTESIAN_POINT('',(3.413566556330E0,2.604551445852E0,8.401770984391E-1));
#886=CARTESIAN_POINT('',(3.426767410478E0,2.488875059868E0,1.138028721346E0));
#887=CARTESIAN_POINT('',(3.439955338056E0,2.339416052365E0,1.420090135055E0));
#888=CARTESIAN_POINT('',(3.453140219195E0,2.158198691505E0,1.682787342198E0));
#889=CARTESIAN_POINT('',(3.466341659838E0,1.947340441049E0,1.922880023673E0));
#890=CARTESIAN_POINT('',(3.479527913440E0,1.710210882819E0,2.136516009705E0));
#891=CARTESIAN_POINT('',(3.492714167042E0,1.449837799590E0,2.321114545573E0));
#892=CARTESIAN_POINT('',(3.505915607685E0,1.169402275776E0,2.474286391768E0));
#893=CARTESIAN_POINT('',(3.519100488824E0,8.734007985999E-1,2.593587188191E0));
#894=CARTESIAN_POINT('',(3.532288416402E0,5.654586920253E-1,2.677660341016E0));
#895=CARTESIAN_POINT('',(3.545489270550E0,2.495064556759E-1,2.725313251611E0));
#896=CARTESIAN_POINT('',(3.558673080740E0,-6.943340705135E-2,2.735819267192E0));
#897=CARTESIAN_POINT('',(3.571862983810E0,-3.875764273793E-1,2.709132243100E0));
#898=CARTESIAN_POINT('',(3.585062664959E0,-7.006715166498E-1,2.645493278109E0));
#899=CARTESIAN_POINT('',(3.598245705746E0,-1.003840500774E0,2.545945792623E0));
#900=CARTESIAN_POINT('',(3.611437885697E0,-1.293565913351E0,2.411701330193E0));
#901=CARTESIAN_POINT('',(3.624635807820E0,-1.565783935619E0,2.244523084064E0));
#902=CARTESIAN_POINT('',(3.637818378967E0,-1.816391634739E0,2.047014405646E0));
#903=CARTESIAN_POINT('',(3.651013143852E0,-2.042514934261E0,1.821469239002E0));
#904=CARTESIAN_POINT('',(3.664208696045E0,-2.240813028426E0,1.571084715326E0));
#905=CARTESIAN_POINT('',(3.677391190163E0,-2.408449932831E0,1.299587786742E0));
#906=CARTESIAN_POINT('',(3.690588501509E0,-2.543487169388E0,1.010093907129E0));
#907=CARTESIAN_POINT('',(3.703781387504E0,-2.643820044632E0,7.069328522236E-1));
#908=CARTESIAN_POINT('',(3.716964263808E0,-2.708140781246E0,3.943925506639E-1));
#909=CARTESIAN_POINT('',(3.730163502100E0,-2.735657843380E0,7.609330895365E-2));
#910=CARTESIAN_POINT('',(3.743354024974E0,-2.725887950839E0,
-2.430325471383E-1));
#911=CARTESIAN_POINT('',(3.756537584559E0,-2.679076627589E0,
-5.586871730030E-1));
#912=CARTESIAN_POINT('',(3.769738163413E0,-2.595704686175E0,
-8.671372858453E-1));
#913=CARTESIAN_POINT('',(3.782926624650E0,-2.477055907731E0,-1.163494086672E0));
#914=CARTESIAN_POINT('',(3.796111169037E0,-2.324779069516E0,-1.443951065098E0));
#915=CARTESIAN_POINT('',(3.809312501956E0,-2.140626728627E0,-1.705086939091E0));
#916=CARTESIAN_POINT('',(3.822499203071E0,-1.927530759575E0,-1.942716453727E0));
#917=CARTESIAN_POINT('',(3.835685033774E0,-1.688252480509E0,-2.153927560676E0));
#918=CARTESIAN_POINT('',(3.848886534263E0,-1.425678378558E0,-2.336030458014E0));
#919=CARTESIAN_POINT('',(3.862071776768E0,-1.144020076360E0,-2.486109565392E0));
#920=CARTESIAN_POINT('',(3.875259195300E0,-8.467652987189E-1,
-2.602421062250E0));
#921=CARTESIAN_POINT('',(3.888460276864E0,-5.376596249345E-1,
-2.683376726027E0));
#922=CARTESIAN_POINT('',(3.901644362273E0,-2.216346572303E-1,
-2.727710488885E0));
#923=CARTESIAN_POINT('',(3.914833670150E0,9.752857888558E-2,-2.734977152076E0));
#924=CARTESIAN_POINT('',(3.928033746290E0,4.156226620221E-1,-2.704965105658E0));
#925=CARTESIAN_POINT('',(3.941216976131E0,7.276566387641E-1,-2.638190486374E0));
#926=CARTESIAN_POINT('',(3.954408474812E0,1.029990104576E0,-2.535495165115E0));
#927=CARTESIAN_POINT('',(3.967606959230E0,1.318442764696E0,-2.398181704330E0));
#928=CARTESIAN_POINT('',(3.980789634281E0,1.588618382001E0,-2.228415301832E0));
#929=CARTESIAN_POINT('',(3.993983628023E0,1.837412008366E0,-2.028184997080E0));
#930=CARTESIAN_POINT('',(4.007179923991E0,2.061204483180E0,-1.800274977731E0));
#931=CARTESIAN_POINT('',(4.020362383955E0,2.256737071740E0,-1.548125822608E0));
#932=CARTESIAN_POINT('',(4.033559031753E0,2.421761432024E0,-1.274632764595E0));
#933=CARTESIAN_POINT('',(4.046752649717E0,2.553745365048E0,-9.838323633749E-1));
#934=CARTESIAN_POINT('',(4.059935385800E0,2.650906869389E0,-6.798980320694E-1));
#935=CARTESIAN_POINT('',(4.073134133451E0,2.712086424091E0,-3.663361380011E-1));
#936=CARTESIAN_POINT('',(4.086325300717E0,2.736280615350E0,-4.796313480701E-2));
#937=CARTESIAN_POINT('',(4.099508634318E0,2.723271530077E0,2.708729009901E-1));
#938=CARTESIAN_POINT('',(4.112708889999E0,2.673146783591E0,5.864277431987E-1));
#939=CARTESIAN_POINT('',(4.125897909509E0,2.586653959469E0,8.937264717030E-1));
#940=CARTESIAN_POINT('',(4.139082141757E0,2.465039661240E0,1.188767982623E0));
#941=CARTESIAN_POINT('',(4.152283319076E0,2.309678298593E0,1.467989161661E0));
#942=CARTESIAN_POINT('',(4.165470492315E0,2.123029795617E0,1.726924118588E0));
#943=CARTESIAN_POINT('',(4.178655924733E0,1.907553220333E0,1.962355462233E0));
#944=CARTESIAN_POINT('',(4.191857437191E0,1.665814431629E0,2.171327153190E0));
#945=CARTESIAN_POINT('',(4.205043065675E0,1.401688285714E0,2.350487641946E0));
#946=CARTESIAN_POINT('',(4.218229999775E0,1.118484533125E0,2.497718460084E0));
#947=CARTESIAN_POINT('',(4.231431260879E0,8.197264686179E-1,2.611061021138E0));
#948=CARTESIAN_POINT('',(4.244615646120E0,5.101935620156E-1,2.688722295806E0));
#949=CARTESIAN_POINT('',(4.257804383417E0,1.936227695833E-1,2.729857284878E0));
#950=CARTESIAN_POINT('',(4.271004806669E0,-1.258679002636E-1,2.733813953305E0));
#951=CARTESIAN_POINT('',(4.284188250184E0,-4.432353989029E-1,2.700569079617E0));
#952=CARTESIAN_POINT('',(4.297379092181E0,-7.547534683457E-1,2.630582007792E0));
#953=CARTESIAN_POINT('',(4.310578091124E0,-1.056175065416E0,2.524690974519E0));
#954=CARTESIAN_POINT('',(4.323760894291E0,-1.342861078874E0,2.384588871595E0));
#955=CARTESIAN_POINT('',(4.336954143006E0,-1.611506205351E0,2.211936859874E0));
#956=CARTESIAN_POINT('',(4.350151129264E0,-1.858261046527E0,2.009085243516E0));
#957=CARTESIAN_POINT('',(4.363333600612E0,-2.079476533613E0,1.779137265338E0));
#958=CARTESIAN_POINT('',(4.376529531378E0,-2.272615897146E0,1.524740753024E0));
#959=CARTESIAN_POINT('',(4.389723907427E0,-2.434760468180E0,1.249594439533E0));
#960=CARTESIAN_POINT('',(4.402906527500E0,-2.563662333845E0,9.577058334217E-1));
#961=CARTESIAN_POINT('',(4.416104736742E0,-2.657808901475E0,6.524320433967E-1));
#962=CARTESIAN_POINT('',(4.429296572985E0,-2.715696788765E0,3.384160138082E-1));
#963=CARTESIAN_POINT('',(4.442479705221E0,-2.736635993644E0,2.000732090768E-2));
#964=CARTESIAN_POINT('',(4.455679589850E0,-2.720324374112E0,
-2.990781448145E-1));
#965=CARTESIAN_POINT('',(4.468869192247E0,-2.666969476694E0,
-6.138412055852E-1));
#966=CARTESIAN_POINT('',(4.482053136970E0,-2.577392706593E0,
-9.201271703865E-1));
#967=CARTESIAN_POINT('',(4.495254110810E0,-2.452581065879E0,-1.214270882387E0));
#968=CARTESIAN_POINT('',(4.508441780789E0,-2.294494827724E0,-1.491581890555E0));
#969=CARTESIAN_POINT('',(4.521626839534E0,-2.105257358770E0,-1.748567257512E0));
#970=CARTESIAN_POINT('',(4.534828316085E0,-1.887091659006E0,-1.982040984043E0));
#971=CARTESIAN_POINT('',(4.548014355161E0,-1.643488481542E0,-2.188256741287E0));
#972=CARTESIAN_POINT('',(4.561200829442E0,-1.377540186134E0,-2.364738118863E0));
#973=CARTESIAN_POINT('',(4.574402222208E0,-1.092513603385E0,-2.509184659882E0));
#974=CARTESIAN_POINT('',(4.587586931893E0,-7.929766586501E-1,
-2.619296078413E0));
#975=CARTESIAN_POINT('',(4.600775123229E0,-4.825812882352E-1,
-2.693830818246E0));
#976=CARTESIAN_POINT('',(4.613975845698E0,-1.653124536740E-1,
-2.731713047093E0));
#977=CARTESIAN_POINT('',(4.627159527570E0,1.537966058794E-1,-2.732375444164E0));
#978=CARTESIAN_POINT('',(4.640349737237E0,4.709722744806E-1,-2.695885505902E0));
#979=CARTESIAN_POINT('',(4.653549203792E0,7.819498915167E-1,-2.622618528705E0));
#980=CARTESIAN_POINT('',(4.666732156088E0,1.081901832476E0,-2.513767224839E0));
#981=CARTESIAN_POINT('',(4.679924697827E0,1.367355558842E0,-2.370644367752E0));
#982=CARTESIAN_POINT('',(4.693122276350E0,1.634279475282E0,-2.195152182031E0));
#983=CARTESIAN_POINT('',(4.706304970848E0,1.878677361310E0,-1.990004416558E0));
#984=CARTESIAN_POINT('',(4.715101330773E0,2.024713054826E0,-1.835065250784E0));
#985=CARTESIAN_POINT('',(4.7195E0,2.092973917185E0,-1.753593576626E0));
#987=DIRECTION('',(5.E-1,-6.880349602242E-1,5.259352560052E-1));
#988=VECTOR('',#987,4.208883462392E-1);
#989=CARTESIAN_POINT('',(2.239555826880E0,-2.169312182625E0,1.658226433366E0));
#990=LINE('',#989,#988);
#991=CARTESIAN_POINT('',(3.237638888889E0,-2.188495487772E0,2.188495487772E0));
#992=CARTESIAN_POINT('',(3.233411353985E0,-2.106619910114E0,2.270371065431E0));
#993=CARTESIAN_POINT('',(3.224957046050E0,-1.933680268810E0,2.424901878509E0));
#994=CARTESIAN_POINT('',(3.212286937994E0,-1.650217622055E0,2.626038761002E0));
#995=CARTESIAN_POINT('',(3.199600979093E0,-1.345639748996E0,2.794388487588E0));
#996=CARTESIAN_POINT('',(3.186922835034E0,-1.024312192523E0,2.927462841080E0));
#997=CARTESIAN_POINT('',(3.174251420417E0,-6.902933696114E-1,3.023708685218E0));
#998=CARTESIAN_POINT('',(3.161563647709E0,-3.471546181822E-1,3.082016385734E0));
#999=CARTESIAN_POINT('',(3.148889193014E0,-8.346918287702E-6,3.101490817544E0));
#1000=CARTESIAN_POINT('',(3.136215716960E0,3.471112227062E-1,3.082020343933E0));
#1001=CARTESIAN_POINT('',(3.123527768619E0,6.902559169313E-1,3.023718506578E0));
#1002=CARTESIAN_POINT('',(3.110855578313E0,1.024295316509E0,2.927467551257E0));
#1003=CARTESIAN_POINT('',(3.098179543535E0,1.345571535834E0,2.794420418213E0));
#1004=CARTESIAN_POINT('',(3.085492423956E0,1.650181632999E0,2.626063178634E0));
#1005=CARTESIAN_POINT('',(3.072821971365E0,1.933653079467E0,2.424922681409E0));
#1006=CARTESIAN_POINT('',(3.060141146871E0,2.193054174672E0,2.193141810695E0));
#1007=CARTESIAN_POINT('',(3.047457283487E0,2.424899616762E0,1.933686531007E0));
#1008=CARTESIAN_POINT('',(3.034787358434E0,2.626030829519E0,1.650226344464E0));
#1009=CARTESIAN_POINT('',(3.022103082734E0,2.794363852012E0,1.345691890253E0));
#1010=CARTESIAN_POINT('',(3.009423232525E0,2.927459597980E0,1.024322735192E0));
#1011=CARTESIAN_POINT('',(2.996752814589E0,3.023700268735E0,6.903305888572E-1));
#1012=CARTESIAN_POINT('',(2.984063460260E0,3.082018022039E0,3.471497186135E-1));
#1013=CARTESIAN_POINT('',(2.971389140350E0,3.101490874460E0,6.830661314239E-6));
#1014=CARTESIAN_POINT('',(2.958714940125E0,3.082018480066E0,
-3.471324389778E-1));
#1015=CARTESIAN_POINT('',(2.946027203290E0,3.023714483288E0,
-6.902709288216E-1));
#1016=CARTESIAN_POINT('',(2.933355248974E0,2.927464983114E0,-1.024303973349E0));
#1017=CARTESIAN_POINT('',(2.920678318427E0,2.794406601614E0,-1.345602240823E0));
#1018=CARTESIAN_POINT('',(2.907991004354E0,2.626041997024E0,-1.650214244364E0));
#1019=CARTESIAN_POINT('',(2.895321093968E0,2.424907838381E0,-1.933672376671E0));
#1020=CARTESIAN_POINT('',(2.886866530105E0,2.270373124408E0,-2.106617851137E0));
#1021=CARTESIAN_POINT('',(2.882638888889E0,2.188495487772E0,-2.188495487772E0));
#1023=CARTESIAN_POINT('',(2.79E0,2.188495487772E0,-2.188495487772E0));
#1024=CARTESIAN_POINT('',(2.794227567782E0,2.270371702196E0,-2.106619273349E0));
#1025=CARTESIAN_POINT('',(2.802681879435E0,2.424902690479E0,-1.933679600392E0));
#1026=CARTESIAN_POINT('',(2.815352118021E0,2.626040847419E0,-1.650213538852E0));
#1027=CARTESIAN_POINT('',(2.828037399192E0,2.794382164271E0,-1.345652239659E0));
#1028=CARTESIAN_POINT('',(2.840715785851E0,2.927460577828E0,-1.024319203154E0));
#1029=CARTESIAN_POINT('',(2.853386914624E0,3.023704735012E0,
-6.903080692154E-1));
#1030=CARTESIAN_POINT('',(2.866074409531E0,3.082014243276E0,
-3.471773291267E-1));
#1031=CARTESIAN_POINT('',(2.878749530520E0,3.101490931808E0,
-1.291879516166E-5));
#1032=CARTESIAN_POINT('',(2.891422655616E0,3.082022029025E0,3.470971854753E-1));
#1033=CARTESIAN_POINT('',(2.904111273684E0,3.023718020359E0,6.902601022618E-1));
#1034=CARTESIAN_POINT('',(2.916783288703E0,2.927467351042E0,1.024294627687E0));
#1035=CARTESIAN_POINT('',(2.929459134787E0,2.794423013701E0,1.345566366385E0));
#1036=CARTESIAN_POINT('',(2.942146448999E0,2.626063454939E0,1.650181281715E0));
#1037=CARTESIAN_POINT('',(2.954816857312E0,2.424923855331E0,1.933651896245E0));
#1038=CARTESIAN_POINT('',(2.967498170182E0,2.193133912108E0,2.193062928856E0));
#1039=CARTESIAN_POINT('',(2.980182254099E0,1.933672385290E0,2.424910350622E0));
#1040=CARTESIAN_POINT('',(2.992851998761E0,1.650216063982E0,2.626038759466E0));
#1041=CARTESIAN_POINT('',(3.005537923550E0,1.345639568058E0,2.794389005306E0));
#1042=CARTESIAN_POINT('',(3.018216137458E0,1.024309872352E0,2.927462987907E0));
#1043=CARTESIAN_POINT('',(3.030887174235E0,6.903014370170E-1,3.023708068040E0));
#1044=CARTESIAN_POINT('',(3.043576773404E0,3.471129495686E-1,3.082021382725E0));
#1045=CARTESIAN_POINT('',(3.056250194407E0,-5.417825318710E-6,
3.101490865115E0));
#1046=CARTESIAN_POINT('',(3.068925257132E0,-3.471681921250E-1,
3.082015156654E0));
#1047=CARTESIAN_POINT('',(3.081612759360E0,-6.902994682837E-1,
3.023707079905E0));
#1048=CARTESIAN_POINT('',(3.094284113880E0,-1.024316343738E0,2.927460876734E0));
#1049=CARTESIAN_POINT('',(3.106961552455E0,-1.345626378691E0,2.794394684505E0));
#1050=CARTESIAN_POINT('',(3.119647877648E0,-1.650213779824E0,2.626041543461E0));
#1051=CARTESIAN_POINT('',(3.132317943226E0,-1.933675670723E0,2.424905499982E0));
#1052=CARTESIAN_POINT('',(3.140772390316E0,-2.106618461826E0,2.270372513719E0));
#1053=CARTESIAN_POINT('',(3.145E0,-2.188495487772E0,2.188495487772E0));
#1055=CARTESIAN_POINT('',(3.592638888889E0,2.188495487772E0,-2.188495487772E0));
#1056=CARTESIAN_POINT('',(3.588411255935E0,2.106618011148E0,-2.270372964397E0));
#1057=CARTESIAN_POINT('',(3.579956683226E0,1.933672316817E0,-2.424907772086E0));
#1058=CARTESIAN_POINT('',(3.567286829888E0,1.650215644568E0,-2.626041328137E0));
#1059=CARTESIAN_POINT('',(3.554599203901E0,1.345595999970E0,-2.794409783245E0));
#1060=CARTESIAN_POINT('',(3.541922302417E0,1.024298128192E0,-2.927467087131E0));
#1061=CARTESIAN_POINT('',(3.529250035596E0,6.902566039258E-1,
-3.023718262486E0));
#1062=CARTESIAN_POINT('',(3.516562083278E0,3.471118356371E-1,
-3.082020375497E0));
#1063=CARTESIAN_POINT('',(3.503888633558E0,-6.992846500159E-6,
-3.101490429281E0));
#1064=CARTESIAN_POINT('',(3.491214618217E0,-3.471413163247E-1,
-3.082017907291E0));
#1065=CARTESIAN_POINT('',(3.478526364916E0,-6.902932532943E-1,
-3.023709147099E0));
#1066=CARTESIAN_POINT('',(3.465855014509E0,-1.024310201546E0,
-2.927463069063E0));
#1067=CARTESIAN_POINT('',(3.453177346448E0,-1.345626051584E0,
-2.794394733944E0));
#1068=CARTESIAN_POINT('',(3.440491454002E0,-1.650203405758E0,
-2.626047737038E0));
#1069=CARTESIAN_POINT('',(3.427821271211E0,-1.933668639886E0,
-2.424911374657E0));
#1070=CARTESIAN_POINT('',(3.415139694062E0,-2.193082014870E0,
-2.193113282004E0));
#1071=CARTESIAN_POINT('',(3.402457265888E0,-2.424899145220E0,
-1.933685505556E0));
#1072=CARTESIAN_POINT('',(3.389787164858E0,-2.626034192659E0,
-1.650222211821E0));
#1073=CARTESIAN_POINT('',(3.377102636800E0,-2.794368909566E0,
-1.345680739811E0));
#1074=CARTESIAN_POINT('',(3.364423225129E0,-2.927459590716E0,
-1.024322493113E0));
#1075=CARTESIAN_POINT('',(3.351752638781E0,-3.023701132264E0,
-6.903258692389E-1));
#1076=CARTESIAN_POINT('',(3.339063807703E0,-3.082016789002E0,
-3.471591412396E-1));
#1077=CARTESIAN_POINT('',(3.326389328134E0,-3.101490644886E0,
-1.201147958614E-5));
#1078=CARTESIAN_POINT('',(3.313715789759E0,-3.082020631195E0,
3.471092244936E-1));
#1079=CARTESIAN_POINT('',(3.301027887867E0,-3.023719202841E0,
6.902527255478E-1));
#1080=CARTESIAN_POINT('',(3.288355520758E0,-2.927467479140E0,1.024296936241E0));
#1081=CARTESIAN_POINT('',(3.275678734316E0,-2.794411686604E0,1.345592037528E0));
#1082=CARTESIAN_POINT('',(3.262990975617E0,-2.626041817836E0,1.650215045041E0));
#1083=CARTESIAN_POINT('',(3.250321138524E0,-2.424908504902E0,1.933671364811E0));
#1084=CARTESIAN_POINT('',(3.241866535550E0,-2.270373229860E0,2.106617745685E0));
#1085=CARTESIAN_POINT('',(3.237638888889E0,-2.188495487772E0,2.188495487772E0));
#1087=DIRECTION('',(1.E0,-1.438129974927E-14,0.E0));
#1088=VECTOR('',#1087,9.263888888889E-2);
#1089=CARTESIAN_POINT('',(3.5E0,2.188495487772E0,-2.188495487772E0));
#1090=LINE('',#1089,#1088);
#1091=CARTESIAN_POINT('',(3.145E0,-2.188495487772E0,2.188495487772E0));
#1092=CARTESIAN_POINT('',(3.149227608029E0,-2.270372481665E0,2.106618493879E0));
#1093=CARTESIAN_POINT('',(3.157682045960E0,-2.424905337481E0,1.933675915730E0));
#1094=CARTESIAN_POINT('',(3.170352128442E0,-2.626041575565E0,1.650213607473E0));
#1095=CARTESIAN_POINT('',(3.183038356614E0,-2.794393590900E0,1.345628617721E0));
#1096=CARTESIAN_POINT('',(3.195715866884E0,-2.927460740518E0,1.024316859993E0));
#1097=CARTESIAN_POINT('',(3.208387188775E0,-3.023706730578E0,
6.903008451150E-1));
#1098=CARTESIAN_POINT('',(3.221074701159E0,-3.082015054135E0,
3.471693356497E-1));
#1099=CARTESIAN_POINT('',(3.233749778267E0,-3.101490870113E0,
6.163076866322E-6));
#1100=CARTESIAN_POINT('',(3.246423166182E0,-3.082021465231E0,
-3.471112831989E-1));
#1101=CARTESIAN_POINT('',(3.259112687589E0,-3.023708981368E0,
-6.902977659977E-1));
#1102=CARTESIAN_POINT('',(3.271783815296E0,-2.927463277236E0,
-1.024308589302E0));
#1103=CARTESIAN_POINT('',(3.284461730086E0,-2.794393027357E0,
-1.345630959003E0));
#1104=CARTESIAN_POINT('',(3.297147847322E0,-2.626041236629E0,
-1.650212630130E0));
#1105=CARTESIAN_POINT('',(3.309817637110E0,-2.424912024484E0,
-1.933669896378E0));
#1106=CARTESIAN_POINT('',(3.322501458070E0,-2.193070164036E0,
-2.193126726382E0));
#1107=CARTESIAN_POINT('',(3.335183065680E0,-1.933653679315E0,
-2.424922690202E0));
#1108=CARTESIAN_POINT('',(3.347853385519E0,-1.650185014976E0,
-2.626060867043E0));
#1109=CARTESIAN_POINT('',(3.360540624645E0,-1.345572366149E0,
-2.794420256842E0));
#1110=CARTESIAN_POINT('',(3.373216643471E0,-1.024296399050E0,
-2.927466759160E0));
#1111=CARTESIAN_POINT('',(3.385888547753E0,-6.902648665224E-1,
-3.023716899253E0));
#1112=CARTESIAN_POINT('',(3.398577282665E0,-3.470988886445E-1,
-3.082021962348E0));
#1113=CARTESIAN_POINT('',(3.411250439849E0,1.210996024015E-5,
-3.101490924450E0));
#1114=CARTESIAN_POINT('',(3.423925561740E0,3.471765440272E-1,
-3.082014339426E0));
#1115=CARTESIAN_POINT('',(3.436613073503E0,6.903077611583E-1,
-3.023704837418E0));
#1116=CARTESIAN_POINT('',(3.449284210632E0,1.024319091228E0,-2.927460558104E0));
#1117=CARTESIAN_POINT('',(3.461962525003E0,1.345650365046E0,-2.794383061157E0));
#1118=CARTESIAN_POINT('',(3.474647868189E0,1.650213239658E0,-2.626041088597E0));
#1119=CARTESIAN_POINT('',(3.487318098432E0,1.933679121364E0,-2.424903059867E0));
#1120=CARTESIAN_POINT('',(3.495772425154E0,2.106619136541E0,-2.270371839004E0));
#1121=CARTESIAN_POINT('',(3.5E0,2.188495487772E0,-2.188495487772E0));
#1123=DIRECTION('',(1.E0,3.355636608163E-14,3.835013266472E-14));
#1124=VECTOR('',#1123,9.263888888888E-2);
#1125=CARTESIAN_POINT('',(3.145E0,-2.188495487772E0,2.188495487772E0));
#1126=LINE('',#1125,#1124);
#1127=CARTESIAN_POINT('',(3.947638888889E0,-2.188495487772E0,2.188495487772E0));
#1128=CARTESIAN_POINT('',(3.943411241017E0,-2.106617722230E0,2.270373253314E0));
#1129=CARTESIAN_POINT('',(3.934956635565E0,-1.933671285320E0,2.424908567049E0));
#1130=CARTESIAN_POINT('',(3.922286799388E0,-1.650214983661E0,2.626041864008E0));
#1131=CARTESIAN_POINT('',(3.909599031834E0,-1.345591750105E0,2.794411824604E0));
#1132=CARTESIAN_POINT('',(3.896922254926E0,-1.024296879474E0,2.927467491497E0));
#1133=CARTESIAN_POINT('',(3.884249885166E0,-6.902526002900E-1,
3.023719239260E0));
#1134=CARTESIAN_POINT('',(3.871561979368E0,-3.471089885512E-1,
3.082020654338E0));
#1135=CARTESIAN_POINT('',(3.858888439224E0,1.229698972319E-5,3.101490668478E0));
#1136=CARTESIAN_POINT('',(3.846213917729E0,3.471605754240E-1,3.082016671476E0));
#1137=CARTESIAN_POINT('',(3.833525077352E0,6.903275072113E-1,3.023700715763E0));
#1138=CARTESIAN_POINT('',(3.820854525744E0,1.024323207505E0,2.927459388131E0));
#1139=CARTESIAN_POINT('',(3.808175027570E0,1.345683552058E0,2.794367579294E0));
#1140=CARTESIAN_POINT('',(3.795490570567E0,1.650223151795E0,2.626033502354E0));
#1141=CARTESIAN_POINT('',(3.782820475728E0,1.933686330885E0,2.424898588297E0));
#1142=CARTESIAN_POINT('',(3.770137963986E0,2.193115608983E0,2.193079694942E0));
#1143=CARTESIAN_POINT('',(3.757456460652E0,2.424912106201E0,1.933667611597E0));
#1144=CARTESIAN_POINT('',(3.744786261893E0,2.626048721467E0,1.650202016882E0));
#1145=CARTESIAN_POINT('',(3.732100295061E0,2.794396326696E0,1.345622669818E0));
#1146=CARTESIAN_POINT('',(3.719422726826E0,2.927463359495E0,1.024309240161E0));
#1147=CARTESIAN_POINT('',(3.706751326295E0,3.023709727007E0,6.902909512550E-1));
#1148=CARTESIAN_POINT('',(3.694063086022E0,3.082018078214E0,3.471393028416E-1));
#1149=CARTESIAN_POINT('',(3.681389112246E0,3.101490431075E0,6.116389980548E-6));
#1150=CARTESIAN_POINT('',(3.668715622586E0,3.082020197417E0,
-3.471138030616E-1));
#1151=CARTESIAN_POINT('',(3.656027670773E0,3.023717774119E0,
-6.902585007209E-1));
#1152=CARTESIAN_POINT('',(3.643355449832E0,2.927466883801E0,-1.024298802756E0));
#1153=CARTESIAN_POINT('',(3.630678479928E0,2.794408665423E0,-1.345598319769E0));
#1154=CARTESIAN_POINT('',(3.617990930899E0,2.626041031792E0,-1.650216013623E0));
#1155=CARTESIAN_POINT('',(3.605321068125E0,2.424907330750E0,-1.933672888523E0));
#1156=CARTESIAN_POINT('',(3.596866513523E0,2.270372803265E0,-2.106618172279E0));
#1157=CARTESIAN_POINT('',(3.592638888889E0,2.188495487772E0,-2.188495487772E0));
#1159=CARTESIAN_POINT('',(3.5E0,2.188495487772E0,-2.188495487772E0));
#1160=CARTESIAN_POINT('',(3.504227641216E0,2.270373124408E0,-2.106617851137E0));
#1161=CARTESIAN_POINT('',(3.512682205079E0,2.424907838381E0,-1.933672376671E0));
#1162=CARTESIAN_POINT('',(3.525352115465E0,2.626041997024E0,-1.650214244364E0));
#1163=CARTESIAN_POINT('',(3.538039429538E0,2.794406601614E0,-1.345602240823E0));
#1164=CARTESIAN_POINT('',(3.550716360085E0,2.927464983114E0,-1.024303973349E0));
#1165=CARTESIAN_POINT('',(3.563388314401E0,3.023714483288E0,
-6.902709288216E-1));
#1166=CARTESIAN_POINT('',(3.576076051236E0,3.082018480066E0,
-3.471324389778E-1));
#1167=CARTESIAN_POINT('',(3.588750251461E0,3.101490874460E0,6.830661306023E-6));
#1168=CARTESIAN_POINT('',(3.601424571371E0,3.082018022039E0,3.471497186135E-1));
#1169=CARTESIAN_POINT('',(3.614113925700E0,3.023700268735E0,6.903305888572E-1));
#1170=CARTESIAN_POINT('',(3.626784343636E0,2.927459597980E0,1.024322735192E0));
#1171=CARTESIAN_POINT('',(3.639464193845E0,2.794363852012E0,1.345691890253E0));
#1172=CARTESIAN_POINT('',(3.652148469545E0,2.626030829519E0,1.650226344464E0));
#1173=CARTESIAN_POINT('',(3.664818394598E0,2.424899616762E0,1.933686531007E0));
#1174=CARTESIAN_POINT('',(3.677502257983E0,2.193054174672E0,2.193141810695E0));
#1175=CARTESIAN_POINT('',(3.690183082476E0,1.933653079467E0,2.424922681409E0));
#1176=CARTESIAN_POINT('',(3.702853535067E0,1.650181632999E0,2.626063178634E0));
#1177=CARTESIAN_POINT('',(3.715540654646E0,1.345571535834E0,2.794420418213E0));
#1178=CARTESIAN_POINT('',(3.728216689424E0,1.024295316509E0,2.927467551257E0));
#1179=CARTESIAN_POINT('',(3.740888879730E0,6.902559169313E-1,3.023718506578E0));
#1180=CARTESIAN_POINT('',(3.753576828071E0,3.471112227062E-1,3.082020343933E0));
#1181=CARTESIAN_POINT('',(3.766250304125E0,-8.346918284552E-6,
3.101490817544E0));
#1182=CARTESIAN_POINT('',(3.778924758820E0,-3.471546181822E-1,
3.082016385734E0));
#1183=CARTESIAN_POINT('',(3.791612531528E0,-6.902933696114E-1,
3.023708685218E0));
#1184=CARTESIAN_POINT('',(3.804283946145E0,-1.024312192523E0,2.927462841080E0));
#1185=CARTESIAN_POINT('',(3.816962090205E0,-1.345639748996E0,2.794388487588E0));
#1186=CARTESIAN_POINT('',(3.829648049105E0,-1.650217622055E0,2.626038761002E0));
#1187=CARTESIAN_POINT('',(3.842318157161E0,-1.933680268810E0,2.424901878509E0));
#1188=CARTESIAN_POINT('',(3.850772465096E0,-2.106619910114E0,2.270371065431E0));
#1189=CARTESIAN_POINT('',(3.855E0,-2.188495487772E0,2.188495487772E0));
#1191=CARTESIAN_POINT('',(2.435E0,-2.188495487772E0,2.188495487772E0));
#1192=CARTESIAN_POINT('',(2.436666666698E0,-2.220774180144E0,2.156216795401E0));
#1193=CARTESIAN_POINT('',(2.440000000071E0,-2.283903068294E0,2.090230919877E0));
#1194=CARTESIAN_POINT('',(2.444999999949E0,-2.374125552146E0,1.987160382655E0));
#1195=CARTESIAN_POINT('',(2.448333333311E0,-2.431175567103E0,1.915853384229E0));
#1196=CARTESIAN_POINT('',(2.45E0,-2.458898079188E0,1.879586453495E0));
#1198=DIRECTION('',(1.E0,0.E0,0.E0));
#1199=VECTOR('',#1198,9.263888888888E-2);
#1200=CARTESIAN_POINT('',(2.435E0,-2.188495487772E0,2.188495487772E0));
#1201=LINE('',#1200,#1199);
#1202=CARTESIAN_POINT('',(2.882638888889E0,2.188495487772E0,-2.188495487772E0));
#1203=CARTESIAN_POINT('',(2.878411314043E0,2.106619136541E0,-2.270371839004E0));
#1204=CARTESIAN_POINT('',(2.869956987321E0,1.933679121364E0,-2.424903059867E0));
#1205=CARTESIAN_POINT('',(2.857286757078E0,1.650213239658E0,-2.626041088597E0));
#1206=CARTESIAN_POINT('',(2.844601413892E0,1.345650365046E0,-2.794383061157E0));
#1207=CARTESIAN_POINT('',(2.831923099521E0,1.024319091228E0,-2.927460558104E0));
#1208=CARTESIAN_POINT('',(2.819251962392E0,6.903077611584E-1,
-3.023704837418E0));
#1209=CARTESIAN_POINT('',(2.806564450629E0,3.471765440272E-1,
-3.082014339426E0));
#1210=CARTESIAN_POINT('',(2.793889328738E0,1.210996024338E-5,
-3.101490924450E0));
#1211=CARTESIAN_POINT('',(2.781216171554E0,-3.470988886445E-1,
-3.082021962348E0));
#1212=CARTESIAN_POINT('',(2.768527436641E0,-6.902648665225E-1,
-3.023716899253E0));
#1213=CARTESIAN_POINT('',(2.755855532360E0,-1.024296399050E0,
-2.927466759160E0));
#1214=CARTESIAN_POINT('',(2.743179513534E0,-1.345572366149E0,
-2.794420256842E0));
#1215=CARTESIAN_POINT('',(2.730492274408E0,-1.650185014976E0,
-2.626060867043E0));
#1216=CARTESIAN_POINT('',(2.717821954569E0,-1.933653679315E0,
-2.424922690202E0));
#1217=CARTESIAN_POINT('',(2.705140346959E0,-2.193070164036E0,
-2.193126726382E0));
#1218=CARTESIAN_POINT('',(2.692456525999E0,-2.424912024484E0,
-1.933669896378E0));
#1219=CARTESIAN_POINT('',(2.679786736211E0,-2.626041236629E0,
-1.650212630130E0));
#1220=CARTESIAN_POINT('',(2.667100618975E0,-2.794393027357E0,
-1.345630959003E0));
#1221=CARTESIAN_POINT('',(2.654422704185E0,-2.927463277236E0,
-1.024308589302E0));
#1222=CARTESIAN_POINT('',(2.641751576477E0,-3.023708981368E0,
-6.902977659977E-1));
#1223=CARTESIAN_POINT('',(2.629062055071E0,-3.082021465231E0,
-3.471112831989E-1));
#1224=CARTESIAN_POINT('',(2.616388667155E0,-3.101490870113E0,
6.163076874663E-6));
#1225=CARTESIAN_POINT('',(2.603713590048E0,-3.082015054135E0,
3.471693356497E-1));
#1226=CARTESIAN_POINT('',(2.591026077664E0,-3.023706730578E0,
6.903008451151E-1));
#1227=CARTESIAN_POINT('',(2.578354755772E0,-2.927460740518E0,1.024316859993E0));
#1228=CARTESIAN_POINT('',(2.565677245503E0,-2.794393590900E0,1.345628617721E0));
#1229=CARTESIAN_POINT('',(2.552991017331E0,-2.626041575565E0,1.650213607473E0));
#1230=CARTESIAN_POINT('',(2.540320934849E0,-2.424905337481E0,1.933675915730E0));
#1231=CARTESIAN_POINT('',(2.531866496918E0,-2.270372481665E0,2.106618493879E0));
#1232=CARTESIAN_POINT('',(2.527638888889E0,-2.188495487772E0,2.188495487772E0));
#1234=DIRECTION('',(1.E0,-2.396883291545E-14,-1.917506633236E-14));
#1235=VECTOR('',#1234,9.263888888889E-2);
#1236=CARTESIAN_POINT('',(2.79E0,2.188495487772E0,-2.188495487772E0));
#1237=LINE('',#1236,#1235);
#1238=CARTESIAN_POINT('',(2.45E0,-2.458898079188E0,1.879586453495E0));
#1239=CARTESIAN_POINT('',(2.454198854320E0,-2.528739752026E0,1.788218719456E0));
#1240=CARTESIAN_POINT('',(2.462595669147E0,-2.658207750086E0,1.597706975317E0));
#1241=CARTESIAN_POINT('',(2.475181844127E0,-2.819325216658E0,1.292342067591E0));
#1242=CARTESIAN_POINT('',(2.487778069294E0,-2.945596498458E0,
9.707015726528E-1));
#1243=CARTESIAN_POINT('',(2.500373538889E0,-3.035281950623E0,
6.370261259974E-1));
#1244=CARTESIAN_POINT('',(2.512959766495E0,-3.087280315551E0,
2.956999463398E-1));
#1245=CARTESIAN_POINT('',(2.525555021929E0,-3.101023039279E0,
-4.953885045703E-2));
#1246=CARTESIAN_POINT('',(2.538150940925E0,-3.076258151834E0,
-3.941806720384E-1));
#1247=CARTESIAN_POINT('',(2.550737197545E0,-3.013380124841E0,
-7.336719056358E-1));
#1248=CARTESIAN_POINT('',(2.563331782732E0,-2.913088892946E0,
-1.064288973776E0));
#1249=CARTESIAN_POINT('',(2.575928343972E0,-2.776605533082E0,
-1.381740945574E0));
#1250=CARTESIAN_POINT('',(2.588514602472E0,-2.605813732360E0,
-1.681804520606E0));
#1251=CARTESIAN_POINT('',(2.601109000190E0,-2.402596774632E0,
-1.961206222023E0));
#1252=CARTESIAN_POINT('',(2.613706435356E0,-2.169490408465E0,
-2.216316881140E0));
#1253=CARTESIAN_POINT('',(2.626292512924E0,-1.909699356772E0,
-2.443722302914E0));
#1254=CARTESIAN_POINT('',(2.638886835005E0,-1.626056762419E0,
-2.640972952545E0));
#1255=CARTESIAN_POINT('',(2.651483692327E0,-1.322162843506E0,
-2.805464844434E0));
#1256=CARTESIAN_POINT('',(2.664069947987E0,-1.002134289026E0,
-2.935039737643E0));
#1257=CARTESIAN_POINT('',(2.676664547572E0,-6.694659121359E-1,
-3.028303171710E0));
#1258=CARTESIAN_POINT('',(2.689262431635E0,-3.283954055293E-1,
-3.083975315288E0));
#1259=CARTESIAN_POINT('',(2.701848181982E0,1.641776159381E-2,
-3.101365348144E0));
#1260=CARTESIAN_POINT('',(2.714444184995E0,3.613077054458E-1,
-3.080301613496E0));
#1261=CARTESIAN_POINT('',(2.727039805246E0,7.017006088024E-1,
-3.020985888100E0));
#1262=CARTESIAN_POINT('',(2.739626044207E0,1.033142302914E0,-2.924269917037E0));
#1263=CARTESIAN_POINT('',(2.752221405722E0,1.352010078716E0,-2.791213155599E0));
#1264=CARTESIAN_POINT('',(2.764818161020E0,1.654121550664E0,-2.623476014366E0));
#1265=CARTESIAN_POINT('',(2.777404248599E0,1.935473418724E0,-2.423360885711E0));
#1266=CARTESIAN_POINT('',(2.785801127535E0,2.107175021737E0,-2.269815953808E0));
#1267=CARTESIAN_POINT('',(2.79E0,2.188495487772E0,-2.188495487772E0));
#1269=CARTESIAN_POINT('',(4.488134665205E0,-2.094355063195E0,2.094355063195E0));
#1270=CARTESIAN_POINT('',(4.490788864991E0,-2.170073233226E0,2.014883287829E0));
#1271=CARTESIAN_POINT('',(4.496098575665E0,-2.312489500062E0,1.847681117222E0));
#1272=CARTESIAN_POINT('',(4.504061473255E0,-2.496434933828E0,1.575514363018E0));
#1273=CARTESIAN_POINT('',(4.512039507618E0,-2.648886521264E0,1.284832558998E0));
#1274=CARTESIAN_POINT('',(4.520018235893E0,-2.767733224475E0,
9.797942117101E-1));
#1275=CARTESIAN_POINT('',(4.527998105436E0,-2.851723758689E0,
6.642500930071E-1));
#1276=CARTESIAN_POINT('',(4.535993656044E0,-2.900017866135E0,
3.415634241159E-1));
#1277=CARTESIAN_POINT('',(4.543986429173E0,-2.912001007653E0,
1.650978882339E-2));
#1278=CARTESIAN_POINT('',(4.551983993269E0,-2.887765436232E0,
-3.071612251857E-1));
#1279=CARTESIAN_POINT('',(4.559996213684E0,-2.827609220762E0,
-6.258085567241E-1));
#1280=CARTESIAN_POINT('',(4.568004090421E0,-2.732558169583E0,
-9.347197350469E-1));
#1281=CARTESIAN_POINT('',(4.576019884613E0,-2.603859649859E0,
-1.230566190638E0));
#1282=CARTESIAN_POINT('',(4.584048314088E0,-2.443065318961E0,
-1.509817287249E0));
#1283=CARTESIAN_POINT('',(4.592071844586E0,-2.252689924586E0,
-1.768444804544E0));
#1284=CARTESIAN_POINT('',(4.600107489917E0,-2.034862604463E0,
-2.003849412123E0));
#1285=CARTESIAN_POINT('',(4.608150881217E0,-1.792462037631E0,
-2.212954762161E0));
#1286=CARTESIAN_POINT('',(4.616190985637E0,-1.529010367144E0,
-2.392998410418E0));
#1287=CARTESIAN_POINT('',(4.624245981148E0,-1.247308157113E0,
-2.542216475508E0));
#1288=CARTESIAN_POINT('',(4.632303861716E0,-9.513604276995E-1,
-2.658543526081E0));
#1289=CARTESIAN_POINT('',(4.640361455513E0,-6.451121342947E-1,
-2.740681804794E0));
#1290=CARTESIAN_POINT('',(4.648436986042E0,-3.317719563940E-1,
-2.787830776166E0));
#1291=CARTESIAN_POINT('',(4.656508718707E0,-1.617413582815E-2,
-2.799360753589E0));
#1292=CARTESIAN_POINT('',(4.664586140422E0,2.980325390965E-1,
-2.775379151584E0));
#1293=CARTESIAN_POINT('',(4.672678208762E0,6.071960259352E-1,
-2.716191349835E0));
#1294=CARTESIAN_POINT('',(4.680765935970E0,9.066771228034E-1,
-2.622833518626E0));
#1295=CARTESIAN_POINT('',(4.688862743088E0,1.193213272302E0,-2.496542635135E0));
#1296=CARTESIAN_POINT('',(4.696972307069E0,1.463273154680E0,-2.338891432769E0));
#1297=CARTESIAN_POINT('',(4.705076480382E0,1.712889256935E0,-2.152408464353E0));
#1298=CARTESIAN_POINT('',(4.710488438179E0,1.863996431487E0,-2.010257973517E0));
#1299=CARTESIAN_POINT('',(4.713195646862E0,1.935212916885E0,-1.935212916885E0));
#1301=DIRECTION('',(7.071067811865E-1,5.E-1,-5.E-1));
#1302=VECTOR('',#1301,7.238868985754E-1);
#1303=CARTESIAN_POINT('',(4.488134665205E0,-2.094355063195E0,2.094355063195E0));
#1304=LINE('',#1303,#1302);
#1305=DIRECTION('',(7.071067811865E-1,-5.E-1,5.E-1));
#1306=VECTOR('',#1305,4.056026059557E-1);
#1307=CARTESIAN_POINT('',(4.713195646862E0,1.935212916885E0,-1.935212916885E0));
#1308=LINE('',#1307,#1306);
#1309=DIRECTION('',(1.E0,0.E0,0.E0));
#1310=VECTOR('',#1309,2.87E0);
#1311=CARTESIAN_POINT('',(5.E0,-1.732411613907E0,1.732411613907E0));
#1312=LINE('',#1311,#1310);
#1313=DIRECTION('',(1.E0,0.E0,0.E0));
#1314=VECTOR('',#1313,2.87E0);
#1315=CARTESIAN_POINT('',(5.E0,1.732411613907E0,-1.732411613907E0));
#1316=LINE('',#1315,#1314);
#1317=CARTESIAN_POINT('',(5.E0,0.E0,0.E0));
#1318=DIRECTION('',(1.E0,0.E0,0.E0));
#1319=DIRECTION('',(0.E0,-7.071067811865E-1,7.071067811865E-1));
#1320=AXIS2_PLACEMENT_3D('',#1317,#1318,#1319);
#1322=CARTESIAN_POINT('',(5.E0,0.E0,0.E0));
#1323=DIRECTION('',(-1.E0,0.E0,0.E0));
#1324=DIRECTION('',(0.E0,-7.071067811865E-1,7.071067811865E-1));
#1325=AXIS2_PLACEMENT_3D('',#1322,#1323,#1324);
#1327=CARTESIAN_POINT('',(7.87E0,0.E0,0.E0));
#1328=DIRECTION('',(-1.E0,0.E0,0.E0));
#1329=DIRECTION('',(0.E0,-7.071067811865E-1,7.071067811865E-1));
#1330=AXIS2_PLACEMENT_3D('',#1327,#1328,#1329);
#1332=CARTESIAN_POINT('',(7.87E0,0.E0,0.E0));
#1333=DIRECTION('',(1.E0,0.E0,0.E0));
#1334=DIRECTION('',(0.E0,-7.071067811865E-1,7.071067811865E-1));
#1335=AXIS2_PLACEMENT_3D('',#1332,#1333,#1334);
#1337=DIRECTION('',(-7.071067811865E-1,0.E0,-7.071067811865E-1));
#1338=VECTOR('',#1337,2.828427124746E-1);
#1339=CARTESIAN_POINT('',(1.333E1,3.175E0,-1.9E-1));
#1340=LINE('',#1339,#1338);
#1341=DIRECTION('',(-1.E0,0.E0,0.E0));
#1342=VECTOR('',#1341,3.81E0);
#1343=CARTESIAN_POINT('',(1.333E1,3.175E0,6.3E-1));
#1344=LINE('',#1343,#1342);
#1345=DIRECTION('',(0.E0,0.E0,1.E0));
#1346=VECTOR('',#1345,2.545E0);
#1347=CARTESIAN_POINT('',(9.52E0,3.175E0,6.3E-1));
#1348=LINE('',#1347,#1346);
#1349=DIRECTION('',(0.E0,0.E0,1.E0));
#1350=VECTOR('',#1349,6.35E0);
#1351=CARTESIAN_POINT('',(7.87E0,3.175E0,-3.175E0));
#1352=LINE('',#1351,#1350);
#1353=DIRECTION('',(1.E0,0.E0,0.E0));
#1354=VECTOR('',#1353,5.46E0);
#1355=CARTESIAN_POINT('',(7.87E0,3.175E0,-3.175E0));
#1356=LINE('',#1355,#1354);
#1357=DIRECTION('',(7.071067811865E-1,0.E0,-7.071067811865E-1));
#1358=VECTOR('',#1357,2.828427124746E-1);
#1359=CARTESIAN_POINT('',(1.313E1,3.175E0,-1.605E0));
#1360=LINE('',#1359,#1358);
#1361=DIRECTION('',(-1.E0,0.E0,0.E0));
#1362=VECTOR('',#1361,3.61E0);
#1363=CARTESIAN_POINT('',(1.313E1,3.175E0,-1.605E0));
#1364=LINE('',#1363,#1362);
#1365=DIRECTION('',(0.E0,0.E0,1.E0));
#1366=VECTOR('',#1365,1.215E0);
#1367=CARTESIAN_POINT('',(9.52E0,3.175E0,-1.605E0));
#1368=LINE('',#1367,#1366);
#1369=DIRECTION('',(-1.E0,0.E0,0.E0));
#1370=VECTOR('',#1369,3.61E0);
#1371=CARTESIAN_POINT('',(1.313E1,3.175E0,-3.9E-1));
#1372=LINE('',#1371,#1370);
#1373=DIRECTION('',(0.E0,1.E0,0.E0));
#1374=VECTOR('',#1373,8.1E-1);
#1375=CARTESIAN_POINT('',(1.313E1,2.365E0,-3.9E-1));
#1376=LINE('',#1375,#1374);
#1377=DIRECTION('',(0.E0,1.E0,0.E0));
#1378=VECTOR('',#1377,8.1E-1);
#1379=CARTESIAN_POINT('',(9.52E0,2.365E0,-1.605E0));
#1380=LINE('',#1379,#1378);
#1381=DIRECTION('',(0.E0,0.E0,1.E0));
#1382=VECTOR('',#1381,1.57E0);
#1383=CARTESIAN_POINT('',(9.52E0,2.365E0,-3.175E0));
#1384=LINE('',#1383,#1382);
#1385=DIRECTION('',(0.E0,0.E0,-1.E0));
#1386=VECTOR('',#1385,1.57E0);
#1387=CARTESIAN_POINT('',(9.52E0,-2.365E0,-1.605E0));
#1388=LINE('',#1387,#1386);
#1389=DIRECTION('',(0.E0,1.E0,0.E0));
#1390=VECTOR('',#1389,8.1E-1);
#1391=CARTESIAN_POINT('',(9.52E0,-3.175E0,-1.605E0));
#1392=LINE('',#1391,#1390);
#1393=DIRECTION('',(0.E0,-1.E0,0.E0));
#1394=VECTOR('',#1393,8.1E-1);
#1395=CARTESIAN_POINT('',(9.52E0,-2.365E0,-3.9E-1));
#1396=LINE('',#1395,#1394);
#1397=DIRECTION('',(0.E0,0.E0,-1.E0));
#1398=VECTOR('',#1397,1.02E0);
#1399=CARTESIAN_POINT('',(9.52E0,-2.365E0,6.3E-1));
#1400=LINE('',#1399,#1398);
#1401=DIRECTION('',(0.E0,1.E0,0.E0));
#1402=VECTOR('',#1401,8.1E-1);
#1403=CARTESIAN_POINT('',(9.52E0,-3.175E0,6.3E-1));
#1404=LINE('',#1403,#1402);
#1405=DIRECTION('',(0.E0,1.E0,0.E0));
#1406=VECTOR('',#1405,8.1E-1);
#1407=CARTESIAN_POINT('',(9.52E0,2.365E0,6.3E-1));
#1408=LINE('',#1407,#1406);
#1409=DIRECTION('',(0.E0,0.E0,1.E0));
#1410=VECTOR('',#1409,1.02E0);
#1411=CARTESIAN_POINT('',(9.52E0,2.365E0,-3.9E-1));
#1412=LINE('',#1411,#1410);
#1413=DIRECTION('',(0.E0,-1.E0,0.E0));
#1414=VECTOR('',#1413,8.1E-1);
#1415=CARTESIAN_POINT('',(9.52E0,3.175E0,-3.9E-1));
#1416=LINE('',#1415,#1414);
#1417=CARTESIAN_POINT('',(9.52E0,-1.887379141863E-14,0.E0));
#1418=DIRECTION('',(-1.E0,0.E0,0.E0));
#1419=DIRECTION('',(0.E0,1.E0,0.E0));
#1420=AXIS2_PLACEMENT_3D('',#1417,#1418,#1419);
#1422=CARTESIAN_POINT('',(9.52E0,1.887379141863E-14,0.E0));
#1423=DIRECTION('',(-1.E0,0.E0,0.E0));
#1424=DIRECTION('',(0.E0,-1.E0,0.E0));
#1425=AXIS2_PLACEMENT_3D('',#1422,#1423,#1424);
#1427=DIRECTION('',(0.E0,-1.E0,0.E0));
#1428=VECTOR('',#1427,8.1E-1);
#1429=CARTESIAN_POINT('',(1.313E1,3.175E0,-1.605E0));
#1430=LINE('',#1429,#1428);
#1431=DIRECTION('',(-1.E0,0.E0,0.E0));
#1432=VECTOR('',#1431,3.61E0);
#1433=CARTESIAN_POINT('',(1.313E1,2.365E0,-1.605E0));
#1434=LINE('',#1433,#1432);
#1435=DIRECTION('',(-7.071067811865E-1,0.E0,7.071067811865E-1));
#1436=VECTOR('',#1435,2.828427124746E-1);
#1437=CARTESIAN_POINT('',(1.333E1,2.365E0,-1.805E0));
#1438=LINE('',#1437,#1436);
#1439=DIRECTION('',(0.E0,-1.E0,0.E0));
#1440=VECTOR('',#1439,8.1E-1);
#1441=CARTESIAN_POINT('',(1.333E1,3.175E0,-1.805E0));
#1442=LINE('',#1441,#1440);
#1443=DIRECTION('',(0.E0,0.E0,1.E0));
#1444=VECTOR('',#1443,1.37E0);
#1445=CARTESIAN_POINT('',(1.333E1,3.175E0,-3.175E0));
#1446=LINE('',#1445,#1444);
#1447=DIRECTION('',(0.E0,1.E0,0.E0));
#1448=VECTOR('',#1447,8.1E-1);
#1449=CARTESIAN_POINT('',(1.333E1,2.365E0,-3.175E0));
#1450=LINE('',#1449,#1448);
#1451=DIRECTION('',(0.E0,0.E0,1.E0));
#1452=VECTOR('',#1451,1.37E0);
#1453=CARTESIAN_POINT('',(1.333E1,2.365E0,-3.175E0));
#1454=LINE('',#1453,#1452);
#1455=DIRECTION('',(0.E0,1.E0,0.E0));
#1456=VECTOR('',#1455,4.73E0);
#1457=CARTESIAN_POINT('',(9.52E0,-2.365E0,-3.175E0));
#1458=LINE('',#1457,#1456);
#1459=DIRECTION('',(-1.E0,0.E0,0.E0));
#1460=VECTOR('',#1459,3.81E0);
#1461=CARTESIAN_POINT('',(1.333E1,2.365E0,-3.175E0));
#1462=LINE('',#1461,#1460);
#1463=DIRECTION('',(0.E0,1.E0,0.E0));
#1464=VECTOR('',#1463,6.35E0);
#1465=CARTESIAN_POINT('',(7.87E0,-3.175E0,-3.175E0));
#1466=LINE('',#1465,#1464);
#1467=DIRECTION('',(1.E0,0.E0,0.E0));
#1468=VECTOR('',#1467,5.46E0);
#1469=CARTESIAN_POINT('',(7.87E0,-3.175E0,-3.175E0));
#1470=LINE('',#1469,#1468);
#1471=DIRECTION('',(-1.E0,0.E0,0.E0));
#1472=VECTOR('',#1471,3.81E0);
#1473=CARTESIAN_POINT('',(1.333E1,-2.365E0,-3.175E0));
#1474=LINE('',#1473,#1472);
#1475=DIRECTION('',(7.071067811865E-1,0.E0,7.071067811865E-1));
#1476=VECTOR('',#1475,2.828427124746E-1);
#1477=CARTESIAN_POINT('',(1.313E1,-3.175E0,-3.9E-1));
#1478=LINE('',#1477,#1476);
#1479=DIRECTION('',(-1.E0,0.E0,0.E0));
#1480=VECTOR('',#1479,3.61E0);
#1481=CARTESIAN_POINT('',(1.313E1,-3.175E0,-3.9E-1));
#1482=LINE('',#1481,#1480);
#1483=DIRECTION('',(0.E0,0.E0,-1.E0));
#1484=VECTOR('',#1483,1.215E0);
#1485=CARTESIAN_POINT('',(9.52E0,-3.175E0,-3.9E-1));
#1486=LINE('',#1485,#1484);
#1487=DIRECTION('',(-1.E0,0.E0,0.E0));
#1488=VECTOR('',#1487,3.61E0);
#1489=CARTESIAN_POINT('',(1.313E1,-3.175E0,-1.605E0));
#1490=LINE('',#1489,#1488);
#1491=DIRECTION('',(-7.071067811866E-1,0.E0,7.071067811865E-1));
#1492=VECTOR('',#1491,2.828427124746E-1);
#1493=CARTESIAN_POINT('',(1.333E1,-3.175E0,-1.805E0));
#1494=LINE('',#1493,#1492);
#1495=DIRECTION('',(0.E0,0.E0,-1.E0));
#1496=VECTOR('',#1495,6.35E0);
#1497=CARTESIAN_POINT('',(7.87E0,-3.175E0,3.175E0));
#1498=LINE('',#1497,#1496);
#1499=DIRECTION('',(1.E0,0.E0,0.E0));
#1500=VECTOR('',#1499,1.65E0);
#1501=CARTESIAN_POINT('',(7.87E0,-3.175E0,3.175E0));
#1502=LINE('',#1501,#1500);
#1503=DIRECTION('',(0.E0,0.E0,-1.E0));
#1504=VECTOR('',#1503,2.545E0);
#1505=CARTESIAN_POINT('',(9.52E0,-3.175E0,3.175E0));
#1506=LINE('',#1505,#1504);
#1507=DIRECTION('',(-1.E0,0.E0,0.E0));
#1508=VECTOR('',#1507,3.81E0);
#1509=CARTESIAN_POINT('',(1.333E1,-3.175E0,6.3E-1));
#1510=LINE('',#1509,#1508);
#1511=DIRECTION('',(-7.071067811866E-1,0.E0,-7.071067811865E-1));
#1512=VECTOR('',#1511,2.828427124746E-1);
#1513=CARTESIAN_POINT('',(1.333E1,-2.365E0,-1.9E-1));
#1514=LINE('',#1513,#1512);
#1515=DIRECTION('',(-1.E0,0.E0,0.E0));
#1516=VECTOR('',#1515,3.81E0);
#1517=CARTESIAN_POINT('',(1.333E1,-2.365E0,6.3E-1));
#1518=LINE('',#1517,#1516);
#1519=DIRECTION('',(0.E0,1.E0,0.E0));
#1520=VECTOR('',#1519,8.1E-1);
#1521=CARTESIAN_POINT('',(1.333E1,-3.175E0,-1.9E-1));
#1522=LINE('',#1521,#1520);
#1523=DIRECTION('',(0.E0,0.E0,-1.E0));
#1524=VECTOR('',#1523,8.2E-1);
#1525=CARTESIAN_POINT('',(1.333E1,-3.175E0,6.3E-1));
#1526=LINE('',#1525,#1524);
#1527=DIRECTION('',(0.E0,1.E0,0.E0));
#1528=VECTOR('',#1527,8.1E-1);
#1529=CARTESIAN_POINT('',(1.333E1,-3.175E0,6.3E-1));
#1530=LINE('',#1529,#1528);
#1531=DIRECTION('',(0.E0,0.E0,-1.E0));
#1532=VECTOR('',#1531,8.2E-1);
#1533=CARTESIAN_POINT('',(1.333E1,-2.365E0,6.3E-1));
#1534=LINE('',#1533,#1532);
#1535=DIRECTION('',(0.E0,1.E0,0.E0));
#1536=VECTOR('',#1535,8.1E-1);
#1537=CARTESIAN_POINT('',(1.313E1,-3.175E0,-3.9E-1));
#1538=LINE('',#1537,#1536);
#1539=DIRECTION('',(-1.E0,0.E0,0.E0));
#1540=VECTOR('',#1539,3.61E0);
#1541=CARTESIAN_POINT('',(1.313E1,-2.365E0,-3.9E-1));
#1542=LINE('',#1541,#1540);
#1543=DIRECTION('',(0.E0,-1.E0,0.E0));
#1544=VECTOR('',#1543,8.1E-1);
#1545=CARTESIAN_POINT('',(1.313E1,-2.365E0,-1.605E0));
#1546=LINE('',#1545,#1544);
#1547=DIRECTION('',(7.071067811865E-1,0.E0,-7.071067811865E-1));
#1548=VECTOR('',#1547,2.828427124746E-1);
#1549=CARTESIAN_POINT('',(1.313E1,-2.365E0,-1.605E0));
#1550=LINE('',#1549,#1548);
#1551=DIRECTION('',(-1.E0,0.E0,0.E0));
#1552=VECTOR('',#1551,3.61E0);
#1553=CARTESIAN_POINT('',(1.313E1,-2.365E0,-1.605E0));
#1554=LINE('',#1553,#1552);
#1555=DIRECTION('',(0.E0,-1.E0,0.E0));
#1556=VECTOR('',#1555,8.1E-1);
#1557=CARTESIAN_POINT('',(1.333E1,-2.365E0,-1.805E0));
#1558=LINE('',#1557,#1556);
#1559=DIRECTION('',(0.E0,0.E0,1.E0));
#1560=VECTOR('',#1559,1.37E0);
#1561=CARTESIAN_POINT('',(1.333E1,-2.365E0,-3.175E0));
#1562=LINE('',#1561,#1560);
#1563=DIRECTION('',(0.E0,1.E0,0.E0));
#1564=VECTOR('',#1563,8.1E-1);
#1565=CARTESIAN_POINT('',(1.333E1,-3.175E0,-3.175E0));
#1566=LINE('',#1565,#1564);
#1567=DIRECTION('',(0.E0,0.E0,-1.E0));
#1568=VECTOR('',#1567,1.37E0);
#1569=CARTESIAN_POINT('',(1.333E1,-3.175E0,-1.805E0));
#1570=LINE('',#1569,#1568);
#1571=DIRECTION('',(0.E0,-1.E0,0.E0));
#1572=VECTOR('',#1571,6.35E0);
#1573=CARTESIAN_POINT('',(9.52E0,3.175E0,3.175E0));
#1574=LINE('',#1573,#1572);
#1575=DIRECTION('',(0.E0,-1.E0,0.E0));
#1576=VECTOR('',#1575,6.35E0);
#1577=CARTESIAN_POINT('',(7.87E0,3.175E0,3.175E0));
#1578=LINE('',#1577,#1576);
#1579=DIRECTION('',(1.E0,0.E0,0.E0));
#1580=VECTOR('',#1579,1.65E0);
#1581=CARTESIAN_POINT('',(7.87E0,3.175E0,3.175E0));
#1582=LINE('',#1581,#1580);
#1583=DIRECTION('',(-1.E0,0.E0,0.E0));
#1584=VECTOR('',#1583,3.81E0);
#1585=CARTESIAN_POINT('',(1.333E1,2.365E0,6.3E-1));
#1586=LINE('',#1585,#1584);
#1587=DIRECTION('',(0.E0,1.E0,0.E0));
#1588=VECTOR('',#1587,8.1E-1);
#1589=CARTESIAN_POINT('',(1.333E1,2.365E0,-1.9E-1));
#1590=LINE('',#1589,#1588);
#1591=DIRECTION('',(0.E0,0.E0,1.E0));
#1592=VECTOR('',#1591,8.2E-1);
#1593=CARTESIAN_POINT('',(1.333E1,2.365E0,-1.9E-1));
#1594=LINE('',#1593,#1592);
#1595=DIRECTION('',(0.E0,-1.E0,0.E0));
#1596=VECTOR('',#1595,8.1E-1);
#1597=CARTESIAN_POINT('',(1.333E1,3.175E0,6.3E-1));
#1598=LINE('',#1597,#1596);
#1599=DIRECTION('',(0.E0,0.E0,1.E0));
#1600=VECTOR('',#1599,8.2E-1);
#1601=CARTESIAN_POINT('',(1.333E1,3.175E0,-1.9E-1));
#1602=LINE('',#1601,#1600);
#1603=DIRECTION('',(7.071067811865E-1,0.E0,7.071067811865E-1));
#1604=VECTOR('',#1603,2.828427124746E-1);
#1605=CARTESIAN_POINT('',(1.313E1,2.365E0,-3.9E-1));
#1606=LINE('',#1605,#1604);
#1607=DIRECTION('',(-1.E0,0.E0,0.E0));
#1608=VECTOR('',#1607,3.61E0);
#1609=CARTESIAN_POINT('',(1.313E1,2.365E0,-3.9E-1));
#1610=LINE('',#1609,#1608);
#1611=CARTESIAN_POINT('',(9.42E0,-1.887379141863E-14,0.E0));
#1612=DIRECTION('',(-1.E0,0.E0,0.E0));
#1613=DIRECTION('',(0.E0,1.E0,0.E0));
#1614=AXIS2_PLACEMENT_3D('',#1611,#1612,#1613);
#1616=DIRECTION('',(-7.071067811866E-1,-7.071067811865E-1,2.715927495851E-9));
#1617=VECTOR('',#1616,1.414213553010E-1);
#1618=CARTESIAN_POINT('',(9.519999999338E0,2.149999999338E0,
-1.348235100654E-9));
#1619=LINE('',#1618,#1617);
#1620=DIRECTION('',(-1.E0,-4.440892098499E-14,-4.820723440985E-8));
#1621=VECTOR('',#1620,2.000000000001E-2);
#1622=CARTESIAN_POINT('',(9.44E0,2.05E0,0.E0));
#1623=LINE('',#1622,#1621);
#1624=DIRECTION('',(-1.E0,2.220446049249E-14,4.820726025766E-8));
#1625=VECTOR('',#1624,2.000000000001E-2);
#1626=CARTESIAN_POINT('',(9.44E0,-2.05E0,0.E0));
#1627=LINE('',#1626,#1625);
#1628=CARTESIAN_POINT('',(9.42E0,1.887379141863E-14,0.E0));
#1629=DIRECTION('',(-1.E0,0.E0,0.E0));
#1630=DIRECTION('',(0.E0,-1.E0,0.E0));
#1631=AXIS2_PLACEMENT_3D('',#1628,#1629,#1630);
#1633=DIRECTION('',(-7.071067811865E-1,7.071067811865E-1,-2.715932355568E-9));
#1634=VECTOR('',#1633,1.414213553010E-1);
#1635=CARTESIAN_POINT('',(9.519999999338E0,-2.149999999338E0,
1.348235272584E-9));
#1636=LINE('',#1635,#1634);
#1637=CARTESIAN_POINT('',(9.44E0,0.E0,0.E0));
#1638=DIRECTION('',(-1.E0,0.E0,0.E0));
#1639=DIRECTION('',(0.E0,1.E0,0.E0));
#1640=AXIS2_PLACEMENT_3D('',#1637,#1638,#1639);
#1642=CARTESIAN_POINT('',(9.44E0,0.E0,0.E0));
#1643=DIRECTION('',(-1.E0,0.E0,0.E0));
#1644=DIRECTION('',(0.E0,-1.E0,0.E0));
#1645=AXIS2_PLACEMENT_3D('',#1642,#1643,#1644);
#1647=CARTESIAN_POINT('',(9.44E0,0.E0,0.E0));
#1648=DIRECTION('',(1.E0,0.E0,0.E0));
#1649=DIRECTION('',(0.E0,0.E0,-1.E0));
#1650=AXIS2_PLACEMENT_3D('',#1647,#1648,#1649);
#1652=CARTESIAN_POINT('',(1.331E1,0.E0,0.E0));
#1653=DIRECTION('',(1.E0,0.E0,0.E0));
#1654=DIRECTION('',(0.E0,0.E0,-1.E0));
#1655=AXIS2_PLACEMENT_3D('',#1652,#1653,#1654);
#1657=CARTESIAN_POINT('',(9.44E0,0.E0,0.E0));
#1658=DIRECTION('',(1.E0,0.E0,0.E0));
#1659=DIRECTION('',(0.E0,0.E0,1.E0));
#1660=AXIS2_PLACEMENT_3D('',#1657,#1658,#1659);
#1662=DIRECTION('',(-1.E0,0.E0,0.E0));
#1663=VECTOR('',#1662,3.87E0);
#1664=CARTESIAN_POINT('',(1.331E1,0.E0,3.8E-1));
#1665=LINE('',#1664,#1663);
#1666=CARTESIAN_POINT('',(1.331E1,0.E0,0.E0));
#1667=DIRECTION('',(-1.E0,0.E0,0.E0));
#1668=DIRECTION('',(0.E0,0.E0,-1.E0));
#1669=AXIS2_PLACEMENT_3D('',#1666,#1667,#1668);
#1671=DIRECTION('',(-1.E0,0.E0,0.E0));
#1672=VECTOR('',#1671,3.87E0);
#1673=CARTESIAN_POINT('',(1.331E1,0.E0,-3.8E-1));
#1674=LINE('',#1673,#1672);
#1675=CARTESIAN_POINT('',(8.655E-1,-2.132222923949E-1,-2.722162100983E0));
#1676=CARTESIAN_POINT('',(8.698630153581E-1,-1.081175663311E-1,
-2.730394774057E0));
#1677=CARTESIAN_POINT('',(8.785881686217E-1,1.030243026699E-1,
-2.734662499657E0));
#1678=CARTESIAN_POINT('',(8.916632480250E-1,4.180551356314E-1,
-2.704486749667E0));
#1679=CARTESIAN_POINT('',(9.047557313404E-1,7.279028175732E-1,
-2.638034120084E0));
#1680=CARTESIAN_POINT('',(9.178392566558E-1,1.027781705136E0,
-2.536265516499E0));
#1681=CARTESIAN_POINT('',(9.309155969118E-1,1.313754818192E0,
-2.400642893415E0));
#1682=CARTESIAN_POINT('',(9.440103421054E-1,1.582516284842E0,
-2.232644161139E0));
#1683=CARTESIAN_POINT('',(9.570901157629E-1,1.829768546985E0,
-2.034924627291E0));
#1684=CARTESIAN_POINT('',(9.701688650760E-1,2.052536770387E0,
-1.810012821983E0));
#1685=CARTESIAN_POINT('',(9.832639271168E-1,2.248053454454E0,
-1.560544599064E0));
#1686=CARTESIAN_POINT('',(9.963409610007E-1,2.413198308505E0,
-1.290522546699E0));
#1687=CARTESIAN_POINT('',(1.009423117573E0,2.546131544571E0,-1.003134362510E0));
#1688=CARTESIAN_POINT('',(1.022516592476E0,2.645025939460E0,
-7.020418710937E-1));
#1689=CARTESIAN_POINT('',(1.035591884291E0,2.708384494789E0,
-3.919712679731E-1));
#1690=CARTESIAN_POINT('',(1.048678462001E0,2.735550204099E0,
-7.638765987965E-2));
#1691=CARTESIAN_POINT('',(1.061768397259E0,2.726033335550E0,2.403012830093E-1));
#1692=CARTESIAN_POINT('',(1.074843123115E0,2.680065040154E0,5.534088921401E-1));
#1693=CARTESIAN_POINT('',(1.087934470733E0,2.598139174289E0,8.595008320581E-1));
#1694=CARTESIAN_POINT('',(1.101019457921E0,2.481420583938E0,1.153921244902E0));
#1695=CARTESIAN_POINT('',(1.114095220661E0,2.331605863074E0,1.432705803155E0));
#1696=CARTESIAN_POINT('',(1.127189435954E0,2.150325864993E0,1.692678349385E0));
#1697=CARTESIAN_POINT('',(1.140270345611E0,1.940415187235E0,1.929704949983E0));
#1698=CARTESIAN_POINT('',(1.153348181535E0,1.704610801329E0,2.140876216662E0));
#1699=CARTESIAN_POINT('',(1.166443349469E0,1.445634021880E0,2.323615982442E0));
#1700=CARTESIAN_POINT('',(1.179521185393E0,1.167637982788E0,2.474993703829E0));
#1701=CARTESIAN_POINT('',(1.192602095051E0,8.739619970749E-1,2.593309034381E0));
#1702=CARTESIAN_POINT('',(1.205696310343E0,5.682645693978E-1,2.676958572389E0));
#1703=CARTESIAN_POINT('',(1.218772073083E0,2.553906302712E-1,2.724657405950E0));
#1704=CARTESIAN_POINT('',(1.231857060271E0,-6.112075099254E-2,
2.735933680315E0));
#1705=CARTESIAN_POINT('',(1.244948407889E0,-3.769658967739E-1,
2.710517798138E0));
#1706=CARTESIAN_POINT('',(1.258023133745E0,-6.873678483134E-1,
2.648872947926E0));
#1707=CARTESIAN_POINT('',(1.271113069004E0,-9.889254162814E-1,
2.551685034396E0));
#1708=CARTESIAN_POINT('',(1.284199646714E0,-1.277145588475E0,2.420307251646E0));
#1709=CARTESIAN_POINT('',(1.297274938528E0,-1.548039850237E0,2.256678451011E0));
#1710=CARTESIAN_POINT('',(1.310368413431E0,-1.798563790650E0,2.062579133634E0));
#1711=CARTESIAN_POINT('',(1.323450570004E0,-2.024766433331E0,1.841003913645E0));
#1712=CARTESIAN_POINT('',(1.336527603884E0,-2.223810287195E0,1.594901748291E0));
#1713=CARTESIAN_POINT('',(1.349622665940E0,-2.393308769823E0,1.327074504498E0));
#1714=CARTESIAN_POINT('',(1.362701415198E0,-2.530536778163E0,1.041803625049E0));
#1715=CARTESIAN_POINT('',(1.375781189061E0,-2.633938613903E0,
7.425800329776E-1));
#1716=CARTESIAN_POINT('',(1.388875933486E0,-2.702129208431E0,
4.330540525066E-1));
#1717=CARTESIAN_POINT('',(1.401952276610E0,-2.734047365130E0,
1.181645644319E-1));
#1718=CARTESIAN_POINT('',(1.415035791224E0,-2.729408987674E0,
-1.984780078041E-1));
#1719=CARTESIAN_POINT('',(1.428128314478E0,-2.688155692482E0,
-5.126759352972E-1));
#1720=CARTESIAN_POINT('',(1.441203244826E0,-2.610988867607E0,
-8.195926246956E-1));
#1721=CARTESIAN_POINT('',(1.454291531004E0,-2.498789502975E0,
-1.115850077283E0));
#1722=CARTESIAN_POINT('',(1.467379817182E0,-2.353079976473E0,
-1.397143357551E0));
#1723=CARTESIAN_POINT('',(1.480454747530E0,-2.176049689195E0,
-1.659465393375E0));
#1724=CARTESIAN_POINT('',(1.493547270785E0,-1.969625937540E0,
-1.899905420737E0));
#1725=CARTESIAN_POINT('',(1.506630785399E0,-1.736942005121E0,
-2.114712824454E0));
#1726=CARTESIAN_POINT('',(1.519707128522E0,-1.481162595812E0,
-2.301129165478E0));
#1727=CARTESIAN_POINT('',(1.532801872947E0,-1.205165750604E0,
-2.456956092558E0));
#1728=CARTESIAN_POINT('',(1.545881646811E0,-9.133374142969E-1,
-2.579687179960E0));
#1729=CARTESIAN_POINT('',(1.558960396069E0,-6.093202193433E-1,
-2.667917254808E0));
#1730=CARTESIAN_POINT('',(1.572055458124E0,-2.967519965239E-1,
-2.720474596959E0));
#1731=CARTESIAN_POINT('',(1.585132492004E0,1.936022477877E-2,
-2.736530595717E0));
#1732=CARTESIAN_POINT('',(1.598214648578E0,3.353371011160E-1,
-2.715992161284E0));
#1733=CARTESIAN_POINT('',(1.611308123480E0,6.470887880187E-1,
-2.659003781419E0));
#1734=CARTESIAN_POINT('',(1.624383415295E0,9.497482111907E-1,
-2.566508597661E0));
#1735=CARTESIAN_POINT('',(1.637469993005E0,1.239957472289E0,-2.439585100102E0));
#1736=CARTESIAN_POINT('',(1.650559928263E0,1.513610588211E0,-2.279909085995E0));
#1737=CARTESIAN_POINT('',(1.663634654120E0,1.766700927303E0,-2.089922930354E0));
#1738=CARTESIAN_POINT('',(1.676726001737E0,1.996447511525E0,-1.871701413957E0));
#1739=CARTESIAN_POINT('',(1.689810988926E0,2.199316900108E0,-1.628492409171E0));
#1740=CARTESIAN_POINT('',(1.702886751665E0,2.372637210079E0,-1.363680493541E0));
#1741=CARTESIAN_POINT('',(1.715980966958E0,2.514397527472E0,-1.080215901555E0));
#1742=CARTESIAN_POINT('',(1.729061876615E0,2.622320720766E0,
-7.825639464510E-1));
#1743=CARTESIAN_POINT('',(1.742139712539E0,2.695158733063E0,
-4.745190856788E-1));
#1744=CARTESIAN_POINT('',(1.755234880473E0,2.731948749945E0,
-1.597028075919E-1));
#1745=CARTESIAN_POINT('',(1.768312716398E0,2.732100780809E0,1.568362724128E-1));
#1746=CARTESIAN_POINT('',(1.781393626055E0,2.695716672565E0,4.713522476751E-1));
#1747=CARTESIAN_POINT('',(1.794487841347E0,2.623135946303E0,7.798651334232E-1));
#1748=CARTESIAN_POINT('',(1.807563604087E0,2.515544786445E0,1.077504886864E0));
#1749=CARTESIAN_POINT('',(1.820648591276E0,2.374219672231E0,1.360937102615E0));
#1750=CARTESIAN_POINT('',(1.833739938893E0,2.200980093250E0,1.626252332963E0));
#1751=CARTESIAN_POINT('',(1.846814664749E0,1.998515402639E0,1.869475498251E0));
#1752=CARTESIAN_POINT('',(1.859904600008E0,1.769053251619E0,2.087946499953E0));
#1753=CARTESIAN_POINT('',(1.872991177718E0,1.515929161311E0,2.278364945397E0));
#1754=CARTESIAN_POINT('',(1.886066469532E0,1.242752080764E0,2.438153455987E0));
#1755=CARTESIAN_POINT('',(1.899159944435E0,9.525407557062E-1,2.565488355114E0));
#1756=CARTESIAN_POINT('',(1.912242101008E0,6.498136504665E-1,2.658329689745E0));
#1757=CARTESIAN_POINT('',(1.925319134892E0,3.385170916552E-1,2.715593850046E0));
#1758=CARTESIAN_POINT('',(1.938414196932E0,2.225274586429E-2,2.736523053956E0));
#1759=CARTESIAN_POINT('',(1.951492946246E0,-2.939162185907E-1,
2.720769088097E0));
#1760=CARTESIAN_POINT('',(1.964572719903E0,-6.061798193189E-1,
2.668633314772E0));
#1761=CARTESIAN_POINT('',(1.977667465097E0,-9.106695981750E-1,
2.580643118872E0));
#1762=CARTESIAN_POINT('',(1.990743805353E0,-1.202539799545E0,2.458226196693E0));
#1763=CARTESIAN_POINT('',(2.003827330668E0,-1.478483321004E0,2.302857702958E0));
#1764=CARTESIAN_POINT('',(2.016919813983E0,-1.734783687176E0,2.116493381578E0));
#1765=CARTESIAN_POINT('',(2.029994893387E0,-1.967531047890E0,1.902055353969E0));
#1766=CARTESIAN_POINT('',(2.038720046650E0,-2.105286812876E0,1.741985208283E0));
#1767=CARTESIAN_POINT('',(2.043083062009E0,-2.169312182625E0,1.658226433366E0));
#1769=CARTESIAN_POINT('',(1.152426163991E0,-2.133642502288E0,2.133642502288E0));
#1770=CARTESIAN_POINT('',(1.149771480522E0,-2.052700396217E0,2.210830318993E0));
#1771=CARTESIAN_POINT('',(1.144460829427E0,-1.882392551105E0,2.356020335965E0));
#1772=CARTESIAN_POINT('',(1.136496640944E0,-1.605136665204E0,2.543575385822E0));
#1773=CARTESIAN_POINT('',(1.128517318722E0,-1.308983707500E0,2.699049341731E0));
#1774=CARTESIAN_POINT('',(1.120537524656E0,-9.981784341928E-1,
2.820282858061E0));
#1775=CARTESIAN_POINT('',(1.112556614315E0,-6.766371496584E-1,
2.906000283077E0));
#1776=CARTESIAN_POINT('',(1.104560136582E0,-3.477905778944E-1,
2.955339766305E0));
#1777=CARTESIAN_POINT('',(1.096566600326E0,-1.650793511696E-2,
2.967671425010E0));
#1778=CARTESIAN_POINT('',(1.088568305656E0,3.133941308190E-1,2.943085577399E0));
#1779=CARTESIAN_POINT('',(1.080555492718E0,6.381994545485E-1,2.881882352427E0));
#1780=CARTESIAN_POINT('',(1.072547122723E0,9.531053684562E-1,2.785103567288E0));
#1781=CARTESIAN_POINT('',(1.064530890077E0,1.254719152083E0,2.654016188492E0));
#1782=CARTESIAN_POINT('',(1.056502194155E0,1.539435963256E0,2.490200621806E0));
#1783=CARTESIAN_POINT('',(1.048478479783E0,1.803150824303E0,2.296215457664E0));
#1784=CARTESIAN_POINT('',(1.040442758485E0,2.043210721435E0,2.074228610095E0));
#1785=CARTESIAN_POINT('',(1.032399437038E0,2.256476234081E0,1.827173178233E0));
#1786=CARTESIAN_POINT('',(1.024359450460E0,2.440130401168E0,1.558633995469E0));
#1787=CARTESIAN_POINT('',(1.016304773471E0,2.592369031328E0,1.271469265687E0));
#1788=CARTESIAN_POINT('',(1.008247172964E0,2.711086945713E0,9.697513600442E-1));
#1789=CARTESIAN_POINT('',(1.000190066990E0,2.794953132181E0,6.575097305348E-1));
#1790=CARTESIAN_POINT('',(9.921151455174E-1,2.843150057316E0,
3.380113952577E-1));
#1791=CARTESIAN_POINT('',(9.840440450428E-1,2.855030932353E0,
1.618044014957E-2));
#1792=CARTESIAN_POINT('',(9.759674843954E-1,2.830701360394E0,
-3.042550580581E-1));
#1793=CARTESIAN_POINT('',(9.678763223849E-1,2.770468635951E0,
-6.195789549087E-1));
#1794=CARTESIAN_POINT('',(9.597895849952E-1,2.675383959930E0,
-9.250584517290E-1));
#1795=CARTESIAN_POINT('',(9.516939415606E-1,2.546706093642E0,
-1.217362780461E0));
#1796=CARTESIAN_POINT('',(9.435856031065E-1,2.386032668980E0,
-1.492893844620E0));
#1797=CARTESIAN_POINT('',(9.354828231665E-1,2.195939846357E0,
-1.747599901452E0));
#1798=CARTESIAN_POINT('',(9.300718680541E-1,2.051015282596E0,
-1.901813261014E0));
#1799=CARTESIAN_POINT('',(9.273651823343E-1,1.974500355978E0,
-1.974500355978E0));
#1801=CARTESIAN_POINT('',(8.E-1,0.E0,0.E0));
#1802=DIRECTION('',(-1.E0,0.E0,0.E0));
#1803=DIRECTION('',(0.E0,-7.071067811865E-1,7.071067811865E-1));
#1804=AXIS2_PLACEMENT_3D('',#1801,#1802,#1803);
#1806=DIRECTION('',(7.071067811865E-1,4.999999979791E-1,-5.000000020208E-1));
#1807=VECTOR('',#1806,1.414213560690E-1);
#1808=CARTESIAN_POINT('',(4.235782095445E-10,-1.714733943061E0,
1.714733945095E0));
#1809=LINE('',#1808,#1807);
#1810=DIRECTION('',(7.071067811865E-1,-4.999999979792E-1,5.000000020208E-1));
#1811=VECTOR('',#1810,1.414213560690E-1);
#1812=CARTESIAN_POINT('',(4.235782095445E-10,1.714733943061E0,
-1.714733945095E0));
#1813=LINE('',#1812,#1811);
#1814=CARTESIAN_POINT('',(1.E-1,0.E0,0.E0));
#1815=DIRECTION('',(1.E0,0.E0,0.E0));
#1816=DIRECTION('',(0.E0,7.071067811865E-1,-7.071067811865E-1));
#1817=AXIS2_PLACEMENT_3D('',#1814,#1815,#1816);
#1819=CARTESIAN_POINT('',(1.93E0,0.E0,0.E0));
#1820=DIRECTION('',(-1.E0,0.E0,0.E0));
#1821=DIRECTION('',(0.E0,-7.071067811865E-1,7.071067811865E-1));
#1822=AXIS2_PLACEMENT_3D('',#1819,#1820,#1821);
#1824=CARTESIAN_POINT('',(1.E-1,0.E0,0.E0));
#1825=DIRECTION('',(1.E0,0.E0,0.E0));
#1826=DIRECTION('',(0.E0,-7.071067811865E-1,7.071067811865E-1));
#1827=AXIS2_PLACEMENT_3D('',#1824,#1825,#1826);
#1829=DIRECTION('',(-1.E0,-5.174271455391E-10,-2.820466386718E-10));
#1830=VECTOR('',#1829,1.829999999695E0);
#1831=CARTESIAN_POINT('',(1.93E0,1.644023266259E0,-1.644023266259E0));
#1832=LINE('',#1831,#1830);
#1833=CARTESIAN_POINT('',(1.93E0,0.E0,0.E0));
#1834=DIRECTION('',(1.E0,0.E0,0.E0));
#1835=DIRECTION('',(0.E0,-7.071067811865E-1,7.071067811865E-1));
#1836=AXIS2_PLACEMENT_3D('',#1833,#1834,#1835);
#1838=DIRECTION('',(-1.E0,5.174266601957E-10,2.820465173360E-10));
#1839=VECTOR('',#1838,1.829999999695E0);
#1840=CARTESIAN_POINT('',(1.93E0,-1.644023266259E0,1.644023266259E0));
#1841=LINE('',#1840,#1839);
#1842=CARTESIAN_POINT('',(1.93E0,0.E0,0.E0));
#1843=DIRECTION('',(-1.E0,0.E0,0.E0));
#1844=DIRECTION('',(0.E0,1.E0,0.E0));
#1845=AXIS2_PLACEMENT_3D('',#1842,#1843,#1844);
#1847=CARTESIAN_POINT('',(1.93E0,0.E0,0.E0));
#1848=DIRECTION('',(-1.E0,0.E0,0.E0));
#1849=DIRECTION('',(0.E0,-1.E0,0.E0));
#1850=AXIS2_PLACEMENT_3D('',#1847,#1848,#1849);
#1852=CARTESIAN_POINT('',(2.03E0,0.E0,0.E0));
#1853=DIRECTION('',(-1.E0,0.E0,0.E0));
#1854=DIRECTION('',(0.E0,1.E0,0.E0));
#1855=AXIS2_PLACEMENT_3D('',#1852,#1853,#1854);
#1857=DIRECTION('',(-7.071067811865E-1,7.071067811866E-1,1.898582441021E-10));
#1858=VECTOR('',#1857,1.414213556057E-1);
#1859=CARTESIAN_POINT('',(2.03E0,2.05E0,5.504042889410E-10));
#1860=LINE('',#1859,#1858);
#1861=CARTESIAN_POINT('',(2.03E0,0.E0,0.E0));
#1862=DIRECTION('',(1.E0,0.E0,0.E0));
#1863=DIRECTION('',(0.E0,-1.968503937008E-1,-9.804335380330E-1));
#1864=AXIS2_PLACEMENT_3D('',#1861,#1862,#1863);
#1866=DIRECTION('',(0.E0,0.E0,1.E0));
#1867=VECTOR('',#1866,1.539603160965E-1);
#1868=CARTESIAN_POINT('',(2.03E0,-1.25E-1,-6.225752966509E-1));
#1869=LINE('',#1868,#1867);
#1870=DIRECTION('',(0.E0,0.E0,1.E0));
#1871=VECTOR('',#1870,1.539603160965E-1);
#1872=CARTESIAN_POINT('',(2.03E0,-1.25E-1,4.686149805544E-1));
#1873=LINE('',#1872,#1871);
#1874=CARTESIAN_POINT('',(2.03E0,0.E0,0.E0));
#1875=DIRECTION('',(1.E0,0.E0,0.E0));
#1876=DIRECTION('',(0.E0,1.968503937008E-1,9.804335380330E-1));
#1877=AXIS2_PLACEMENT_3D('',#1874,#1875,#1876);
#1879=DIRECTION('',(0.E0,0.E0,1.E0));
#1880=VECTOR('',#1879,1.539603160965E-1);
#1881=CARTESIAN_POINT('',(2.03E0,1.25E-1,4.686149805544E-1));
#1882=LINE('',#1881,#1880);
#1883=DIRECTION('',(0.E0,0.E0,1.E0));
#1884=VECTOR('',#1883,1.539603160965E-1);
#1885=CARTESIAN_POINT('',(2.03E0,1.25E-1,-6.225752966509E-1));
#1886=LINE('',#1885,#1884);
#1887=CARTESIAN_POINT('',(2.03E0,0.E0,0.E0));
#1888=DIRECTION('',(-1.E0,0.E0,0.E0));
#1889=DIRECTION('',(0.E0,-1.E0,-4.203832002543E-14));
#1890=AXIS2_PLACEMENT_3D('',#1887,#1888,#1889);
#1892=DIRECTION('',(-7.071067811865E-1,-7.071067811865E-1,-1.896468534716E-10));
#1893=VECTOR('',#1892,1.414213556057E-1);
#1894=CARTESIAN_POINT('',(2.03E0,-2.05E0,-5.504338450066E-10));
#1895=LINE('',#1894,#1893);
#1896=CARTESIAN_POINT('',(4.23E0,0.E0,0.E0));
#1897=DIRECTION('',(-1.E0,0.E0,0.E0));
#1898=DIRECTION('',(0.E0,1.968503937008E-1,-9.804335380330E-1));
#1899=AXIS2_PLACEMENT_3D('',#1896,#1897,#1898);
#1901=DIRECTION('',(-1.E0,0.E0,0.E0));
#1902=VECTOR('',#1901,2.2E0);
#1903=CARTESIAN_POINT('',(4.23E0,-1.25E-1,-6.225752966509E-1));
#1904=LINE('',#1903,#1902);
#1905=DIRECTION('',(-1.E0,0.E0,0.E0));
#1906=VECTOR('',#1905,2.2E0);
#1907=CARTESIAN_POINT('',(4.23E0,1.25E-1,-6.225752966509E-1));
#1908=LINE('',#1907,#1906);
#1909=DIRECTION('',(0.E0,0.E0,-1.E0));
#1910=VECTOR('',#1909,1.539603160965E-1);
#1911=CARTESIAN_POINT('',(4.23E0,1.25E-1,-4.686149805544E-1));
#1912=LINE('',#1911,#1910);
#1913=DIRECTION('',(0.E0,0.E0,1.E0));
#1914=VECTOR('',#1913,1.539603160965E-1);
#1915=CARTESIAN_POINT('',(4.23E0,-1.25E-1,-6.225752966509E-1));
#1916=LINE('',#1915,#1914);
#1917=CARTESIAN_POINT('',(4.23E0,0.E0,0.E0));
#1918=DIRECTION('',(1.E0,0.E0,0.E0));
#1919=DIRECTION('',(0.E0,0.E0,-1.E0));
#1920=AXIS2_PLACEMENT_3D('',#1917,#1918,#1919);
#1922=DIRECTION('',(1.E0,0.E0,0.E0));
#1923=VECTOR('',#1922,2.2E0);
#1924=CARTESIAN_POINT('',(2.03E0,1.25E-1,-4.686149805544E-1));
#1925=LINE('',#1924,#1923);
#1926=CARTESIAN_POINT('',(2.03E0,0.E0,0.E0));
#1927=DIRECTION('',(1.E0,0.E0,0.E0));
#1928=DIRECTION('',(0.E0,2.577319587629E-1,-9.662164547513E-1));
#1929=AXIS2_PLACEMENT_3D('',#1926,#1927,#1928);
#1931=DIRECTION('',(1.E0,0.E0,0.E0));
#1932=VECTOR('',#1931,2.2E0);
#1933=CARTESIAN_POINT('',(2.03E0,1.25E-1,4.686149805544E-1));
#1934=LINE('',#1933,#1932);
#1935=CARTESIAN_POINT('',(4.23E0,0.E0,0.E0));
#1936=DIRECTION('',(1.E0,0.E0,0.E0));
#1937=DIRECTION('',(0.E0,2.577319587629E-1,9.662164547513E-1));
#1938=AXIS2_PLACEMENT_3D('',#1935,#1936,#1937);
#1940=CARTESIAN_POINT('',(4.23E0,0.E0,0.E0));
#1941=DIRECTION('',(-1.E0,0.E0,0.E0));
#1942=DIRECTION('',(0.E0,-1.968503937008E-1,9.804335380330E-1));
#1943=AXIS2_PLACEMENT_3D('',#1940,#1941,#1942);
#1945=DIRECTION('',(-1.E0,0.E0,0.E0));
#1946=VECTOR('',#1945,2.2E0);
#1947=CARTESIAN_POINT('',(4.23E0,1.25E-1,6.225752966509E-1));
#1948=LINE('',#1947,#1946);
#1949=DIRECTION('',(-1.E0,0.E0,0.E0));
#1950=VECTOR('',#1949,2.2E0);
#1951=CARTESIAN_POINT('',(4.23E0,-1.25E-1,6.225752966509E-1));
#1952=LINE('',#1951,#1950);
#1953=DIRECTION('',(0.E0,0.E0,1.E0));
#1954=VECTOR('',#1953,1.539603160965E-1);
#1955=CARTESIAN_POINT('',(4.23E0,-1.25E-1,4.686149805544E-1));
#1956=LINE('',#1955,#1954);
#1957=DIRECTION('',(0.E0,0.E0,-1.E0));
#1958=VECTOR('',#1957,1.539603160965E-1);
#1959=CARTESIAN_POINT('',(4.23E0,1.25E-1,6.225752966509E-1));
#1960=LINE('',#1959,#1958);
#1961=CARTESIAN_POINT('',(4.23E0,0.E0,0.E0));
#1962=DIRECTION('',(1.E0,0.E0,0.E0));
#1963=DIRECTION('',(0.E0,0.E0,1.E0));
#1964=AXIS2_PLACEMENT_3D('',#1961,#1962,#1963);
#1966=DIRECTION('',(1.E0,0.E0,0.E0));
#1967=VECTOR('',#1966,2.2E0);
#1968=CARTESIAN_POINT('',(2.03E0,-1.25E-1,4.686149805544E-1));
#1969=LINE('',#1968,#1967);
#1970=CARTESIAN_POINT('',(2.03E0,0.E0,0.E0));
#1971=DIRECTION('',(-1.E0,0.E0,0.E0));
#1972=DIRECTION('',(0.E0,-2.577319587629E-1,-9.662164547513E-1));
#1973=AXIS2_PLACEMENT_3D('',#1970,#1971,#1972);
#1975=DIRECTION('',(1.E0,0.E0,0.E0));
#1976=VECTOR('',#1975,2.2E0);
#1977=CARTESIAN_POINT('',(2.03E0,-1.25E-1,-4.686149805544E-1));
#1978=LINE('',#1977,#1976);
#1979=CARTESIAN_POINT('',(4.23E0,0.E0,0.E0));
#1980=DIRECTION('',(1.E0,0.E0,0.E0));
#1981=DIRECTION('',(0.E0,-2.577319587629E-1,-9.662164547513E-1));
#1982=AXIS2_PLACEMENT_3D('',#1979,#1980,#1981);
#1984=DIRECTION('',(1.E0,0.E0,0.E0));
#1985=VECTOR('',#1984,7.E-1);
#1986=CARTESIAN_POINT('',(4.23E0,0.E0,-4.85E-1));
#1987=LINE('',#1986,#1985);
#1988=DIRECTION('',(1.E0,0.E0,0.E0));
#1989=VECTOR('',#1988,7.E-1);
#1990=CARTESIAN_POINT('',(4.23E0,0.E0,4.85E-1));
#1991=LINE('',#1990,#1989);
#1992=DIRECTION('',(5.E-1,0.E0,8.660254037844E-1));
#1993=VECTOR('',#1992,5.600297611139E-1);
#1994=CARTESIAN_POINT('',(4.93E0,0.E0,-4.85E-1));
#1995=LINE('',#1994,#1993);
#1996=DIRECTION('',(5.E-1,0.E0,-8.660254037844E-1));
#1997=VECTOR('',#1996,5.600297611139E-1);
#1998=CARTESIAN_POINT('',(4.93E0,0.E0,4.85E-1));
#1999=LINE('',#1998,#1997);
#2000=CARTESIAN_POINT('',(4.93E0,0.E0,0.E0));
#2001=DIRECTION('',(-1.E0,0.E0,0.E0));
#2002=DIRECTION('',(0.E0,0.E0,-1.E0));
#2003=AXIS2_PLACEMENT_3D('',#2000,#2001,#2002);
#2005=CARTESIAN_POINT('',(4.93E0,0.E0,0.E0));
#2006=DIRECTION('',(1.E0,0.E0,0.E0));
#2007=DIRECTION('',(0.E0,0.E0,-1.E0));
#2008=AXIS2_PLACEMENT_3D('',#2005,#2006,#2007);
#2010=CARTESIAN_POINT('',(7.87E0,3.175E0,-3.175E0));
#2011=CARTESIAN_POINT('',(7.87E0,3.175E0,3.175E0));
#2012=VERTEX_POINT('',#2010);
#2013=VERTEX_POINT('',#2011);
#2014=CARTESIAN_POINT('',(7.87E0,-3.175E0,3.175E0));
#2015=VERTEX_POINT('',#2014);
#2016=CARTESIAN_POINT('',(7.87E0,-3.175E0,-3.175E0));
#2017=VERTEX_POINT('',#2016);
#2018=CARTESIAN_POINT('',(1.333E1,3.175E0,-3.175E0));
#2019=VERTEX_POINT('',#2018);
#2020=CARTESIAN_POINT('',(1.333E1,-3.175E0,-3.175E0));
#2021=VERTEX_POINT('',#2020);
#2022=CARTESIAN_POINT('',(9.52E0,-2.365E0,6.3E-1));
#2023=CARTESIAN_POINT('',(9.52E0,-2.365E0,-3.9E-1));
#2024=VERTEX_POINT('',#2022);
#2025=VERTEX_POINT('',#2023);
#2026=CARTESIAN_POINT('',(9.52E0,2.365E0,-3.9E-1));
#2027=CARTESIAN_POINT('',(9.52E0,2.365E0,6.3E-1));
#2028=VERTEX_POINT('',#2026);
#2029=VERTEX_POINT('',#2027);
#2030=CARTESIAN_POINT('',(1.333E1,-3.175E0,6.3E-1));
#2031=CARTESIAN_POINT('',(1.333E1,-2.365E0,6.3E-1));
#2032=VERTEX_POINT('',#2030);
#2033=VERTEX_POINT('',#2031);
#2034=CARTESIAN_POINT('',(1.333E1,3.175E0,6.3E-1));
#2035=CARTESIAN_POINT('',(1.333E1,2.365E0,6.3E-1));
#2036=VERTEX_POINT('',#2034);
#2037=VERTEX_POINT('',#2035);
#2038=CARTESIAN_POINT('',(9.52E0,3.175E0,-1.605E0));
#2039=CARTESIAN_POINT('',(9.52E0,3.175E0,-3.9E-1));
#2040=VERTEX_POINT('',#2038);
#2041=VERTEX_POINT('',#2039);
#2042=CARTESIAN_POINT('',(9.52E0,3.175E0,6.3E-1));
#2043=CARTESIAN_POINT('',(9.52E0,3.175E0,3.175E0));
#2044=VERTEX_POINT('',#2042);
#2045=VERTEX_POINT('',#2043);
#2046=CARTESIAN_POINT('',(9.52E0,-3.175E0,3.175E0));
#2047=VERTEX_POINT('',#2046);
#2048=CARTESIAN_POINT('',(9.52E0,-3.175E0,6.3E-1));
#2049=VERTEX_POINT('',#2048);
#2050=CARTESIAN_POINT('',(9.52E0,-3.175E0,-3.9E-1));
#2051=CARTESIAN_POINT('',(9.52E0,-3.175E0,-1.605E0));
#2052=VERTEX_POINT('',#2050);
#2053=VERTEX_POINT('',#2051);
#2054=CARTESIAN_POINT('',(9.52E0,-2.365E0,-3.175E0));
#2055=CARTESIAN_POINT('',(9.52E0,2.365E0,-3.175E0));
#2056=VERTEX_POINT('',#2054);
#2057=VERTEX_POINT('',#2055);
#2058=CARTESIAN_POINT('',(1.333E1,-2.365E0,-3.175E0));
#2059=VERTEX_POINT('',#2058);
#2060=CARTESIAN_POINT('',(1.333E1,2.365E0,-3.175E0));
#2061=VERTEX_POINT('',#2060);
#2062=CARTESIAN_POINT('',(9.52E0,-2.365E0,-1.605E0));
#2063=VERTEX_POINT('',#2062);
#2064=CARTESIAN_POINT('',(9.52E0,2.365E0,-1.605E0));
#2065=VERTEX_POINT('',#2064);
#2066=CARTESIAN_POINT('',(1.93E0,-1.644023266259E0,1.644023266259E0));
#2067=CARTESIAN_POINT('',(1.93E0,1.644023266259E0,-1.644023266259E0));
#2068=VERTEX_POINT('',#2066);
#2069=VERTEX_POINT('',#2067);
#2070=CARTESIAN_POINT('',(8.E-1,-1.884439571862E0,1.884439571862E0));
#2071=CARTESIAN_POINT('',(8.E-1,1.884439571862E0,-1.884439571862E0));
#2072=VERTEX_POINT('',#2070);
#2073=VERTEX_POINT('',#2071);
#2074=CARTESIAN_POINT('',(5.E0,-1.732411613907E0,1.732411613907E0));
#2075=CARTESIAN_POINT('',(7.87E0,-1.732411613907E0,1.732411613907E0));
#2076=VERTEX_POINT('',#2074);
#2077=VERTEX_POINT('',#2075);
#2078=CARTESIAN_POINT('',(5.E0,1.732411613907E0,-1.732411613907E0));
#2079=CARTESIAN_POINT('',(7.87E0,1.732411613907E0,-1.732411613907E0));
#2080=VERTEX_POINT('',#2078);
#2081=VERTEX_POINT('',#2079);
#2082=CARTESIAN_POINT('',(2.043083062009E0,-2.169312182625E0,1.658226433366E0));
#2083=CARTESIAN_POINT('',(2.239555826880E0,-2.169312182625E0,1.658226433366E0));
#2084=VERTEX_POINT('',#2082);
#2085=VERTEX_POINT('',#2083);
#2086=VERTEX_POINT('',#652);
#2087=VERTEX_POINT('',#314);
#2088=VERTEX_POINT('',#344);
#2089=CARTESIAN_POINT('',(4.355E0,2.686036510858E0,-1.537606211725E0));
#2090=CARTESIAN_POINT('',(4.332638888889E0,2.686036510858E0,-1.537606211725E0));
#2091=VERTEX_POINT('',#2089);
#2092=VERTEX_POINT('',#2090);
#2093=VERTEX_POINT('',#346);
#2094=VERTEX_POINT('',#376);
#2095=VERTEX_POINT('',#991);
#2096=VERTEX_POINT('',#1021);
#2097=VERTEX_POINT('',#1127);
#2098=VERTEX_POINT('',#1157);
#2099=VERTEX_POINT('',#1023);
#2100=VERTEX_POINT('',#1053);
#2101=VERTEX_POINT('',#1159);
#2102=VERTEX_POINT('',#1189);
#2103=VERTEX_POINT('',#378);
#2104=VERTEX_POINT('',#383);
#2105=VERTEX_POINT('',#420);
#2106=VERTEX_POINT('',#1196);
#2107=VERTEX_POINT('',#1769);
#2108=VERTEX_POINT('',#1799);
#2109=VERTEX_POINT('',#57);
#2110=VERTEX_POINT('',#72);
#2111=CARTESIAN_POINT('',(8.655E-1,-2.648250291679E0,6.651320490118E-1));
#2112=VERTEX_POINT('',#2111);
#2113=VERTEX_POINT('',#100);
#2114=CARTESIAN_POINT('',(4.7195E0,2.369700385428E0,-1.356521409084E0));
#2115=VERTEX_POINT('',#2114);
#2116=CARTESIAN_POINT('',(4.7195E0,2.092973917185E0,-1.753593576626E0));
#2117=VERTEX_POINT('',#2116);
#2118=VERTEX_POINT('',#667);
#2119=VERTEX_POINT('',#674);
#2120=VERTEX_POINT('',#693);
#2121=CARTESIAN_POINT('',(0.E0,-1.714733944377E0,1.714733944377E0));
#2122=CARTESIAN_POINT('',(0.E0,1.714733944377E0,-1.714733944377E0));
#2123=VERTEX_POINT('',#2121);
#2124=VERTEX_POINT('',#2122);
#2125=CARTESIAN_POINT('',(1.E-1,-1.644023266259E0,1.644023266259E0));
#2126=CARTESIAN_POINT('',(1.E-1,1.644023266259E0,-1.644023266259E0));
#2127=VERTEX_POINT('',#2125);
#2128=VERTEX_POINT('',#2126);
#2129=CARTESIAN_POINT('',(1.93E0,2.15E0,0.E0));
#2130=CARTESIAN_POINT('',(1.93E0,-2.15E0,0.E0));
#2131=VERTEX_POINT('',#2129);
#2132=VERTEX_POINT('',#2130);
#2133=CARTESIAN_POINT('',(9.52E0,2.15E0,0.E0));
#2134=CARTESIAN_POINT('',(9.52E0,-2.15E0,0.E0));
#2135=VERTEX_POINT('',#2133);
#2136=VERTEX_POINT('',#2134);
#2137=CARTESIAN_POINT('',(0.E0,1.813728893743E0,-1.813728893743E0));
#2138=CARTESIAN_POINT('',(0.E0,-1.813728893743E0,1.813728893743E0));
#2139=VERTEX_POINT('',#2137);
#2140=VERTEX_POINT('',#2138);
#2141=CARTESIAN_POINT('',(1.E-1,1.884439571862E0,-1.884439571862E0));
#2142=CARTESIAN_POINT('',(1.E-1,-1.884439571862E0,1.884439571862E0));
#2143=VERTEX_POINT('',#2141);
#2144=VERTEX_POINT('',#2142);
#2145=CARTESIAN_POINT('',(1.333E1,-2.365E0,-1.9E-1));
#2146=CARTESIAN_POINT('',(1.313E1,-2.365E0,-3.9E-1));
#2147=VERTEX_POINT('',#2145);
#2148=VERTEX_POINT('',#2146);
#2149=CARTESIAN_POINT('',(1.313E1,-3.175E0,-3.9E-1));
#2150=VERTEX_POINT('',#2149);
#2151=CARTESIAN_POINT('',(1.333E1,-3.175E0,-1.9E-1));
#2152=VERTEX_POINT('',#2151);
#2153=CARTESIAN_POINT('',(1.333E1,-3.175E0,-1.805E0));
#2154=CARTESIAN_POINT('',(1.313E1,-3.175E0,-1.605E0));
#2155=VERTEX_POINT('',#2153);
#2156=VERTEX_POINT('',#2154);
#2157=CARTESIAN_POINT('',(1.313E1,-2.365E0,-1.605E0));
#2158=VERTEX_POINT('',#2157);
#2159=CARTESIAN_POINT('',(1.333E1,-2.365E0,-1.805E0));
#2160=VERTEX_POINT('',#2159);
#2161=CARTESIAN_POINT('',(1.333E1,3.175E0,-1.9E-1));
#2162=CARTESIAN_POINT('',(1.313E1,3.175E0,-3.9E-1));
#2163=VERTEX_POINT('',#2161);
#2164=VERTEX_POINT('',#2162);
#2165=CARTESIAN_POINT('',(1.313E1,2.365E0,-3.9E-1));
#2166=VERTEX_POINT('',#2165);
#2167=CARTESIAN_POINT('',(1.333E1,2.365E0,-1.9E-1));
#2168=VERTEX_POINT('',#2167);
#2169=CARTESIAN_POINT('',(1.333E1,2.365E0,-1.805E0));
#2170=CARTESIAN_POINT('',(1.313E1,2.365E0,-1.605E0));
#2171=VERTEX_POINT('',#2169);
#2172=VERTEX_POINT('',#2170);
#2173=CARTESIAN_POINT('',(1.313E1,3.175E0,-1.605E0));
#2174=VERTEX_POINT('',#2173);
#2175=CARTESIAN_POINT('',(1.333E1,3.175E0,-1.805E0));
#2176=VERTEX_POINT('',#2175);
#2177=CARTESIAN_POINT('',(9.44E0,2.05E0,0.E0));
#2178=CARTESIAN_POINT('',(9.44E0,-2.05E0,0.E0));
#2179=VERTEX_POINT('',#2177);
#2180=VERTEX_POINT('',#2178);
#2181=CARTESIAN_POINT('',(2.03E0,-2.05E0,-8.481521684877E-14));
#2182=CARTESIAN_POINT('',(2.03E0,2.05E0,0.E0));
#2183=VERTEX_POINT('',#2181);
#2184=VERTEX_POINT('',#2182);
#2185=CARTESIAN_POINT('',(9.42E0,-2.05E0,0.E0));
#2186=CARTESIAN_POINT('',(9.42E0,2.05E0,0.E0));
#2187=VERTEX_POINT('',#2185);
#2188=VERTEX_POINT('',#2186);
#2189=CARTESIAN_POINT('',(4.93E0,0.E0,-4.85E-1));
#2190=CARTESIAN_POINT('',(5.210014880557E0,0.E0,0.E0));
#2191=VERTEX_POINT('',#2189);
#2192=VERTEX_POINT('',#2190);
#2193=CARTESIAN_POINT('',(4.93E0,0.E0,4.85E-1));
#2194=VERTEX_POINT('',#2193);
#2195=CARTESIAN_POINT('',(1.331E1,0.E0,-3.8E-1));
#2196=CARTESIAN_POINT('',(1.331E1,0.E0,3.8E-1));
#2197=VERTEX_POINT('',#2195);
#2198=VERTEX_POINT('',#2196);
#2199=CARTESIAN_POINT('',(4.23E0,0.E0,-4.85E-1));
#2200=CARTESIAN_POINT('',(4.23E0,1.25E-1,-4.686149805544E-1));
#2201=VERTEX_POINT('',#2199);
#2202=VERTEX_POINT('',#2200);
#2203=CARTESIAN_POINT('',(4.23E0,1.25E-1,4.686149805544E-1));
#2204=CARTESIAN_POINT('',(4.23E0,0.E0,4.85E-1));
#2205=VERTEX_POINT('',#2203);
#2206=VERTEX_POINT('',#2204);
#2207=CARTESIAN_POINT('',(2.03E0,1.25E-1,-4.686149805544E-1));
#2208=VERTEX_POINT('',#2207);
#2209=CARTESIAN_POINT('',(2.03E0,1.25E-1,4.686149805544E-1));
#2210=VERTEX_POINT('',#2209);
#2211=CARTESIAN_POINT('',(4.23E0,-1.25E-1,4.686149805544E-1));
#2212=VERTEX_POINT('',#2211);
#2213=CARTESIAN_POINT('',(4.23E0,-1.25E-1,-4.686149805544E-1));
#2214=VERTEX_POINT('',#2213);
#2215=CARTESIAN_POINT('',(2.03E0,-1.25E-1,4.686149805544E-1));
#2216=VERTEX_POINT('',#2215);
#2217=CARTESIAN_POINT('',(2.03E0,-1.25E-1,-4.686149805544E-1));
#2218=VERTEX_POINT('',#2217);
#2219=CARTESIAN_POINT('',(9.44E0,0.E0,-3.8E-1));
#2220=CARTESIAN_POINT('',(9.44E0,0.E0,3.8E-1));
#2221=VERTEX_POINT('',#2219);
#2222=VERTEX_POINT('',#2220);
#2223=CARTESIAN_POINT('',(4.23E0,-1.25E-1,6.225752966509E-1));
#2224=CARTESIAN_POINT('',(4.23E0,1.25E-1,6.225752966509E-1));
#2225=VERTEX_POINT('',#2223);
#2226=VERTEX_POINT('',#2224);
#2227=CARTESIAN_POINT('',(2.03E0,-1.25E-1,6.225752966509E-1));
#2228=VERTEX_POINT('',#2227);
#2229=CARTESIAN_POINT('',(2.03E0,1.25E-1,6.225752966509E-1));
#2230=VERTEX_POINT('',#2229);
#2231=CARTESIAN_POINT('',(4.23E0,1.25E-1,-6.225752966509E-1));
#2232=CARTESIAN_POINT('',(4.23E0,-1.25E-1,-6.225752966509E-1));
#2233=VERTEX_POINT('',#2231);
#2234=VERTEX_POINT('',#2232);
#2235=CARTESIAN_POINT('',(2.03E0,-1.25E-1,-6.225752966509E-1));
#2236=VERTEX_POINT('',#2235);
#2237=CARTESIAN_POINT('',(2.03E0,1.25E-1,-6.225752966509E-1));
#2238=VERTEX_POINT('',#2237);
#2239=CARTESIAN_POINT('',(0.E0,0.E0,0.E0));
#2240=DIRECTION('',(1.E0,0.E0,0.E0));
#2241=DIRECTION('',(0.E0,-1.E0,0.E0));
#2242=AXIS2_PLACEMENT_3D('',#2239,#2240,#2241);
#2243=PLANE('',#2242);
#2245=ORIENTED_EDGE('',*,*,#2244,.F.);
#2247=ORIENTED_EDGE('',*,*,#2246,.F.);
#2248=EDGE_LOOP('',(#2245,#2247));
#2249=FACE_OUTER_BOUND('',#2248,.F.);
#2251=ORIENTED_EDGE('',*,*,#2250,.F.);
#2253=ORIENTED_EDGE('',*,*,#2252,.F.);
#2254=EDGE_LOOP('',(#2251,#2253));
#2255=FACE_BOUND('',#2254,.F.);
#2256=ADVANCED_FACE('',(#2249,#2255),#2243,.F.);
#2257=CARTESIAN_POINT('',(4.999999977463E-2,0.E0,0.E0));
#2258=DIRECTION('',(1.E0,0.E0,0.E0));
#2259=DIRECTION('',(0.E0,0.E0,-1.E0));
#2260=AXIS2_PLACEMENT_3D('',#2257,#2258,#2259);
#2261=CONICAL_SURFACE('',#2260,2.614999999775E0,4.5E1);
#2262=ORIENTED_EDGE('',*,*,#2244,.T.);
#2264=ORIENTED_EDGE('',*,*,#2263,.T.);
#2266=ORIENTED_EDGE('',*,*,#2265,.F.);
#2268=ORIENTED_EDGE('',*,*,#2267,.F.);
#2269=EDGE_LOOP('',(#2262,#2264,#2266,#2268));
#2270=FACE_OUTER_BOUND('',#2269,.F.);
#2271=ADVANCED_FACE('',(#2270),#2261,.T.);
#2272=CARTESIAN_POINT('',(4.999999977463E-2,0.E0,0.E0));
#2273=DIRECTION('',(1.E0,0.E0,0.E0));
#2274=DIRECTION('',(0.E0,0.E0,-1.E0));
#2275=AXIS2_PLACEMENT_3D('',#2272,#2273,#2274);
#2276=CONICAL_SURFACE('',#2275,2.614999999775E0,4.5E1);
#2277=ORIENTED_EDGE('',*,*,#2246,.T.);
#2278=ORIENTED_EDGE('',*,*,#2267,.T.);
#2280=ORIENTED_EDGE('',*,*,#2279,.F.);
#2281=ORIENTED_EDGE('',*,*,#2263,.F.);
#2282=EDGE_LOOP('',(#2277,#2278,#2280,#2281));
#2283=FACE_OUTER_BOUND('',#2282,.F.);
#2284=ADVANCED_FACE('',(#2283),#2276,.T.);
#2285=CARTESIAN_POINT('',(1.2915E0,0.E0,0.E0));
#2286=DIRECTION('',(-1.E0,0.E0,0.E0));
#2287=DIRECTION('',(0.E0,-7.071067811865E-1,7.071067811865E-1));
#2288=AXIS2_PLACEMENT_3D('',#2285,#2286,#2287);
#2289=CYLINDRICAL_SURFACE('',#2288,2.665E0);
#2290=ORIENTED_EDGE('',*,*,#2279,.T.);
#2292=ORIENTED_EDGE('',*,*,#2291,.T.);
#2294=ORIENTED_EDGE('',*,*,#2293,.F.);
#2296=ORIENTED_EDGE('',*,*,#2295,.F.);
#2297=EDGE_LOOP('',(#2290,#2292,#2294,#2296));
#2298=FACE_OUTER_BOUND('',#2297,.F.);
#2299=ADVANCED_FACE('',(#2298),#2289,.T.);
#2300=CARTESIAN_POINT('',(1.2915E0,0.E0,0.E0));
#2301=DIRECTION('',(-1.E0,0.E0,0.E0));
#2302=DIRECTION('',(0.E0,-7.071067811865E-1,7.071067811865E-1));
#2303=AXIS2_PLACEMENT_3D('',#2300,#2301,#2302);
#2304=CYLINDRICAL_SURFACE('',#2303,2.665E0);
#2305=ORIENTED_EDGE('',*,*,#2265,.T.);
#2306=ORIENTED_EDGE('',*,*,#2295,.T.);
#2308=ORIENTED_EDGE('',*,*,#2307,.T.);
#2309=ORIENTED_EDGE('',*,*,#2291,.F.);
#2310=EDGE_LOOP('',(#2305,#2306,#2308,#2309));
#2311=FACE_OUTER_BOUND('',#2310,.F.);
#2312=ADVANCED_FACE('',(#2311),#2304,.T.);
#2313=CARTESIAN_POINT('',(1.015E0,0.E0,0.E0));
#2314=DIRECTION('',(1.E0,0.E0,0.E0));
#2315=DIRECTION('',(0.E0,7.071067811865E-1,-7.071067811865E-1));
#2316=AXIS2_PLACEMENT_3D('',#2313,#2314,#2315);
#2317=CONICAL_SURFACE('',#2316,2.88E0,4.5E1);
#2319=ORIENTED_EDGE('',*,*,#2318,.F.);
#2321=ORIENTED_EDGE('',*,*,#2320,.F.);
#2322=ORIENTED_EDGE('',*,*,#2307,.F.);
#2324=ORIENTED_EDGE('',*,*,#2323,.T.);
#2326=ORIENTED_EDGE('',*,*,#2325,.F.);
#2328=ORIENTED_EDGE('',*,*,#2327,.F.);
#2330=ORIENTED_EDGE('',*,*,#2329,.F.);
#2332=ORIENTED_EDGE('',*,*,#2331,.F.);
#2333=EDGE_LOOP('',(#2319,#2321,#2322,#2324,#2326,#2328,#2330,#2332));
#2334=FACE_OUTER_BOUND('',#2333,.F.);
#2335=ADVANCED_FACE('',(#2334),#2317,.T.);
#2336=CARTESIAN_POINT('',(6.258588032958E-1,-8.776691730359E-1,
-2.978144319847E0));
#2337=CARTESIAN_POINT('',(6.386159531342E-1,-5.414512075258E-1,
-3.077228887973E0));
#2338=CARTESIAN_POINT('',(6.641302528110E-1,1.647789049877E-1,
-3.160407870428E0));
#2339=CARTESIAN_POINT('',(7.024017023263E-1,1.205470706096E0,
-2.926125174294E0));
#2340=CARTESIAN_POINT('',(7.406731518416E-1,2.109184147080E0,
-2.359384013353E0));
#2341=CARTESIAN_POINT('',(7.789446013569E-1,2.773266524548E0,
-1.524581766547E0));
#2342=CARTESIAN_POINT('',(8.172160508722E-1,3.122261610081E0,
-5.165630583030E-1));
#2343=CARTESIAN_POINT('',(8.554875003874E-1,3.116519822936E0,
5.501451017318E-1));
#2344=CARTESIAN_POINT('',(8.937589499027E-1,2.756693074092E0,1.554348294599E0));
#2345=CARTESIAN_POINT('',(9.320303994180E-1,2.083663368314E0,2.381953466392E0));
#2346=CARTESIAN_POINT('',(9.703018489333E-1,1.173897260707E0,2.938931875096E0));
#2347=CARTESIAN_POINT('',(1.008573298449E0,1.307582646816E-1,3.162002153925E0));
#2348=CARTESIAN_POINT('',(1.046844747964E0,-9.272368936624E-1,
3.025820068751E0));
#2349=CARTESIAN_POINT('',(1.085116197479E0,-1.879883595438E0,2.545858011146E0));
#2350=CARTESIAN_POINT('',(1.123387646994E0,-2.618946437053E0,1.776647096415E0));
#2351=CARTESIAN_POINT('',(1.161659096510E0,-3.060456445586E0,
8.055815849512E-1));
#2352=CARTESIAN_POINT('',(1.199930546025E0,-3.154251253460E0,
-2.570104577468E-1));
#2353=CARTESIAN_POINT('',(1.238201995540E0,-2.889674319394E0,
-1.290402136226E0));
#2354=CARTESIAN_POINT('',(1.276473445055E0,-2.296785676380E0,
-2.177184168168E0));
#2355=CARTESIAN_POINT('',(1.314744894571E0,-1.442946646867E0,
-2.816604395302E0));
#2356=CARTESIAN_POINT('',(1.353016344086E0,-4.251665543857E-1,
-3.136014787335E0));
#2357=CARTESIAN_POINT('',(1.391287793601E0,6.409190364461E-1,
-3.099125382109E0));
#2358=CARTESIAN_POINT('',(1.429559243117E0,1.634186309038E0,-2.710127386817E0));
#2359=CARTESIAN_POINT('',(1.467830692632E0,2.441784734421E0,-2.013216991772E0));
#2360=CARTESIAN_POINT('',(1.506102142147E0,2.971958636808E0,-1.087574000358E0));
#2361=CARTESIAN_POINT('',(1.544373591662E0,3.164472059574E0,
-3.836577490120E-2));
#2362=CARTESIAN_POINT('',(1.582645041178E0,2.997452495677E0,1.015201389789E0));
#2363=CARTESIAN_POINT('',(1.620916490693E0,2.489875965850E0,1.953425994092E0));
#2364=CARTESIAN_POINT('',(1.659187940208E0,1.699410963212E0,2.669711095437E0));
#2365=CARTESIAN_POINT('',(1.697459389724E0,7.158667406990E-1,3.082676043412E0));
#2366=CARTESIAN_POINT('',(1.735730839239E0,-3.490116054376E-1,
3.145400068040E0));
#2367=CARTESIAN_POINT('',(1.774002288754E0,-1.374234644115E0,2.850762582504E0));
#2368=CARTESIAN_POINT('',(1.812273738269E0,-2.243331537741E0,2.232217195250E0));
#2369=CARTESIAN_POINT('',(1.837788037946E0,-2.652791023304E0,1.650820046456E0));
#2370=CARTESIAN_POINT('',(1.850545187785E0,-2.803429973500E0,1.334326478344E0));
#2371=CARTESIAN_POINT('',(6.997704358986E-1,-8.414804126246E-1,
-2.855347080782E0));
#2372=CARTESIAN_POINT('',(7.125275857370E-1,-5.191256563665E-1,
-2.950346114396E0));
#2373=CARTESIAN_POINT('',(7.380418854139E-1,1.579846088034E-1,
-3.030095394226E0));
#2374=CARTESIAN_POINT('',(7.763133349292E-1,1.155765769537E0,
-2.805472830428E0));
#2375=CARTESIAN_POINT('',(8.145847844444E-1,2.022216571931E0,
-2.262099996322E0));
#2376=CARTESIAN_POINT('',(8.528562339597E-1,2.658916971326E0,
-1.461718986388E0));
#2377=CARTESIAN_POINT('',(8.911276834750E-1,2.993522011129E0,
-4.952637153062E-1));
#2378=CARTESIAN_POINT('',(9.293991329903E-1,2.988016973965E0,
5.274610769424E-1));
#2379=CARTESIAN_POINT('',(9.676705825055E-1,2.643026890693E0,1.490258157043E0));
#2380=CARTESIAN_POINT('',(1.005942032021E0,1.997748086417E0,2.283738847543E0));
#2381=CARTESIAN_POINT('',(1.044213481536E0,1.125494185812E0,2.817751475055E0));
#2382=CARTESIAN_POINT('',(1.082484931051E0,1.253667348686E-1,3.031623940945E0));
#2383=CARTESIAN_POINT('',(1.120756380567E0,-8.890043171744E-1,
2.901057024907E0));
#2384=CARTESIAN_POINT('',(1.159027830082E0,-1.802370724841E0,2.440885148435E0));
#2385=CARTESIAN_POINT('',(1.197299279597E0,-2.510959933650E0,1.703390956080E0));
#2386=CARTESIAN_POINT('',(1.235570729112E0,-2.934265246828E0,
7.723651978828E-1));
#2387=CARTESIAN_POINT('',(1.273842178628E0,-3.024192631834E0,
-2.464131960857E-1));
#2388=CARTESIAN_POINT('',(1.312113628143E0,-2.770524946460E0,
-1.237195238711E0));
#2389=CARTESIAN_POINT('',(1.350385077658E0,-2.202082764267E0,
-2.087412761522E0));
#2390=CARTESIAN_POINT('',(1.388656527174E0,-1.383449911543E0,
-2.700467900178E0));
#2391=CARTESIAN_POINT('',(1.426927976689E0,-4.076357454611E-1,
-3.006708106331E0));
#2392=CARTESIAN_POINT('',(1.465199426204E0,6.144921478581E-1,
-2.971339754696E0));
#2393=CARTESIAN_POINT('',(1.503470875719E0,1.566804226333E0,-2.598381237244E0));
#2394=CARTESIAN_POINT('',(1.541742325235E0,2.341103104663E0,-1.930206411465E0));
#2395=CARTESIAN_POINT('',(1.580013774750E0,2.849416450795E0,-1.042730275482E0));
#2396=CARTESIAN_POINT('',(1.618285224265E0,3.033992005460E0,
-3.678384644963E-2));
#2397=CARTESIAN_POINT('',(1.656556673781E0,2.873859126395E0,9.733417905314E-1));
#2398=CARTESIAN_POINT('',(1.694828123296E0,2.387211399804E0,1.872880764234E0));
#2399=CARTESIAN_POINT('',(1.733099572811E0,1.629339485169E0,2.559631422858E0));
#2400=CARTESIAN_POINT('',(1.771371022326E0,6.863495481606E-1,2.955568668347E0));
#2401=CARTESIAN_POINT('',(1.809642471842E0,-3.346208785464E-1,
3.015706405602E0));
#2402=CARTESIAN_POINT('',(1.847913921357E0,-1.317571097289E0,2.733217649564E0));
#2403=CARTESIAN_POINT('',(1.886185370872E0,-2.150832689614E0,2.140176622622E0));
#2404=CARTESIAN_POINT('',(1.911699670549E0,-2.543409012732E0,1.582752108128E0));
#2405=CARTESIAN_POINT('',(1.924456820387E0,-2.687836696720E0,1.279308457069E0));
#2406=CARTESIAN_POINT('',(7.736820685014E-1,-8.052916522133E-1,
-2.732549841717E0));
#2407=CARTESIAN_POINT('',(7.864392183399E-1,-4.968001052072E-1,
-2.823463340819E0));
#2408=CARTESIAN_POINT('',(8.119535180167E-1,1.511903126191E-1,
-2.899782918024E0));
#2409=CARTESIAN_POINT('',(8.502249675320E-1,1.106060832978E0,
-2.684820486561E0));
#2410=CARTESIAN_POINT('',(8.884964170473E-1,1.935248996782E0,
-2.164815979290E0));
#2411=CARTESIAN_POINT('',(9.267678665625E-1,2.544567418104E0,
-1.398856206229E0));
#2412=CARTESIAN_POINT('',(9.650393160778E-1,2.864782412178E0,
-4.739643723094E-1));
#2413=CARTESIAN_POINT('',(1.003310765593E0,2.859514124994E0,5.047770521531E-1));
#2414=CARTESIAN_POINT('',(1.041582215108E0,2.529360707294E0,1.426168019486E0));
#2415=CARTESIAN_POINT('',(1.079853664624E0,1.911832804520E0,2.185524228693E0));
#2416=CARTESIAN_POINT('',(1.118125114139E0,1.077091110918E0,2.696571075013E0));
#2417=CARTESIAN_POINT('',(1.156396563654E0,1.199752050556E-1,2.901245727965E0));
#2418=CARTESIAN_POINT('',(1.194668013169E0,-8.507717406865E-1,
2.776293981063E0));
#2419=CARTESIAN_POINT('',(1.232939462685E0,-1.724857854244E0,2.335912285724E0));
#2420=CARTESIAN_POINT('',(1.271210912200E0,-2.402973430248E0,1.630134815745E0));
#2421=CARTESIAN_POINT('',(1.309482361715E0,-2.808074048069E0,
7.391488108144E-1));
#2422=CARTESIAN_POINT('',(1.347753811231E0,-2.894134010208E0,
-2.358159344245E-1));
#2423=CARTESIAN_POINT('',(1.386025260746E0,-2.651375573525E0,
-1.183988341195E0));
#2424=CARTESIAN_POINT('',(1.424296710261E0,-2.107379852153E0,
-1.997641354876E0));
#2425=CARTESIAN_POINT('',(1.462568159776E0,-1.323953176220E0,
-2.584331405054E0));
#2426=CARTESIAN_POINT('',(1.500839609292E0,-3.901049365364E-1,
-2.877401425326E0));
#2427=CARTESIAN_POINT('',(1.539111058807E0,5.880652592700E-1,
-2.843554127283E0));
#2428=CARTESIAN_POINT('',(1.577382508322E0,1.499422143628E0,-2.486635087671E0));
#2429=CARTESIAN_POINT('',(1.615653957838E0,2.240421474904E0,-1.847195831158E0));
#2430=CARTESIAN_POINT('',(1.653925407353E0,2.726874264783E0,
-9.978865506047E-1));
#2431=CARTESIAN_POINT('',(1.692196856868E0,2.903511951346E0,
-3.520191799806E-2));
#2432=CARTESIAN_POINT('',(1.730468306383E0,2.750265757113E0,9.314821912736E-1));
#2433=CARTESIAN_POINT('',(1.768739755899E0,2.284546833758E0,1.792335534376E0));
#2434=CARTESIAN_POINT('',(1.807011205414E0,1.559268007125E0,2.449551750280E0));
#2435=CARTESIAN_POINT('',(1.845282654929E0,6.568323556222E-1,2.828461293281E0));
#2436=CARTESIAN_POINT('',(1.883554104444E0,-3.202301516553E-1,
2.886012743164E0));
#2437=CARTESIAN_POINT('',(1.921825553960E0,-1.260907550462E0,2.615672716625E0));
#2438=CARTESIAN_POINT('',(1.960097003475E0,-2.058333841487E0,2.048136049993E0));
#2439=CARTESIAN_POINT('',(1.985611303152E0,-2.434027002160E0,1.514684169799E0));
#2440=CARTESIAN_POINT('',(1.998368452990E0,-2.572243419939E0,1.224290435793E0));
#2441=CARTESIAN_POINT('',(8.475937011043E-1,-7.691028918021E-1,
-2.609752602652E0));
#2442=CARTESIAN_POINT('',(8.603508509427E-1,-4.744745540479E-1,
-2.696580567243E0));
#2443=CARTESIAN_POINT('',(8.858651506195E-1,1.443960164348E-1,
-2.769470441821E0));
#2444=CARTESIAN_POINT('',(9.241366001348E-1,1.056355896419E0,
-2.564168142695E0));
#2445=CARTESIAN_POINT('',(9.624080496501E-1,1.848281421633E0,
-2.067531962259E0));
#2446=CARTESIAN_POINT('',(1.000679499165E0,2.430217864882E0,-1.335993426070E0));
#2447=CARTESIAN_POINT('',(1.038950948681E0,2.736042813227E0,
-4.526650293125E-1));
#2448=CARTESIAN_POINT('',(1.077222398196E0,2.731011276023E0,4.820930273637E-1));
#2449=CARTESIAN_POINT('',(1.115493847711E0,2.415694523895E0,1.362077881930E0));
#2450=CARTESIAN_POINT('',(1.153765297226E0,1.825917522623E0,2.087309609843E0));
#2451=CARTESIAN_POINT('',(1.192036746742E0,1.028688036023E0,2.575390674971E0));
#2452=CARTESIAN_POINT('',(1.230308196257E0,1.145836752427E-1,2.770867514984E0));
#2453=CARTESIAN_POINT('',(1.268579645772E0,-8.125391641985E-1,
2.651530937220E0));
#2454=CARTESIAN_POINT('',(1.306851095288E0,-1.647344983647E0,2.230939423014E0));
#2455=CARTESIAN_POINT('',(1.345122544803E0,-2.294986926845E0,1.556878675410E0));
#2456=CARTESIAN_POINT('',(1.383393994318E0,-2.681882849311E0,
7.059324237461E-1));
#2457=CARTESIAN_POINT('',(1.421665443833E0,-2.764075388583E0,
-2.252186727634E-1));
#2458=CARTESIAN_POINT('',(1.459936893349E0,-2.532226200591E0,
-1.130781443680E0));
#2459=CARTESIAN_POINT('',(1.498208342864E0,-2.012676940040E0,
-1.907869948230E0));
#2460=CARTESIAN_POINT('',(1.536479792379E0,-1.264456440896E0,
-2.468194909930E0));
#2461=CARTESIAN_POINT('',(1.574751241895E0,-3.725741276118E-1,
-2.748094744322E0));
#2462=CARTESIAN_POINT('',(1.613022691410E0,5.616383706820E-1,
-2.715768499869E0));
#2463=CARTESIAN_POINT('',(1.651294140925E0,1.432040060923E0,-2.374888938098E0));
#2464=CARTESIAN_POINT('',(1.689565590440E0,2.139739845146E0,-1.764185250851E0));
#2465=CARTESIAN_POINT('',(1.727837039956E0,2.604332078770E0,
-9.530428257279E-1));
#2466=CARTESIAN_POINT('',(1.766108489471E0,2.773031897232E0,
-3.361998954649E-2));
#2467=CARTESIAN_POINT('',(1.804379938986E0,2.626672387832E0,8.896225920157E-1));
#2468=CARTESIAN_POINT('',(1.842651388501E0,2.181882267711E0,1.711790304518E0));
#2469=CARTESIAN_POINT('',(1.880922838017E0,1.489196529081E0,2.339472077701E0));
#2470=CARTESIAN_POINT('',(1.919194287532E0,6.273151630837E-1,2.701353918215E0));
#2471=CARTESIAN_POINT('',(1.957465737047E0,-3.058394247641E-1,
2.756319080726E0));
#2472=CARTESIAN_POINT('',(1.995737186563E0,-1.204244003635E0,2.498127783685E0));
#2473=CARTESIAN_POINT('',(2.034008636078E0,-1.965834993360E0,1.956095477364E0));
#2474=CARTESIAN_POINT('',(2.059522935755E0,-2.324644991589E0,1.446616231470E0));
#2475=CARTESIAN_POINT('',(2.072280085593E0,-2.456650143158E0,1.169272414517E0));
#2476=B_SPLINE_SURFACE_WITH_KNOTS('',3,3,((#2336,#2337,#2338,#2339,#2340,#2341,
#2342,#2343,#2344,#2345,#2346,#2347,#2348,#2349,#2350,#2351,#2352,#2353,#2354,
#2355,#2356,#2357,#2358,#2359,#2360,#2361,#2362,#2363,#2364,#2365,#2366,#2367,
#2368,#2369,#2370),(#2371,#2372,#2373,#2374,#2375,#2376,#2377,#2378,#2379,#2380,
#2381,#2382,#2383,#2384,#2385,#2386,#2387,#2388,#2389,#2390,#2391,#2392,#2393,
#2394,#2395,#2396,#2397,#2398,#2399,#2400,#2401,#2402,#2403,#2404,#2405),(#2406,
#2407,#2408,#2409,#2410,#2411,#2412,#2413,#2414,#2415,#2416,#2417,#2418,#2419,
#2420,#2421,#2422,#2423,#2424,#2425,#2426,#2427,#2428,#2429,#2430,#2431,#2432,
#2433,#2434,#2435,#2436,#2437,#2438,#2439,#2440),(#2441,#2442,#2443,#2444,#2445,
#2446,#2447,#2448,#2449,#2450,#2451,#2452,#2453,#2454,#2455,#2456,#2457,#2458,
#2459,#2460,#2461,#2462,#2463,#2464,#2465,#2466,#2467,#2468,#2469,#2470,#2471,
#2472,#2473,#2474,#2475)),.UNSPECIFIED.,.F.,.F.,.F.,(4,4),(4,1,1,1,1,1,1,1,1,1,
1,1,1,1,1,1,1,1,1,1,1,1,1,1,1,1,1,1,1,1,1,1,4),(-2.682593801840E-2,
1.026825938018E0),(5.195461107005E-1,5.348546905066E-1,5.501632703128E-1,
5.654718501189E-1,5.807804299250E-1,5.960890097311E-1,6.113975895372E-1,
6.267061693433E-1,6.420147491494E-1,6.573233289555E-1,6.726319087616E-1,
6.879404885677E-1,7.032490683739E-1,7.185576481800E-1,7.338662279861E-1,
7.491748077922E-1,7.644833875983E-1,7.797919674044E-1,7.951005472105E-1,
8.104091270166E-1,8.257177068227E-1,8.410262866289E-1,8.563348664350E-1,
8.716434462411E-1,8.869520260472E-1,9.022606058533E-1,9.175691856594E-1,
9.328777654655E-1,9.481863452716E-1,9.634949250777E-1,9.788035048838E-1,
9.941120846900E-1,1.009420664496E0),.UNSPECIFIED.);
#2478=ORIENTED_EDGE('',*,*,#2477,.F.);
#2479=ORIENTED_EDGE('',*,*,#2325,.T.);
#2481=ORIENTED_EDGE('',*,*,#2480,.T.);
#2482=ORIENTED_EDGE('',*,*,#2318,.T.);
#2484=ORIENTED_EDGE('',*,*,#2483,.T.);
#2486=ORIENTED_EDGE('',*,*,#2485,.F.);
#2488=ORIENTED_EDGE('',*,*,#2487,.T.);
#2489=EDGE_LOOP('',(#2478,#2479,#2481,#2482,#2484,#2486,#2488));
#2490=FACE_OUTER_BOUND('',#2489,.F.);
#2491=ADVANCED_FACE('',(#2490),#2476,.F.);
#2492=CARTESIAN_POINT('',(8.2635E0,0.E0,0.E0));
#2493=DIRECTION('',(-1.E0,0.E0,0.E0));
#2494=DIRECTION('',(0.E0,-7.071067811865E-1,7.071067811865E-1));
#2495=AXIS2_PLACEMENT_3D('',#2492,#2493,#2494);
#2496=CYLINDRICAL_SURFACE('',#2495,3.095E0);
#2498=ORIENTED_EDGE('',*,*,#2497,.T.);
#2499=ORIENTED_EDGE('',*,*,#2327,.T.);
#2500=ORIENTED_EDGE('',*,*,#2477,.T.);
#2502=ORIENTED_EDGE('',*,*,#2501,.F.);
#2503=EDGE_LOOP('',(#2498,#2499,#2500,#2502));
#2504=FACE_OUTER_BOUND('',#2503,.F.);
#2505=ADVANCED_FACE('',(#2504),#2496,.T.);
#2506=CARTESIAN_POINT('',(8.323735211180E-1,-2.401522919254E0,
1.278677274970E0));
#2507=CARTESIAN_POINT('',(8.472591259092E-1,-2.569964361329E0,
9.623222480891E-1));
#2508=CARTESIAN_POINT('',(8.770303354916E-1,-2.780109937812E0,
2.623258095743E-1));
#2509=CARTESIAN_POINT('',(9.216871498652E-1,-2.666822285331E0,
-8.282262894656E-1));
#2510=CARTESIAN_POINT('',(9.663439642388E-1,-2.142412532640E0,
-1.791071041562E0));
#2511=CARTESIAN_POINT('',(1.011000778612E0,-1.287742736281E0,
-2.477820933995E0));
#2512=CARTESIAN_POINT('',(1.055657592986E0,-2.345591621685E-1,
-2.782598939955E0));
#2513=CARTESIAN_POINT('',(1.100314407360E0,8.547826604966E-1,
-2.658424758279E0));
#2514=CARTESIAN_POINT('',(1.144971221733E0,1.812355162575E0,-2.124439741683E0));
#2515=CARTESIAN_POINT('',(1.189628036107E0,2.490543211323E0,-1.262960799482E0));
#2516=CARTESIAN_POINT('',(1.234284850480E0,2.784800450885E0,
-2.067895521337E-1));
#2517=CARTESIAN_POINT('',(1.278941664854E0,2.649765515445E0,8.812594290253E-1));
#2518=CARTESIAN_POINT('',(1.323598479228E0,2.106254778689E0,1.833457465072E0));
#2519=CARTESIAN_POINT('',(1.368255293601E0,1.238053383551E0,2.503018035924E0));
#2520=CARTESIAN_POINT('',(1.412912107975E0,1.789993090201E-1,2.786724729164E0));
#2521=CARTESIAN_POINT('',(1.457568922349E0,-9.076484849797E-1,
2.640842611073E0));
#2522=CARTESIAN_POINT('',(1.502225736722E0,-1.854377316163E0,2.087860205582E0));
#2523=CARTESIAN_POINT('',(1.546882551096E0,-2.515243773268E0,1.213022765567E0));
#2524=CARTESIAN_POINT('',(1.591539365469E0,-2.788371688631E0,
1.511912523653E-1));
#2525=CARTESIAN_POINT('',(1.636196179843E0,-2.631656904896E0,
-9.339472167414E-1));
#2526=CARTESIAN_POINT('',(1.680852994217E0,-2.069257860450E0,
-1.875112630146E0));
#2527=CARTESIAN_POINT('',(1.725509808590E0,-1.187871434403E0,
-2.527219207748E0));
#2528=CARTESIAN_POINT('',(1.770166622964E0,-1.233681500310E-1,
-2.789741165151E0));
#2529=CARTESIAN_POINT('',(1.814823437337E0,9.601530074221E-1,
-2.622209310949E0));
#2530=CARTESIAN_POINT('',(1.859480251711E0,1.895661343270E0,-2.050449595029E0));
#2531=CARTESIAN_POINT('',(1.904137066085E0,2.538943148586E0,-1.162601890909E0));
#2532=CARTESIAN_POINT('',(1.948793880458E0,2.790833018935E0,
-9.553277855646E-2));
#2533=CARTESIAN_POINT('',(1.993450694832E0,2.612500782479E0,9.862632780664E-1));
#2534=CARTESIAN_POINT('',(2.038107509205E0,2.031437232212E0,1.916021302799E0));
#2535=CARTESIAN_POINT('',(2.082764323579E0,1.137216831887E0,2.550414831564E0));
#2536=CARTESIAN_POINT('',(2.127421137953E0,6.768722827868E-2,2.791645639235E0));
#2537=CARTESIAN_POINT('',(2.172077952326E0,-1.012272893720E0,2.602537891509E0));
#2538=CARTESIAN_POINT('',(2.216734766700E0,-1.936199949372E0,2.012201742556E0));
#2539=CARTESIAN_POINT('',(2.246505976282E0,-2.353131839591E0,1.411931823131E0));
#2540=CARTESIAN_POINT('',(2.261391581074E0,-2.495816981360E0,1.083155344715E0));
#2541=CARTESIAN_POINT('',(9.062851537208E-1,-2.514522283154E0,
1.338843146195E0));
#2542=CARTESIAN_POINT('',(9.211707585120E-1,-2.690889435892E0,
1.007602599581E0));
#2543=CARTESIAN_POINT('',(9.509419680944E-1,-2.910923036461E0,
2.746690811619E-1));
#2544=CARTESIAN_POINT('',(9.955987824680E-1,-2.792304836199E0,
-8.671969955640E-1));
#2545=CARTESIAN_POINT('',(1.040255596842E0,-2.243219920926E0,
-1.875346684644E0));
#2546=CARTESIAN_POINT('',(1.084912411215E0,-1.348335166568E0,
-2.594410364458E0));
#2547=CARTESIAN_POINT('',(1.129569225589E0,-2.455959238456E-1,
-2.913529154147E0));
#2548=CARTESIAN_POINT('',(1.174226039962E0,8.950029291162E-1,
-2.783512178537E0));
#2549=CARTESIAN_POINT('',(1.218882854336E0,1.897632291887E0,-2.224401452450E0));
#2550=CARTESIAN_POINT('',(1.263539668710E0,2.607731265781E0,-1.322387160075E0));
#2551=CARTESIAN_POINT('',(1.308196483083E0,2.915834253234E0,
-2.165196644990E-1));
#2552=CARTESIAN_POINT('',(1.352853297457E0,2.774445490526E0,9.227255146129E-1));
#2553=CARTESIAN_POINT('',(1.397510111831E0,2.205360828560E0,1.919727525470E0));
#2554=CARTESIAN_POINT('',(1.442166926204E0,1.296307770255E0,2.620793070932E0));
#2555=CARTESIAN_POINT('',(1.486823740578E0,1.874218012210E-1,2.917849074984E0));
#2556=CARTESIAN_POINT('',(1.531480554951E0,-9.503562603771E-1,
2.765102734855E0));
#2557=CARTESIAN_POINT('',(1.576137369325E0,-1.941631722721E0,2.186100731729E0));
#2558=CARTESIAN_POINT('',(1.620794183699E0,-2.633594068472E0,1.270099381329E0));
#2559=CARTESIAN_POINT('',(1.665450998072E0,-2.919573529182E0,
1.583052862175E-1));
#2560=CARTESIAN_POINT('',(1.710107812446E0,-2.755484811709E0,
-9.778924319053E-1));
#2561=CARTESIAN_POINT('',(1.754764626819E0,-2.166623086532E0,
-1.963342699802E0));
#2562=CARTESIAN_POINT('',(1.799421441193E0,-1.243764599280E0,
-2.646132985594E0));
#2563=CARTESIAN_POINT('',(1.844078255567E0,-1.291730175870E-1,
-2.921007443969E0));
#2564=CARTESIAN_POINT('',(1.888735069940E0,1.005331289176E0,-2.745592678133E0));
#2565=CARTESIAN_POINT('',(1.933391884314E0,1.984858295855E0,-2.146929831836E0));
#2566=CARTESIAN_POINT('',(1.978048698687E0,2.658408575489E0,-1.217306042632E0));
#2567=CARTESIAN_POINT('',(2.022705513061E0,2.922150672979E0,
-1.000279025138E-1));
#2568=CARTESIAN_POINT('',(2.067362327435E0,2.735427332228E0,1.032670131886E0));
#2569=CARTESIAN_POINT('',(2.112019141808E0,2.127022876306E0,2.006176256849E0));
#2570=CARTESIAN_POINT('',(2.156675956182E0,1.190726535079E0,2.670420037984E0));
#2571=CARTESIAN_POINT('',(2.201332770556E0,7.087212969199E-2,2.923001529674E0));
#2572=CARTESIAN_POINT('',(2.245989584929E0,-1.059903583465E0,2.724995655250E0));
#2573=CARTESIAN_POINT('',(2.290646399303E0,-2.027304373530E0,2.106882295102E0));
#2574=CARTESIAN_POINT('',(2.320417608885E0,-2.463854247824E0,1.478367748687E0));
#2575=CARTESIAN_POINT('',(2.335303213676E0,-2.613253183630E0,1.134121281361E0));
#2576=CARTESIAN_POINT('',(9.801967863236E-1,-2.627521647054E0,
1.399009017421E0));
#2577=CARTESIAN_POINT('',(9.950823911148E-1,-2.811814510455E0,
1.052882951074E0));
#2578=CARTESIAN_POINT('',(1.024853600697E0,-3.041736135110E0,
2.870123527496E-1));
#2579=CARTESIAN_POINT('',(1.069510415071E0,-2.917787387067E0,
-9.061677016623E-1));
#2580=CARTESIAN_POINT('',(1.114167229444E0,-2.344027309212E0,
-1.959622327726E0));
#2581=CARTESIAN_POINT('',(1.158824043818E0,-1.408927596854E0,
-2.710999794921E0));
#2582=CARTESIAN_POINT('',(1.203480858192E0,-2.566326855227E-1,
-3.044459368338E0));
#2583=CARTESIAN_POINT('',(1.248137672565E0,9.352231977359E-1,
-2.908599598795E0));
#2584=CARTESIAN_POINT('',(1.292794486939E0,1.982909421199E0,-2.324363163216E0));
#2585=CARTESIAN_POINT('',(1.337451301313E0,2.724919320239E0,-1.381813520668E0));
#2586=CARTESIAN_POINT('',(1.382108115686E0,3.046868055583E0,
-2.262497768643E-1));
#2587=CARTESIAN_POINT('',(1.426764930060E0,2.899125465607E0,9.641916002005E-1));
#2588=CARTESIAN_POINT('',(1.471421744433E0,2.304466878431E0,2.005997585867E0));
#2589=CARTESIAN_POINT('',(1.516078558807E0,1.354562156958E0,2.738568105941E0));
#2590=CARTESIAN_POINT('',(1.560735373181E0,1.958442934219E-1,3.048973420804E0));
#2591=CARTESIAN_POINT('',(1.605392187554E0,-9.930640357745E-1,
2.889362858636E0));
#2592=CARTESIAN_POINT('',(1.650049001928E0,-2.028886129280E0,2.284341257876E0));
#2593=CARTESIAN_POINT('',(1.694705816301E0,-2.751944363676E0,1.327175997090E0));
#2594=CARTESIAN_POINT('',(1.739362630675E0,-3.050775369733E0,
1.654193200697E-1));
#2595=CARTESIAN_POINT('',(1.784019445049E0,-2.879312718523E0,
-1.021837647069E0));
#2596=CARTESIAN_POINT('',(1.828676259422E0,-2.263988312614E0,
-2.051572769458E0));
#2597=CARTESIAN_POINT('',(1.873333073796E0,-1.299657764158E0,
-2.765046763439E0));
#2598=CARTESIAN_POINT('',(1.917989888169E0,-1.349778851430E-1,
-3.052273722787E0));
#2599=CARTESIAN_POINT('',(1.962646702543E0,1.050509570930E0,-2.868976045318E0));
#2600=CARTESIAN_POINT('',(2.007303516917E0,2.074055248439E0,-2.243410068642E0));
#2601=CARTESIAN_POINT('',(2.051960331290E0,2.777874002393E0,-1.272010194355E0));
#2602=CARTESIAN_POINT('',(2.096617145664E0,3.053468327023E0,
-1.045230264711E-1));
#2603=CARTESIAN_POINT('',(2.141273960038E0,2.858353881977E0,1.079076985706E0));
#2604=CARTESIAN_POINT('',(2.185930774411E0,2.222608520399E0,2.096331210898E0));
#2605=CARTESIAN_POINT('',(2.230587588785E0,1.244236238272E0,2.790425244404E0));
#2606=CARTESIAN_POINT('',(2.275244403158E0,7.405703110530E-2,3.054357420112E0));
#2607=CARTESIAN_POINT('',(2.319901217532E0,-1.107534273211E0,2.847453418991E0));
#2608=CARTESIAN_POINT('',(2.364558031906E0,-2.118408797688E0,2.201562847648E0));
#2609=CARTESIAN_POINT('',(2.394329241488E0,-2.574576656057E0,1.544803674242E0));
#2610=CARTESIAN_POINT('',(2.409214846279E0,-2.730689385901E0,1.185087218008E0));
#2611=CARTESIAN_POINT('',(1.054108418926E0,-2.740521010953E0,1.459174888646E0));
#2612=CARTESIAN_POINT('',(1.068994023718E0,-2.932739585017E0,1.098163302566E0));
#2613=CARTESIAN_POINT('',(1.098765233300E0,-3.172549233759E0,
2.993556243373E-1));
#2614=CARTESIAN_POINT('',(1.143422047674E0,-3.043269937935E0,
-9.451384077606E-1));
#2615=CARTESIAN_POINT('',(1.188078862047E0,-2.444834697498E0,
-2.043897970807E0));
#2616=CARTESIAN_POINT('',(1.232735676421E0,-1.469520027141E0,
-2.827589225383E0));
#2617=CARTESIAN_POINT('',(1.277392490795E0,-2.676694471998E-1,
-3.175389582529E0));
#2618=CARTESIAN_POINT('',(1.322049305168E0,9.754434663555E-1,
-3.033687019053E0));
#2619=CARTESIAN_POINT('',(1.366706119542E0,2.068186550511E0,-2.424324873983E0));
#2620=CARTESIAN_POINT('',(1.411362933915E0,2.842107374698E0,-1.441239881261E0));
#2621=CARTESIAN_POINT('',(1.456019748289E0,3.177901857932E0,
-2.359798892296E-1));
#2622=CARTESIAN_POINT('',(1.500676562663E0,3.023805440688E0,1.005657685788E0));
#2623=CARTESIAN_POINT('',(1.545333377036E0,2.403572928303E0,2.092267646265E0));
#2624=CARTESIAN_POINT('',(1.589990191410E0,1.412816543662E0,2.856343140949E0));
#2625=CARTESIAN_POINT('',(1.634647005783E0,2.042667856228E-1,3.180097766625E0));
#2626=CARTESIAN_POINT('',(1.679303820157E0,-1.035771811172E0,3.013622982418E0));
#2627=CARTESIAN_POINT('',(1.723960634531E0,-2.116140535838E0,2.382581784023E0));
#2628=CARTESIAN_POINT('',(1.768617448904E0,-2.870294658879E0,1.384252612852E0));
#2629=CARTESIAN_POINT('',(1.813274263278E0,-3.181977210283E0,
1.725333539220E-1));
#2630=CARTESIAN_POINT('',(1.857931077651E0,-3.003140625336E0,
-1.065782862233E0));
#2631=CARTESIAN_POINT('',(1.902587892025E0,-2.361353538697E0,
-2.139802839115E0));
#2632=CARTESIAN_POINT('',(1.947244706399E0,-1.355550929035E0,
-2.883960541284E0));
#2633=CARTESIAN_POINT('',(1.991901520772E0,-1.407827526990E-1,
-3.183540001605E0));
#2634=CARTESIAN_POINT('',(2.036558335146E0,1.095687852685E0,-2.992359412503E0));
#2635=CARTESIAN_POINT('',(2.081215149520E0,2.163252201023E0,-2.339890305449E0));
#2636=CARTESIAN_POINT('',(2.125871963893E0,2.897339429297E0,-1.326714346078E0));
#2637=CARTESIAN_POINT('',(2.170528778267E0,3.184785981067E0,
-1.090181504285E-1));
#2638=CARTESIAN_POINT('',(2.215185592640E0,2.981280431726E0,1.125483839526E0));
#2639=CARTESIAN_POINT('',(2.259842407014E0,2.318194164493E0,2.186486164948E0));
#2640=CARTESIAN_POINT('',(2.304499221388E0,1.297745941464E0,2.910430450824E0));
#2641=CARTESIAN_POINT('',(2.349156035761E0,7.724193251860E-2,3.185713310551E0));
#2642=CARTESIAN_POINT('',(2.393812850135E0,-1.155164962956E0,2.969911182733E0));
#2643=CARTESIAN_POINT('',(2.438469664508E0,-2.209513221847E0,2.296243400194E0));
#2644=CARTESIAN_POINT('',(2.468240874091E0,-2.685299064290E0,1.611239599798E0));
#2645=CARTESIAN_POINT('',(2.483126478882E0,-2.848125588172E0,1.236053154654E0));
#2646=B_SPLINE_SURFACE_WITH_KNOTS('',3,3,((#2506,#2507,#2508,#2509,#2510,#2511,
#2512,#2513,#2514,#2515,#2516,#2517,#2518,#2519,#2520,#2521,#2522,#2523,#2524,
#2525,#2526,#2527,#2528,#2529,#2530,#2531,#2532,#2533,#2534,#2535,#2536,#2537,
#2538,#2539,#2540),(#2541,#2542,#2543,#2544,#2545,#2546,#2547,#2548,#2549,#2550,
#2551,#2552,#2553,#2554,#2555,#2556,#2557,#2558,#2559,#2560,#2561,#2562,#2563,
#2564,#2565,#2566,#2567,#2568,#2569,#2570,#2571,#2572,#2573,#2574,#2575),(#2576,
#2577,#2578,#2579,#2580,#2581,#2582,#2583,#2584,#2585,#2586,#2587,#2588,#2589,
#2590,#2591,#2592,#2593,#2594,#2595,#2596,#2597,#2598,#2599,#2600,#2601,#2602,
#2603,#2604,#2605,#2606,#2607,#2608,#2609,#2610),(#2611,#2612,#2613,#2614,#2615,
#2616,#2617,#2618,#2619,#2620,#2621,#2622,#2623,#2624,#2625,#2626,#2627,#2628,
#2629,#2630,#2631,#2632,#2633,#2634,#2635,#2636,#2637,#2638,#2639,#2640,#2641,
#2642,#2643,#2644,#2645)),.UNSPECIFIED.,.F.,.F.,.F.,(4,4),(4,1,1,1,1,1,1,1,1,1,
1,1,1,1,1,1,1,1,1,1,1,1,1,1,1,1,1,1,1,1,1,1,4),(-2.682593801839E-2,
1.026825938018E0),(4.393852226328E-1,4.572479483822E-1,4.751106741317E-1,
4.929733998811E-1,5.108361256306E-1,5.286988513800E-1,5.465615771295E-1,
5.644243028789E-1,5.822870286284E-1,6.001497543778E-1,6.180124801273E-1,
6.358752058767E-1,6.537379316261E-1,6.716006573756E-1,6.894633831250E-1,
7.073261088745E-1,7.251888346239E-1,7.430515603734E-1,7.609142861228E-1,
7.787770118723E-1,7.966397376217E-1,8.145024633711E-1,8.323651891206E-1,
8.502279148700E-1,8.680906406195E-1,8.859533663689E-1,9.038160921184E-1,
9.216788178678E-1,9.395415436173E-1,9.574042693667E-1,9.752669951162E-1,
9.931297208656E-1,1.010992446615E0),.UNSPECIFIED.);
#2648=ORIENTED_EDGE('',*,*,#2647,.T.);
#2650=ORIENTED_EDGE('',*,*,#2649,.T.);
#2652=ORIENTED_EDGE('',*,*,#2651,.F.);
#2654=ORIENTED_EDGE('',*,*,#2653,.F.);
#2655=ORIENTED_EDGE('',*,*,#2329,.T.);
#2656=ORIENTED_EDGE('',*,*,#2497,.F.);
#2658=ORIENTED_EDGE('',*,*,#2657,.T.);
#2659=EDGE_LOOP('',(#2648,#2650,#2652,#2654,#2655,#2656,#2658));
#2660=FACE_OUTER_BOUND('',#2659,.F.);
#2661=ADVANCED_FACE('',(#2660),#2646,.F.);
#2662=CARTESIAN_POINT('',(8.2635E0,0.E0,0.E0));
#2663=DIRECTION('',(-1.E0,0.E0,0.E0));
#2664=DIRECTION('',(0.E0,-7.071067811865E-1,7.071067811865E-1));
#2665=AXIS2_PLACEMENT_3D('',#2662,#2663,#2664);
#2666=CYLINDRICAL_SURFACE('',#2665,3.095E0);
#2667=ORIENTED_EDGE('',*,*,#2647,.F.);
#2669=ORIENTED_EDGE('',*,*,#2668,.T.);
#2671=ORIENTED_EDGE('',*,*,#2670,.F.);
#2673=ORIENTED_EDGE('',*,*,#2672,.F.);
#2674=EDGE_LOOP('',(#2667,#2669,#2671,#2673));
#2675=FACE_OUTER_BOUND('',#2674,.F.);
#2676=ADVANCED_FACE('',(#2675),#2666,.T.);
#2677=CARTESIAN_POINT('',(8.2635E0,0.E0,0.E0));
#2678=DIRECTION('',(-1.E0,0.E0,0.E0));
#2679=DIRECTION('',(0.E0,-7.071067811865E-1,7.071067811865E-1));
#2680=AXIS2_PLACEMENT_3D('',#2677,#2678,#2679);
#2681=CYLINDRICAL_SURFACE('',#2680,3.095E0);
#2682=ORIENTED_EDGE('',*,*,#2487,.F.);
#2684=ORIENTED_EDGE('',*,*,#2683,.F.);
#2685=ORIENTED_EDGE('',*,*,#2668,.F.);
#2686=ORIENTED_EDGE('',*,*,#2657,.F.);
#2687=ORIENTED_EDGE('',*,*,#2501,.T.);
#2688=EDGE_LOOP('',(#2682,#2684,#2685,#2686,#2687));
#2689=FACE_OUTER_BOUND('',#2688,.F.);
#2690=ADVANCED_FACE('',(#2689),#2681,.T.);
#2691=CARTESIAN_POINT('',(1.776993526544E0,-1.421766509508E0,2.760113541065E0));
#2692=CARTESIAN_POINT('',(1.790535193211E0,-1.752532300318E0,2.589732244475E0));
#2693=CARTESIAN_POINT('',(1.817618526544E0,-2.352038996962E0,2.128824343162E0));
#2694=CARTESIAN_POINT('',(1.858243526544E0,-2.950643752120E0,1.165219518543E0));
#2695=CARTESIAN_POINT('',(1.898868526544E0,-3.171945719032E0,
5.263722133633E-2));
#2696=CARTESIAN_POINT('',(1.939493526544E0,-2.987677288363E0,
-1.066678604106E0));
#2697=CARTESIAN_POINT('',(1.980118526544E0,-2.421391956741E0,
-2.049604188146E0));
#2698=CARTESIAN_POINT('',(2.020743526544E0,-1.545499095212E0,
-2.770460164013E0));
#2699=CARTESIAN_POINT('',(2.061368526544E0,-4.719929902060E-1,
-3.137074983120E0));
#2700=CARTESIAN_POINT('',(2.101993526544E0,6.618638209271E-1,
-3.102572020133E0));
#2701=CARTESIAN_POINT('',(2.142618526544E0,1.711092329066E0,-2.671362928647E0));
#2702=CARTESIAN_POINT('',(2.183243526544E0,2.541534356651E0,-1.898583674353E0));
#2703=CARTESIAN_POINT('',(2.223868526544E0,3.047006573503E0,
-8.830446172489E-1));
#2704=CARTESIAN_POINT('',(2.264493526544E0,3.162877465802E0,2.454037309329E-1));
#2705=CARTESIAN_POINT('',(2.305118526544E0,2.874331360727E0,1.342473867021E0));
#2706=CARTESIAN_POINT('',(2.345743526544E0,2.218262810951E0,2.267890419845E0));
#2707=CARTESIAN_POINT('',(2.386368526544E0,1.278559123496E0,2.903326268714E0));
#2708=CARTESIAN_POINT('',(2.426993526544E0,1.753742239687E-1,3.167532278675E0));
#2709=CARTESIAN_POINT('',(2.467618526544E0,-9.502346606321E-1,
3.026726109943E0));
#2710=CARTESIAN_POINT('',(2.508243526544E0,-1.954343091153E0,2.498911750531E0));
#2711=CARTESIAN_POINT('',(2.548868526544E0,-2.708562117677E0,1.651577460965E0));
#2712=CARTESIAN_POINT('',(2.589493526544E0,-3.116454556847E0,
5.930664802413E-1));
#2713=CARTESIAN_POINT('',(2.630118526544E0,-3.125865800305E0,
-5.412761341137E-1));
#2714=CARTESIAN_POINT('',(2.670743526544E0,-2.735592492290E0,
-1.606409216548E0));
#2715=CARTESIAN_POINT('',(2.711368526544E0,-1.995536395073E0,
-2.466140983565E0));
#2716=CARTESIAN_POINT('',(2.751993526544E0,-1.000323768445E0,
-3.010543009685E0));
#2717=CARTESIAN_POINT('',(2.792618526544E0,1.227938874658E-1,
-3.170006075086E0));
#2718=CARTESIAN_POINT('',(2.833243526544E0,1.230210671051E0,-2.924140653202E0));
#2719=CARTESIAN_POINT('',(2.873868526544E0,2.180328251252E0,-2.304383989632E0));
#2720=CARTESIAN_POINT('',(2.914493526544E0,2.851661144316E0,-1.389980421761E0));
#2721=CARTESIAN_POINT('',(2.955118526544E0,3.158370288878E0,
-2.978489100435E-1));
#2722=CARTESIAN_POINT('',(2.995743526544E0,3.061238740031E0,8.323666448236E-1));
#2723=CARTESIAN_POINT('',(3.036368526544E0,2.572686090302E0,1.856152778100E0));
#2724=CARTESIAN_POINT('',(3.076993526544E0,1.755180455456E0,2.642604477341E0));
#2725=CARTESIAN_POINT('',(3.117618526544E0,7.132510743874E-1,3.091163172621E0));
#2726=CARTESIAN_POINT('',(3.158243526544E0,-4.198771789194E-1,
3.144474520409E0));
#2727=CARTESIAN_POINT('',(3.198868526544E0,-1.499318411525E0,2.795721938202E0));
#2728=CARTESIAN_POINT('',(3.239493526544E0,-2.387051347898E0,2.089498197505E0));
#2729=CARTESIAN_POINT('',(3.280118526544E0,-2.969567231371E0,1.116103630155E0));
#2730=CARTESIAN_POINT('',(3.320743526544E0,-3.172383465926E0,0.E0));
#2731=CARTESIAN_POINT('',(3.361368526544E0,-2.969567231371E0,
-1.116103630155E0));
#2732=CARTESIAN_POINT('',(3.401993526544E0,-2.387051347898E0,
-2.089498197505E0));
#2733=CARTESIAN_POINT('',(3.442618526544E0,-1.499318411525E0,
-2.795721938202E0));
#2734=CARTESIAN_POINT('',(3.483243526544E0,-4.198771789194E-1,
-3.144474520409E0));
#2735=CARTESIAN_POINT('',(3.523868526544E0,7.132510743874E-1,
-3.091163172621E0));
#2736=CARTESIAN_POINT('',(3.564493526544E0,1.755180455456E0,-2.642604477341E0));
#2737=CARTESIAN_POINT('',(3.605118526544E0,2.572686090302E0,-1.856152778100E0));
#2738=CARTESIAN_POINT('',(3.645743526544E0,3.061238740031E0,
-8.323666448236E-1));
#2739=CARTESIAN_POINT('',(3.686368526544E0,3.158370288878E0,2.978489100435E-1));
#2740=CARTESIAN_POINT('',(3.726993526544E0,2.851661144316E0,1.389980421761E0));
#2741=CARTESIAN_POINT('',(3.767618526544E0,2.180328251252E0,2.304383989633E0));
#2742=CARTESIAN_POINT('',(3.808243526544E0,1.230210671051E0,2.924140653202E0));
#2743=CARTESIAN_POINT('',(3.848868526544E0,1.227938874660E-1,3.170006075088E0));
#2744=CARTESIAN_POINT('',(3.889493526544E0,-1.000323768445E0,3.010543009677E0));
#2745=CARTESIAN_POINT('',(3.930118526544E0,-1.995536395071E0,2.466140983596E0));
#2746=CARTESIAN_POINT('',(3.970743526544E0,-2.735592492298E0,1.606409216432E0));
#2747=CARTESIAN_POINT('',(4.011368526544E0,-3.125865800272E0,
5.412761345448E-1));
#2748=CARTESIAN_POINT('',(4.051993526544E0,-3.116454556972E0,
-5.930664818503E-1));
#2749=CARTESIAN_POINT('',(4.092618526544E0,-2.708562117211E0,
-1.651577454960E0));
#2750=CARTESIAN_POINT('',(4.133243526544E0,-1.954343092892E0,
-2.498911772942E0));
#2751=CARTESIAN_POINT('',(4.173868526544E0,-9.502346541426E-1,
-3.026726026304E0));
#2752=CARTESIAN_POINT('',(4.214493526544E0,1.753741997496E-1,
-3.167532590822E0));
#2753=CARTESIAN_POINT('',(4.255118526544E0,1.278559213883E0,-2.903325103765E0));
#2754=CARTESIAN_POINT('',(4.295743526544E0,2.218262473623E0,-2.267894767496E0));
#2755=CARTESIAN_POINT('',(4.336368526544E0,2.874332619653E0,-1.342457641368E0));
#2756=CARTESIAN_POINT('',(4.363451859878E0,3.066692718168E0,
-6.111287377185E-1));
#2757=CARTESIAN_POINT('',(4.376993526544E0,3.095474632906E0,
-2.401740289173E-1));
#2758=CARTESIAN_POINT('',(1.850905159147E0,-1.363143090623E0,2.646306322225E0));
#2759=CARTESIAN_POINT('',(1.864446825814E0,-1.680270480628E0,2.482950324130E0));
#2760=CARTESIAN_POINT('',(1.891530159147E0,-2.255057835547E0,2.041046947671E0));
#2761=CARTESIAN_POINT('',(1.932155159147E0,-2.828980438556E0,1.117174251284E0));
#2762=CARTESIAN_POINT('',(1.972780159147E0,-3.041157504987E0,
5.046684114049E-2));
#2763=CARTESIAN_POINT('',(2.013405159147E0,-2.864486978282E0,
-1.022696454993E0));
#2764=CARTESIAN_POINT('',(2.054030159147E0,-2.321551178375E0,
-1.965093261727E0));
#2765=CARTESIAN_POINT('',(2.094655159147E0,-1.481773834954E0,
-2.656226324903E0));
#2766=CARTESIAN_POINT('',(2.135280159147E0,-4.525313960619E-1,
-3.007724587271E0));
#2767=CARTESIAN_POINT('',(2.175905159147E0,6.345733201596E-1,
-2.974644278172E0));
#2768=CARTESIAN_POINT('',(2.216530159147E0,1.640539195561E0,-2.561215146355E0));
#2769=CARTESIAN_POINT('',(2.257155159147E0,2.436739770336E0,-1.820299747080E0));
#2770=CARTESIAN_POINT('',(2.297780159147E0,2.921369950676E0,
-8.466342122036E-1));
#2771=CARTESIAN_POINT('',(2.338405159147E0,3.032463161259E0,2.352850471559E-1));
#2772=CARTESIAN_POINT('',(2.379030159147E0,2.755814620990E0,1.287119906070E0));
#2773=CARTESIAN_POINT('',(2.419655159147E0,2.126797616706E0,2.174378940162E0));
#2774=CARTESIAN_POINT('',(2.460280159147E0,1.225840546596E0,2.783613987638E0));
#2775=CARTESIAN_POINT('',(2.500905159147E0,1.681430530805E-1,3.036926043148E0));
#2776=CARTESIAN_POINT('',(2.541530159147E0,-9.110538217413E-1,
2.901925707482E0));
#2777=CARTESIAN_POINT('',(2.582155159147E0,-1.873760046812E0,2.395874613752E0));
#2778=CARTESIAN_POINT('',(2.622780159147E0,-2.596880508538E0,1.583478292313E0));
#2779=CARTESIAN_POINT('',(2.663405159147E0,-2.987954398980E0,
5.686126866927E-1));
#2780=CARTESIAN_POINT('',(2.704030159147E0,-2.996977590487E0,
-5.189578017220E-1));
#2781=CARTESIAN_POINT('',(2.744655159147E0,-2.622796345031E0,
-1.540172461235E0));
#2782=CARTESIAN_POINT('',(2.785280159147E0,-1.913254835333E0,
-2.364455077375E0));
#2783=CARTESIAN_POINT('',(2.825905159147E0,-9.590776152220E-1,
-2.886409881814E0));
#2784=CARTESIAN_POINT('',(2.866530159147E0,1.177307512523E-1,
-3.039297837998E0));
#2785=CARTESIAN_POINT('',(2.907155159147E0,1.179485636383E0,-2.803570136704E0));
#2786=CARTESIAN_POINT('',(2.947780159147E0,2.090427205246E0,-2.209367777763E0));
#2787=CARTESIAN_POINT('',(2.988405159147E0,2.734079161154E0,-1.332667632381E0));
#2788=CARTESIAN_POINT('',(3.029030159147E0,3.028141827875E0,
-2.855677645100E-1));
#2789=CARTESIAN_POINT('',(3.069655159147E0,2.935015285080E0,7.980458346490E-1));
#2790=CARTESIAN_POINT('',(3.110280159147E0,2.466607030679E0,1.779618395627E0));
#2791=CARTESIAN_POINT('',(3.150905159147E0,1.682809444906E0,2.533642486616E0));
#2792=CARTESIAN_POINT('',(3.191530159147E0,6.838417331036E-1,2.963705849425E0));
#2793=CARTESIAN_POINT('',(3.232155159147E0,-4.025644657732E-1,
3.014819020895E0));
#2794=CARTESIAN_POINT('',(3.272780159147E0,-1.437497310315E0,2.680446485325E0));
#2795=CARTESIAN_POINT('',(3.313405159147E0,-2.288626529103E0,2.003342329244E0));
#2796=CARTESIAN_POINT('',(3.354030159147E0,-2.847123649709E0,1.070083548664E0));
#2797=CARTESIAN_POINT('',(3.394655159147E0,-3.041577202349E0,0.E0));
#2798=CARTESIAN_POINT('',(3.435280159147E0,-2.847123649709E0,
-1.070083548664E0));
#2799=CARTESIAN_POINT('',(3.475905159147E0,-2.288626529102E0,
-2.003342329244E0));
#2800=CARTESIAN_POINT('',(3.516530159147E0,-1.437497310315E0,
-2.680446485325E0));
#2801=CARTESIAN_POINT('',(3.557155159147E0,-4.025644657731E-1,
-3.014819020895E0));
#2802=CARTESIAN_POINT('',(3.597780159147E0,6.838417331036E-1,
-2.963705849425E0));
#2803=CARTESIAN_POINT('',(3.638405159147E0,1.682809444906E0,-2.533642486616E0));
#2804=CARTESIAN_POINT('',(3.679030159147E0,2.466607030679E0,-1.779618395627E0));
#2805=CARTESIAN_POINT('',(3.719655159147E0,2.935015285080E0,
-7.980458346490E-1));
#2806=CARTESIAN_POINT('',(3.760280159147E0,3.028141827875E0,2.855677645100E-1));
#2807=CARTESIAN_POINT('',(3.800905159147E0,2.734079161154E0,1.332667632381E0));
#2808=CARTESIAN_POINT('',(3.841530159147E0,2.090427205246E0,2.209367777763E0));
#2809=CARTESIAN_POINT('',(3.882155159147E0,1.179485636382E0,2.803570136704E0));
#2810=CARTESIAN_POINT('',(3.922780159147E0,1.177307512525E-1,3.039297838E0));
#2811=CARTESIAN_POINT('',(3.963405159147E0,-9.590776152226E-1,
2.886409881806E0));
#2812=CARTESIAN_POINT('',(4.004030159147E0,-1.913254835331E0,2.364455077405E0));
#2813=CARTESIAN_POINT('',(4.044655159147E0,-2.622796345039E0,1.540172461124E0));
#2814=CARTESIAN_POINT('',(4.085280159147E0,-2.996977590455E0,
5.189578021353E-1));
#2815=CARTESIAN_POINT('',(4.125905159147E0,-2.987954399100E0,
-5.686126882353E-1));
#2816=CARTESIAN_POINT('',(4.166530159147E0,-2.596880508092E0,
-1.583478286555E0));
#2817=CARTESIAN_POINT('',(4.207155159147E0,-1.873760048480E0,
-2.395874635239E0));
#2818=CARTESIAN_POINT('',(4.247780159147E0,-9.110538155194E-1,
-2.901925627291E0));
#2819=CARTESIAN_POINT('',(4.288405159147E0,1.681430298600E-1,
-3.036926342425E0));
#2820=CARTESIAN_POINT('',(4.329030159147E0,1.225840633256E0,-2.783612870723E0));
#2821=CARTESIAN_POINT('',(4.369655159147E0,2.126797293287E0,-2.174383108547E0));
#2822=CARTESIAN_POINT('',(4.410280159147E0,2.755815828007E0,-1.287104349447E0));
#2823=CARTESIAN_POINT('',(4.437363492481E0,2.940244380409E0,
-5.859301866594E-1));
#2824=CARTESIAN_POINT('',(4.450905159147E0,2.967839536117E0,
-2.302709804150E-1));
#2825=CARTESIAN_POINT('',(1.924816791750E0,-1.304519671738E0,2.532499103384E0));
#2826=CARTESIAN_POINT('',(1.938358458417E0,-1.608008660938E0,2.376168403784E0));
#2827=CARTESIAN_POINT('',(1.965441791750E0,-2.158076674133E0,1.953269552179E0));
#2828=CARTESIAN_POINT('',(2.006066791750E0,-2.707317124992E0,1.069128984026E0));
#2829=CARTESIAN_POINT('',(2.046691791750E0,-2.910369290942E0,
4.829646094465E-2));
#2830=CARTESIAN_POINT('',(2.087316791750E0,-2.741296668201E0,
-9.787143058810E-1));
#2831=CARTESIAN_POINT('',(2.127941791750E0,-2.221710400008E0,
-1.880582335308E0));
#2832=CARTESIAN_POINT('',(2.168566791750E0,-1.418048574696E0,
-2.541992485793E0));
#2833=CARTESIAN_POINT('',(2.209191791750E0,-4.330698019179E-1,
-2.878374191423E0));
#2834=CARTESIAN_POINT('',(2.249816791750E0,6.072828193920E-1,
-2.846716536211E0));
#2835=CARTESIAN_POINT('',(2.290441791750E0,1.569986062056E0,-2.451067364062E0));
#2836=CARTESIAN_POINT('',(2.331066791750E0,2.331945184021E0,-1.742015819807E0));
#2837=CARTESIAN_POINT('',(2.371691791750E0,2.795733327848E0,
-8.102238071582E-1));
#2838=CARTESIAN_POINT('',(2.412316791750E0,2.902048856716E0,2.251663633789E-1));
#2839=CARTESIAN_POINT('',(2.452941791750E0,2.637297881253E0,1.231765945119E0));
#2840=CARTESIAN_POINT('',(2.493566791750E0,2.035332422461E0,2.080867460479E0));
#2841=CARTESIAN_POINT('',(2.534191791750E0,1.173121969695E0,2.663901706562E0));
#2842=CARTESIAN_POINT('',(2.574816791750E0,1.609118821923E-1,2.906319807622E0));
#2843=CARTESIAN_POINT('',(2.615441791750E0,-8.718729828506E-1,
2.777125305020E0));
#2844=CARTESIAN_POINT('',(2.656066791750E0,-1.793177002472E0,2.292837476973E0));
#2845=CARTESIAN_POINT('',(2.696691791750E0,-2.485198899400E0,1.515379123660E0));
#2846=CARTESIAN_POINT('',(2.737316791750E0,-2.859454241113E0,
5.441588931440E-1));
#2847=CARTESIAN_POINT('',(2.777941791750E0,-2.868089380669E0,
-4.966394693303E-1));
#2848=CARTESIAN_POINT('',(2.818566791750E0,-2.510000197772E0,
-1.473935705922E0));
#2849=CARTESIAN_POINT('',(2.859191791750E0,-1.830973275593E0,
-2.262769171186E0));
#2850=CARTESIAN_POINT('',(2.899816791750E0,-9.178314619992E-1,
-2.762276753942E0));
#2851=CARTESIAN_POINT('',(2.940441791750E0,1.126676150388E-1,
-2.908589600911E0));
#2852=CARTESIAN_POINT('',(2.981066791750E0,1.128760601714E0,-2.682999620206E0));
#2853=CARTESIAN_POINT('',(3.021691791750E0,2.000526159241E0,-2.114351565894E0));
#2854=CARTESIAN_POINT('',(3.062316791750E0,2.616497177992E0,-1.275354843001E0));
#2855=CARTESIAN_POINT('',(3.102941791750E0,2.897913366872E0,
-2.732866189765E-1));
#2856=CARTESIAN_POINT('',(3.143566791750E0,2.808791830129E0,7.637250244744E-1));
#2857=CARTESIAN_POINT('',(3.184191791750E0,2.360527971057E0,1.703084013155E0));
#2858=CARTESIAN_POINT('',(3.224816791750E0,1.610438434357E0,2.424680495891E0));
#2859=CARTESIAN_POINT('',(3.265441791750E0,6.544323918198E-1,2.836248526230E0));
#2860=CARTESIAN_POINT('',(3.306066791750E0,-3.852517526269E-1,
2.885163521380E0));
#2861=CARTESIAN_POINT('',(3.346691791750E0,-1.375676209105E0,2.565171032447E0));
#2862=CARTESIAN_POINT('',(3.387316791750E0,-2.190201710307E0,1.917186460982E0));
#2863=CARTESIAN_POINT('',(3.427941791750E0,-2.724680068046E0,1.024063467172E0));
#2864=CARTESIAN_POINT('',(3.468566791750E0,-2.910770938773E0,0.E0));
#2865=CARTESIAN_POINT('',(3.509191791750E0,-2.724680068046E0,
-1.024063467172E0));
#2866=CARTESIAN_POINT('',(3.549816791750E0,-2.190201710307E0,
-1.917186460982E0));
#2867=CARTESIAN_POINT('',(3.590441791750E0,-1.375676209105E0,
-2.565171032447E0));
#2868=CARTESIAN_POINT('',(3.631066791750E0,-3.852517526269E-1,
-2.885163521380E0));
#2869=CARTESIAN_POINT('',(3.671691791750E0,6.544323918198E-1,
-2.836248526230E0));
#2870=CARTESIAN_POINT('',(3.712316791750E0,1.610438434357E0,-2.424680495891E0));
#2871=CARTESIAN_POINT('',(3.752941791750E0,2.360527971057E0,-1.703084013155E0));
#2872=CARTESIAN_POINT('',(3.793566791750E0,2.808791830129E0,
-7.637250244744E-1));
#2873=CARTESIAN_POINT('',(3.834191791750E0,2.897913366872E0,2.732866189765E-1));
#2874=CARTESIAN_POINT('',(3.874816791750E0,2.616497177992E0,1.275354843001E0));
#2875=CARTESIAN_POINT('',(3.915441791750E0,2.000526159241E0,2.114351565894E0));
#2876=CARTESIAN_POINT('',(3.956066791750E0,1.128760601714E0,2.682999620205E0));
#2877=CARTESIAN_POINT('',(3.996691791750E0,1.126676150390E-1,2.908589600913E0));
#2878=CARTESIAN_POINT('',(4.037316791750E0,-9.178314619998E-1,
2.762276753935E0));
#2879=CARTESIAN_POINT('',(4.077941791750E0,-1.830973275591E0,2.262769171214E0));
#2880=CARTESIAN_POINT('',(4.118566791750E0,-2.510000197780E0,1.473935705816E0));
#2881=CARTESIAN_POINT('',(4.159191791750E0,-2.868089380639E0,
4.966394697258E-1));
#2882=CARTESIAN_POINT('',(4.199816791750E0,-2.859454241227E0,
-5.441588946204E-1));
#2883=CARTESIAN_POINT('',(4.240441791750E0,-2.485198898973E0,
-1.515379118150E0));
#2884=CARTESIAN_POINT('',(4.281066791750E0,-1.793177004067E0,
-2.292837497536E0));
#2885=CARTESIAN_POINT('',(4.321691791750E0,-8.718729768962E-1,
-2.777125228277E0));
#2886=CARTESIAN_POINT('',(4.362316791750E0,1.609118599705E-1,
-2.906320094028E0));
#2887=CARTESIAN_POINT('',(4.402941791750E0,1.173122052628E0,-2.663900637681E0));
#2888=CARTESIAN_POINT('',(4.443566791750E0,2.035332112951E0,-2.080871449598E0));
#2889=CARTESIAN_POINT('',(4.484191791750E0,2.637299036361E0,-1.231751057525E0));
#2890=CARTESIAN_POINT('',(4.511275125083E0,2.813796042650E0,
-5.607316356003E-1));
#2891=CARTESIAN_POINT('',(4.524816791750E0,2.840204439328E0,
-2.203679319128E-1));
#2892=CARTESIAN_POINT('',(1.998728424353E0,-1.245896252853E0,2.418691884543E0));
#2893=CARTESIAN_POINT('',(2.012270091020E0,-1.535746841248E0,2.269386483439E0));
#2894=CARTESIAN_POINT('',(2.039353424353E0,-2.061095512718E0,1.865492156687E0));
#2895=CARTESIAN_POINT('',(2.079978424353E0,-2.585653811428E0,1.021083716767E0));
#2896=CARTESIAN_POINT('',(2.120603424353E0,-2.779581076897E0,
4.612608074881E-2));
#2897=CARTESIAN_POINT('',(2.161228424353E0,-2.618106358120E0,
-9.347321567686E-1));
#2898=CARTESIAN_POINT('',(2.201853424353E0,-2.121869621641E0,
-1.796071408889E0));
#2899=CARTESIAN_POINT('',(2.242478424353E0,-1.354323314437E0,
-2.427758646683E0));
#2900=CARTESIAN_POINT('',(2.283103424353E0,-4.136082077738E-1,
-2.749023795574E0));
#2901=CARTESIAN_POINT('',(2.323728424353E0,5.799923186244E-1,
-2.718788794250E0));
#2902=CARTESIAN_POINT('',(2.364353424353E0,1.499432928552E0,-2.340919581770E0));
#2903=CARTESIAN_POINT('',(2.404978424353E0,2.227150597706E0,-1.663731892533E0));
#2904=CARTESIAN_POINT('',(2.445603424353E0,2.670096705020E0,
-7.738134021128E-1));
#2905=CARTESIAN_POINT('',(2.486228424353E0,2.771634552173E0,2.150476796019E-1));
#2906=CARTESIAN_POINT('',(2.526853424353E0,2.518781141516E0,1.176411984168E0));
#2907=CARTESIAN_POINT('',(2.567478424353E0,1.943867228216E0,1.987355980796E0));
#2908=CARTESIAN_POINT('',(2.608103424353E0,1.120403392795E0,2.544189425486E0));
#2909=CARTESIAN_POINT('',(2.648728424353E0,1.536807113041E-1,2.775713572095E0));
#2910=CARTESIAN_POINT('',(2.689353424353E0,-8.326921439598E-1,
2.652324902558E0));
#2911=CARTESIAN_POINT('',(2.729978424353E0,-1.712593958131E0,2.189800340194E0));
#2912=CARTESIAN_POINT('',(2.770603424353E0,-2.373517290262E0,1.447279955008E0));
#2913=CARTESIAN_POINT('',(2.811228424353E0,-2.730954083245E0,
5.197050995954E-1));
#2914=CARTESIAN_POINT('',(2.851853424353E0,-2.739201170851E0,
-4.743211369386E-1));
#2915=CARTESIAN_POINT('',(2.892478424353E0,-2.397204050513E0,
-1.407698950609E0));
#2916=CARTESIAN_POINT('',(2.933103424353E0,-1.748691715853E0,
-2.161083264997E0));
#2917=CARTESIAN_POINT('',(2.973728424353E0,-8.765853087765E-1,
-2.638143626071E0));
#2918=CARTESIAN_POINT('',(3.014353424353E0,1.076044788253E-1,
-2.777881363823E0));
#2919=CARTESIAN_POINT('',(3.054978424353E0,1.078035567045E0,-2.562429103707E0));
#2920=CARTESIAN_POINT('',(3.095603424353E0,1.910625113236E0,-2.019335354024E0));
#2921=CARTESIAN_POINT('',(3.136228424353E0,2.498915194830E0,-1.218042053621E0));
#2922=CARTESIAN_POINT('',(3.176853424353E0,2.767684905869E0,
-2.610054734430E-1));
#2923=CARTESIAN_POINT('',(3.217478424353E0,2.682568375177E0,7.294042142998E-1));
#2924=CARTESIAN_POINT('',(3.258103424353E0,2.254448911434E0,1.626549630682E0));
#2925=CARTESIAN_POINT('',(3.298728424353E0,1.538067423807E0,2.315718505165E0));
#2926=CARTESIAN_POINT('',(3.339353424353E0,6.250230505359E-1,2.708791203035E0));
#2927=CARTESIAN_POINT('',(3.379978424353E0,-3.679390394807E-1,
2.755508021866E0));
#2928=CARTESIAN_POINT('',(3.420603424353E0,-1.313855107896E0,2.449895579570E0));
#2929=CARTESIAN_POINT('',(3.461228424353E0,-2.091776891511E0,1.831030592721E0));
#2930=CARTESIAN_POINT('',(3.501853424353E0,-2.602236486384E0,
9.780433856804E-1));
#2931=CARTESIAN_POINT('',(3.542478424353E0,-2.779964675197E0,0.E0));
#2932=CARTESIAN_POINT('',(3.583103424353E0,-2.602236486384E0,
-9.780433856804E-1));
#2933=CARTESIAN_POINT('',(3.623728424353E0,-2.091776891511E0,
-1.831030592721E0));
#2934=CARTESIAN_POINT('',(3.664353424353E0,-1.313855107896E0,
-2.449895579570E0));
#2935=CARTESIAN_POINT('',(3.704978424353E0,-3.679390394806E-1,
-2.755508021866E0));
#2936=CARTESIAN_POINT('',(3.745603424353E0,6.250230505360E-1,
-2.708791203035E0));
#2937=CARTESIAN_POINT('',(3.786228424353E0,1.538067423807E0,-2.315718505165E0));
#2938=CARTESIAN_POINT('',(3.826853424353E0,2.254448911434E0,-1.626549630682E0));
#2939=CARTESIAN_POINT('',(3.867478424353E0,2.682568375177E0,
-7.294042142998E-1));
#2940=CARTESIAN_POINT('',(3.908103424353E0,2.767684905869E0,2.610054734430E-1));
#2941=CARTESIAN_POINT('',(3.948728424353E0,2.498915194830E0,1.218042053622E0));
#2942=CARTESIAN_POINT('',(3.989353424353E0,1.910625113236E0,2.019335354024E0));
#2943=CARTESIAN_POINT('',(4.029978424353E0,1.078035567045E0,2.562429103707E0));
#2944=CARTESIAN_POINT('',(4.070603424353E0,1.076044788255E-1,2.777881363825E0));
#2945=CARTESIAN_POINT('',(4.111228424353E0,-8.765853087770E-1,
2.638143626064E0));
#2946=CARTESIAN_POINT('',(4.151853424353E0,-1.748691715851E0,2.161083265024E0));
#2947=CARTESIAN_POINT('',(4.192478424353E0,-2.397204050521E0,1.407698950508E0));
#2948=CARTESIAN_POINT('',(4.233103424353E0,-2.739201170822E0,
4.743211373164E-1));
#2949=CARTESIAN_POINT('',(4.273728424353E0,-2.730954083355E0,
-5.197051010054E-1));
#2950=CARTESIAN_POINT('',(4.314353424353E0,-2.373517289854E0,
-1.447279949746E0));
#2951=CARTESIAN_POINT('',(4.354978424353E0,-1.712593959655E0,
-2.189800359833E0));
#2952=CARTESIAN_POINT('',(4.395603424353E0,-8.326921382731E-1,
-2.652324829264E0));
#2953=CARTESIAN_POINT('',(4.436228424353E0,1.536806900809E-1,
-2.775713845630E0));
#2954=CARTESIAN_POINT('',(4.476853424353E0,1.120403472001E0,-2.544188404639E0));
#2955=CARTESIAN_POINT('',(4.517478424353E0,1.943866932615E0,-1.987359790649E0));
#2956=CARTESIAN_POINT('',(4.558103424353E0,2.518782244715E0,-1.176397765603E0));
#2957=CARTESIAN_POINT('',(4.585186757686E0,2.687347704891E0,
-5.355330845412E-1));
#2958=CARTESIAN_POINT('',(4.598728424353E0,2.712569342538E0,
-2.104648834105E-1));
#2959=B_SPLINE_SURFACE_WITH_KNOTS('',3,3,((#2691,#2692,#2693,#2694,#2695,#2696,
#2697,#2698,#2699,#2700,#2701,#2702,#2703,#2704,#2705,#2706,#2707,#2708,#2709,
#2710,#2711,#2712,#2713,#2714,#2715,#2716,#2717,#2718,#2719,#2720,#2721,#2722,
#2723,#2724,#2725,#2726,#2727,#2728,#2729,#2730,#2731,#2732,#2733,#2734,#2735,
#2736,#2737,#2738,#2739,#2740,#2741,#2742,#2743,#2744,#2745,#2746,#2747,#2748,
#2749,#2750,#2751,#2752,#2753,#2754,#2755,#2756,#2757),(#2758,#2759,#2760,#2761,
#2762,#2763,#2764,#2765,#2766,#2767,#2768,#2769,#2770,#2771,#2772,#2773,#2774,
#2775,#2776,#2777,#2778,#2779,#2780,#2781,#2782,#2783,#2784,#2785,#2786,#2787,
#2788,#2789,#2790,#2791,#2792,#2793,#2794,#2795,#2796,#2797,#2798,#2799,#2800,
#2801,#2802,#2803,#2804,#2805,#2806,#2807,#2808,#2809,#2810,#2811,#2812,#2813,
#2814,#2815,#2816,#2817,#2818,#2819,#2820,#2821,#2822,#2823,#2824),(#2825,#2826,
#2827,#2828,#2829,#2830,#2831,#2832,#2833,#2834,#2835,#2836,#2837,#2838,#2839,
#2840,#2841,#2842,#2843,#2844,#2845,#2846,#2847,#2848,#2849,#2850,#2851,#2852,
#2853,#2854,#2855,#2856,#2857,#2858,#2859,#2860,#2861,#2862,#2863,#2864,#2865,
#2866,#2867,#2868,#2869,#2870,#2871,#2872,#2873,#2874,#2875,#2876,#2877,#2878,
#2879,#2880,#2881,#2882,#2883,#2884,#2885,#2886,#2887,#2888,#2889,#2890,#2891),(
#2892,#2893,#2894,#2895,#2896,#2897,#2898,#2899,#2900,#2901,#2902,#2903,#2904,
#2905,#2906,#2907,#2908,#2909,#2910,#2911,#2912,#2913,#2914,#2915,#2916,#2917,
#2918,#2919,#2920,#2921,#2922,#2923,#2924,#2925,#2926,#2927,#2928,#2929,#2930,
#2931,#2932,#2933,#2934,#2935,#2936,#2937,#2938,#2939,#2940,#2941,#2942,#2943,
#2944,#2945,#2946,#2947,#2948,#2949,#2950,#2951,#2952,#2953,#2954,#2955,#2956,
#2957,#2958)),.UNSPECIFIED.,.F.,.F.,.F.,(4,4),(4,1,1,1,1,1,1,1,1,1,1,1,1,1,1,1,
1,1,1,1,1,1,1,1,1,1,1,1,1,1,1,1,1,1,1,1,1,1,1,1,1,1,1,1,1,1,1,1,1,1,1,1,1,1,1,1,
1,1,1,1,1,1,1,1,4),(-2.682593801840E-2,1.026825938018E0),(-2.E-2,-3.75E-3,
1.25E-2,2.875E-2,4.5E-2,6.125E-2,7.75E-2,9.375E-2,1.1E-1,1.2625E-1,1.425E-1,
1.5875E-1,1.75E-1,1.9125E-1,2.075E-1,2.2375E-1,2.4E-1,2.5625E-1,2.725E-1,
2.8875E-1,3.05E-1,3.2125E-1,3.375E-1,3.5375E-1,3.7E-1,3.8625E-1,4.025E-1,
4.1875E-1,4.35E-1,4.5125E-1,4.675E-1,4.8375E-1,5.E-1,5.1625E-1,5.325E-1,
5.4875E-1,5.65E-1,5.8125E-1,5.975E-1,6.1375E-1,6.3E-1,6.4625E-1,6.625E-1,
6.7875E-1,6.95E-1,7.1125E-1,7.275E-1,7.4375E-1,7.6E-1,7.7625E-1,7.925E-1,
8.0875E-1,8.25E-1,8.4125E-1,8.575E-1,8.7375E-1,8.9E-1,9.0625E-1,9.225E-1,
9.3875E-1,9.55E-1,9.7125E-1,9.875E-1,1.00375E0,1.02E0),.UNSPECIFIED.);
#2960=ORIENTED_EDGE('',*,*,#2670,.T.);
#2961=ORIENTED_EDGE('',*,*,#2683,.T.);
#2962=ORIENTED_EDGE('',*,*,#2485,.T.);
#2964=ORIENTED_EDGE('',*,*,#2963,.T.);
#2966=ORIENTED_EDGE('',*,*,#2965,.F.);
#2968=ORIENTED_EDGE('',*,*,#2967,.F.);
#2970=ORIENTED_EDGE('',*,*,#2969,.T.);
#2972=ORIENTED_EDGE('',*,*,#2971,.T.);
#2974=ORIENTED_EDGE('',*,*,#2973,.T.);
#2976=ORIENTED_EDGE('',*,*,#2975,.T.);
#2977=EDGE_LOOP('',(#2960,#2961,#2962,#2964,#2966,#2968,#2970,#2972,#2974,
#2976));
#2978=FACE_OUTER_BOUND('',#2977,.F.);
#2979=ADVANCED_FACE('',(#2978),#2959,.F.);
#2980=CARTESIAN_POINT('',(1.981792337320E0,-1.250373903120E0,2.427384467363E0));
#2981=CARTESIAN_POINT('',(1.995334003986E0,-1.541266191064E0,2.277542474735E0));
#2982=CARTESIAN_POINT('',(2.022417337320E0,-2.068502923128E0,1.872196584472E0));
#2983=CARTESIAN_POINT('',(2.063042337320E0,-2.594946441897E0,1.024753408980E0));
#2984=CARTESIAN_POINT('',(2.103667337320E0,-2.789570666258E0,
4.629185414874E-2));
#2985=CARTESIAN_POINT('',(2.144292337320E0,-2.627515620414E0,
-9.380915084658E-1));
#2986=CARTESIAN_POINT('',(2.184917337320E0,-2.129495449279E0,
-1.802526344126E0));
#2987=CARTESIAN_POINT('',(2.225542337320E0,-1.359190642786E0,
-2.436483814712E0));
#2988=CARTESIAN_POINT('',(2.266167337320E0,-4.150946821876E-1,
-2.758903564539E0));
#2989=CARTESIAN_POINT('',(2.306792337320E0,5.820767640624E-1,
-2.728559901068E0));
#2990=CARTESIAN_POINT('',(2.347417337320E0,1.504821769105E0,-2.349332657230E0));
#2991=CARTESIAN_POINT('',(2.388042337320E0,2.235154796648E0,-1.669711210263E0));
#2992=CARTESIAN_POINT('',(2.428667337320E0,2.679692816412E0,
-7.765944248334E-1));
#2993=CARTESIAN_POINT('',(2.469292337320E0,2.781595582367E0,2.158205435525E-1));
#2994=CARTESIAN_POINT('',(2.509917337320E0,2.527833437023E0,1.180639913599E0));
#2995=CARTESIAN_POINT('',(2.550542337320E0,1.950853329662E0,1.994498377298E0));
#2996=CARTESIAN_POINT('',(2.591167337320E0,1.124430031883E0,2.553333036308E0));
#2997=CARTESIAN_POINT('',(2.631792337320E0,1.542330273388E-1,2.785689261957E0));
#2998=CARTESIAN_POINT('',(2.672417337320E0,-8.356847721119E-1,
2.661857143530E0));
#2999=CARTESIAN_POINT('',(2.713042337320E0,-1.718748882168E0,2.197670305334E0));
#3000=CARTESIAN_POINT('',(2.753667337320E0,-2.382047519248E0,1.452481361997E0));
#3001=CARTESIAN_POINT('',(2.794292337320E0,-2.740768911128E0,
5.215728776490E-1));
#3002=CARTESIAN_POINT('',(2.834917337320E0,-2.749045638099E0,
-4.760258087045E-1));
#3003=CARTESIAN_POINT('',(2.875542337320E0,-2.405819407797E0,
-1.412758106673E0));
#3004=CARTESIAN_POINT('',(2.916167337320E0,-1.754976372309E0,
-2.168850023294E0));
#3005=CARTESIAN_POINT('',(2.956792337320E0,-8.797356854094E-1,
-2.647624900683E0));
#3006=CARTESIAN_POINT('',(2.997417337320E0,1.079912006108E-1,
-2.787864844553E0));
#3007=CARTESIAN_POINT('',(3.038042337320E0,1.081909939597E0,-2.571638266457E0));
#3008=CARTESIAN_POINT('',(3.078667337320E0,1.917491745212E0,-2.026592681805E0));
#3009=CARTESIAN_POINT('',(3.119292337320E0,2.507896093732E0,-1.222419598152E0));
#3010=CARTESIAN_POINT('',(3.159917337320E0,2.777631741354E0,
-2.619435059841E-1));
#3011=CARTESIAN_POINT('',(3.200542337320E0,2.692209308742E0,7.320256339948E-1));
#3012=CARTESIAN_POINT('',(3.241167337320E0,2.262551218306E0,1.632395318372E0));
#3013=CARTESIAN_POINT('',(3.281792337320E0,1.543595113609E0,2.324041009996E0));
#3014=CARTESIAN_POINT('',(3.322417337320E0,6.272693327788E-1,2.718526379320E0));
#3015=CARTESIAN_POINT('',(3.363042337320E0,-3.692613826009E-1,
2.765411094615E0));
#3016=CARTESIAN_POINT('',(3.403667337320E0,-1.318576996786E0,2.458700305944E0));
#3017=CARTESIAN_POINT('',(3.444292337320E0,-2.099294568313E0,1.837611168434E0));
#3018=CARTESIAN_POINT('',(3.484917337320E0,-2.611588713644E0,
9.815583944279E-1));
#3019=CARTESIAN_POINT('',(3.525542337320E0,-2.789955643178E0,0.E0));
#3020=CARTESIAN_POINT('',(3.566167337320E0,-2.611588713644E0,
-9.815583944279E-1));
#3021=CARTESIAN_POINT('',(3.606792337320E0,-2.099294568313E0,
-1.837611168434E0));
#3022=CARTESIAN_POINT('',(3.647417337320E0,-1.318576996786E0,
-2.458700305944E0));
#3023=CARTESIAN_POINT('',(3.688042337320E0,-3.692613826009E-1,
-2.765411094615E0));
#3024=CARTESIAN_POINT('',(3.728667337320E0,6.272693327788E-1,
-2.718526379320E0));
#3025=CARTESIAN_POINT('',(3.769292337320E0,1.543595113609E0,-2.324041009996E0));
#3026=CARTESIAN_POINT('',(3.809917337320E0,2.262551218306E0,-1.632395318372E0));
#3027=CARTESIAN_POINT('',(3.850542337320E0,2.692209308742E0,
-7.320256339948E-1));
#3028=CARTESIAN_POINT('',(3.891167337320E0,2.777631741354E0,2.619435059840E-1));
#3029=CARTESIAN_POINT('',(3.931792337320E0,2.507896093732E0,1.222419598152E0));
#3030=CARTESIAN_POINT('',(3.972417337320E0,1.917491745212E0,2.026592681805E0));
#3031=CARTESIAN_POINT('',(4.013042337320E0,1.081909939597E0,2.571638266456E0));
#3032=CARTESIAN_POINT('',(4.053667337320E0,1.079912006109E-1,2.787864844555E0));
#3033=CARTESIAN_POINT('',(4.094292337320E0,-8.797356854100E-1,
2.647624900676E0));
#3034=CARTESIAN_POINT('',(4.134917337320E0,-1.754976372307E0,2.168850023321E0));
#3035=CARTESIAN_POINT('',(4.175542337320E0,-2.405819407805E0,1.412758106571E0));
#3036=CARTESIAN_POINT('',(4.216167337320E0,-2.749045638069E0,
4.760258090837E-1));
#3037=CARTESIAN_POINT('',(4.256792337320E0,-2.740768911237E0,
-5.215728790640E-1));
#3038=CARTESIAN_POINT('',(4.297417337320E0,-2.382047518838E0,
-1.452481356716E0));
#3039=CARTESIAN_POINT('',(4.338042337320E0,-1.718748883697E0,
-2.197670325044E0));
#3040=CARTESIAN_POINT('',(4.378667337320E0,-8.356847664048E-1,
-2.661857069973E0));
#3041=CARTESIAN_POINT('',(4.419292337320E0,1.542330060393E-1,
-2.785689536475E0));
#3042=CARTESIAN_POINT('',(4.459917337320E0,1.124430111374E0,-2.553332011792E0));
#3043=CARTESIAN_POINT('',(4.500542337320E0,1.950853032998E0,-1.994502200844E0));
#3044=CARTESIAN_POINT('',(4.541167337320E0,2.527834544186E0,-1.180625643934E0));
#3045=CARTESIAN_POINT('',(4.568250670653E0,2.697005814979E0,
-5.374577470912E-1));
#3046=CARTESIAN_POINT('',(4.581792337320E0,2.722318097151E0,
-2.112212771627E-1));
#3047=CARTESIAN_POINT('',(2.054810408736E0,-1.250373903120E0,2.427384467363E0));
#3048=CARTESIAN_POINT('',(2.068352075403E0,-1.541266191064E0,2.277542474735E0));
#3049=CARTESIAN_POINT('',(2.095435408736E0,-2.068502923128E0,1.872196584472E0));
#3050=CARTESIAN_POINT('',(2.136060408736E0,-2.594946441897E0,1.024753408980E0));
#3051=CARTESIAN_POINT('',(2.176685408736E0,-2.789570666258E0,
4.629185414874E-2));
#3052=CARTESIAN_POINT('',(2.217310408736E0,-2.627515620414E0,
-9.380915084658E-1));
#3053=CARTESIAN_POINT('',(2.257935408736E0,-2.129495449279E0,
-1.802526344126E0));
#3054=CARTESIAN_POINT('',(2.298560408736E0,-1.359190642786E0,
-2.436483814712E0));
#3055=CARTESIAN_POINT('',(2.339185408736E0,-4.150946821876E-1,
-2.758903564539E0));
#3056=CARTESIAN_POINT('',(2.379810408736E0,5.820767640624E-1,
-2.728559901068E0));
#3057=CARTESIAN_POINT('',(2.420435408736E0,1.504821769105E0,-2.349332657230E0));
#3058=CARTESIAN_POINT('',(2.461060408736E0,2.235154796648E0,-1.669711210263E0));
#3059=CARTESIAN_POINT('',(2.501685408736E0,2.679692816412E0,
-7.765944248334E-1));
#3060=CARTESIAN_POINT('',(2.542310408736E0,2.781595582367E0,2.158205435525E-1));
#3061=CARTESIAN_POINT('',(2.582935408736E0,2.527833437023E0,1.180639913599E0));
#3062=CARTESIAN_POINT('',(2.623560408736E0,1.950853329662E0,1.994498377298E0));
#3063=CARTESIAN_POINT('',(2.664185408736E0,1.124430031883E0,2.553333036308E0));
#3064=CARTESIAN_POINT('',(2.704810408736E0,1.542330273388E-1,2.785689261957E0));
#3065=CARTESIAN_POINT('',(2.745435408736E0,-8.356847721119E-1,
2.661857143530E0));
#3066=CARTESIAN_POINT('',(2.786060408736E0,-1.718748882168E0,2.197670305334E0));
#3067=CARTESIAN_POINT('',(2.826685408736E0,-2.382047519248E0,1.452481361997E0));
#3068=CARTESIAN_POINT('',(2.867310408736E0,-2.740768911128E0,
5.215728776490E-1));
#3069=CARTESIAN_POINT('',(2.907935408736E0,-2.749045638099E0,
-4.760258087045E-1));
#3070=CARTESIAN_POINT('',(2.948560408736E0,-2.405819407797E0,
-1.412758106673E0));
#3071=CARTESIAN_POINT('',(2.989185408736E0,-1.754976372309E0,
-2.168850023294E0));
#3072=CARTESIAN_POINT('',(3.029810408736E0,-8.797356854094E-1,
-2.647624900683E0));
#3073=CARTESIAN_POINT('',(3.070435408736E0,1.079912006108E-1,
-2.787864844553E0));
#3074=CARTESIAN_POINT('',(3.111060408736E0,1.081909939597E0,-2.571638266457E0));
#3075=CARTESIAN_POINT('',(3.151685408736E0,1.917491745212E0,-2.026592681805E0));
#3076=CARTESIAN_POINT('',(3.192310408736E0,2.507896093732E0,-1.222419598152E0));
#3077=CARTESIAN_POINT('',(3.232935408736E0,2.777631741354E0,
-2.619435059841E-1));
#3078=CARTESIAN_POINT('',(3.273560408736E0,2.692209308742E0,7.320256339948E-1));
#3079=CARTESIAN_POINT('',(3.314185408736E0,2.262551218306E0,1.632395318372E0));
#3080=CARTESIAN_POINT('',(3.354810408736E0,1.543595113609E0,2.324041009996E0));
#3081=CARTESIAN_POINT('',(3.395435408736E0,6.272693327788E-1,2.718526379320E0));
#3082=CARTESIAN_POINT('',(3.436060408736E0,-3.692613826009E-1,
2.765411094615E0));
#3083=CARTESIAN_POINT('',(3.476685408736E0,-1.318576996786E0,2.458700305944E0));
#3084=CARTESIAN_POINT('',(3.517310408736E0,-2.099294568313E0,1.837611168434E0));
#3085=CARTESIAN_POINT('',(3.557935408736E0,-2.611588713644E0,
9.815583944279E-1));
#3086=CARTESIAN_POINT('',(3.598560408736E0,-2.789955643178E0,0.E0));
#3087=CARTESIAN_POINT('',(3.639185408736E0,-2.611588713644E0,
-9.815583944279E-1));
#3088=CARTESIAN_POINT('',(3.679810408736E0,-2.099294568313E0,
-1.837611168434E0));
#3089=CARTESIAN_POINT('',(3.720435408736E0,-1.318576996786E0,
-2.458700305944E0));
#3090=CARTESIAN_POINT('',(3.761060408736E0,-3.692613826009E-1,
-2.765411094615E0));
#3091=CARTESIAN_POINT('',(3.801685408736E0,6.272693327788E-1,
-2.718526379320E0));
#3092=CARTESIAN_POINT('',(3.842310408736E0,1.543595113609E0,-2.324041009996E0));
#3093=CARTESIAN_POINT('',(3.882935408736E0,2.262551218306E0,-1.632395318372E0));
#3094=CARTESIAN_POINT('',(3.923560408736E0,2.692209308742E0,
-7.320256339948E-1));
#3095=CARTESIAN_POINT('',(3.964185408736E0,2.777631741354E0,2.619435059840E-1));
#3096=CARTESIAN_POINT('',(4.004810408736E0,2.507896093732E0,1.222419598152E0));
#3097=CARTESIAN_POINT('',(4.045435408736E0,1.917491745212E0,2.026592681805E0));
#3098=CARTESIAN_POINT('',(4.086060408736E0,1.081909939597E0,2.571638266456E0));
#3099=CARTESIAN_POINT('',(4.126685408736E0,1.079912006109E-1,2.787864844555E0));
#3100=CARTESIAN_POINT('',(4.167310408736E0,-8.797356854100E-1,
2.647624900676E0));
#3101=CARTESIAN_POINT('',(4.207935408736E0,-1.754976372307E0,2.168850023321E0));
#3102=CARTESIAN_POINT('',(4.248560408736E0,-2.405819407805E0,1.412758106571E0));
#3103=CARTESIAN_POINT('',(4.289185408736E0,-2.749045638069E0,
4.760258090837E-1));
#3104=CARTESIAN_POINT('',(4.329810408736E0,-2.740768911237E0,
-5.215728790640E-1));
#3105=CARTESIAN_POINT('',(4.370435408736E0,-2.382047518838E0,
-1.452481356716E0));
#3106=CARTESIAN_POINT('',(4.411060408736E0,-1.718748883697E0,
-2.197670325044E0));
#3107=CARTESIAN_POINT('',(4.451685408736E0,-8.356847664048E-1,
-2.661857069973E0));
#3108=CARTESIAN_POINT('',(4.492310408736E0,1.542330060393E-1,
-2.785689536475E0));
#3109=CARTESIAN_POINT('',(4.532935408736E0,1.124430111374E0,-2.553332011792E0));
#3110=CARTESIAN_POINT('',(4.573560408736E0,1.950853032998E0,-1.994502200844E0));
#3111=CARTESIAN_POINT('',(4.614185408736E0,2.527834544186E0,-1.180625643934E0));
#3112=CARTESIAN_POINT('',(4.641268742070E0,2.697005814979E0,
-5.374577470912E-1));
#3113=CARTESIAN_POINT('',(4.654810408736E0,2.722318097151E0,
-2.112212771627E-1));
#3114=CARTESIAN_POINT('',(2.127828480153E0,-1.250373903120E0,2.427384467363E0));
#3115=CARTESIAN_POINT('',(2.141370146819E0,-1.541266191064E0,2.277542474735E0));
#3116=CARTESIAN_POINT('',(2.168453480153E0,-2.068502923128E0,1.872196584472E0));
#3117=CARTESIAN_POINT('',(2.209078480153E0,-2.594946441897E0,1.024753408980E0));
#3118=CARTESIAN_POINT('',(2.249703480153E0,-2.789570666258E0,
4.629185414874E-2));
#3119=CARTESIAN_POINT('',(2.290328480153E0,-2.627515620414E0,
-9.380915084658E-1));
#3120=CARTESIAN_POINT('',(2.330953480153E0,-2.129495449279E0,
-1.802526344126E0));
#3121=CARTESIAN_POINT('',(2.371578480153E0,-1.359190642786E0,
-2.436483814712E0));
#3122=CARTESIAN_POINT('',(2.412203480153E0,-4.150946821876E-1,
-2.758903564539E0));
#3123=CARTESIAN_POINT('',(2.452828480153E0,5.820767640624E-1,
-2.728559901068E0));
#3124=CARTESIAN_POINT('',(2.493453480153E0,1.504821769105E0,-2.349332657230E0));
#3125=CARTESIAN_POINT('',(2.534078480153E0,2.235154796648E0,-1.669711210263E0));
#3126=CARTESIAN_POINT('',(2.574703480153E0,2.679692816412E0,
-7.765944248334E-1));
#3127=CARTESIAN_POINT('',(2.615328480153E0,2.781595582367E0,2.158205435525E-1));
#3128=CARTESIAN_POINT('',(2.655953480153E0,2.527833437023E0,1.180639913599E0));
#3129=CARTESIAN_POINT('',(2.696578480153E0,1.950853329662E0,1.994498377298E0));
#3130=CARTESIAN_POINT('',(2.737203480153E0,1.124430031883E0,2.553333036308E0));
#3131=CARTESIAN_POINT('',(2.777828480153E0,1.542330273388E-1,2.785689261957E0));
#3132=CARTESIAN_POINT('',(2.818453480153E0,-8.356847721119E-1,
2.661857143530E0));
#3133=CARTESIAN_POINT('',(2.859078480153E0,-1.718748882168E0,2.197670305334E0));
#3134=CARTESIAN_POINT('',(2.899703480153E0,-2.382047519248E0,1.452481361997E0));
#3135=CARTESIAN_POINT('',(2.940328480153E0,-2.740768911128E0,
5.215728776490E-1));
#3136=CARTESIAN_POINT('',(2.980953480153E0,-2.749045638099E0,
-4.760258087045E-1));
#3137=CARTESIAN_POINT('',(3.021578480153E0,-2.405819407797E0,
-1.412758106673E0));
#3138=CARTESIAN_POINT('',(3.062203480153E0,-1.754976372309E0,
-2.168850023294E0));
#3139=CARTESIAN_POINT('',(3.102828480153E0,-8.797356854094E-1,
-2.647624900683E0));
#3140=CARTESIAN_POINT('',(3.143453480153E0,1.079912006108E-1,
-2.787864844553E0));
#3141=CARTESIAN_POINT('',(3.184078480153E0,1.081909939597E0,-2.571638266457E0));
#3142=CARTESIAN_POINT('',(3.224703480153E0,1.917491745212E0,-2.026592681805E0));
#3143=CARTESIAN_POINT('',(3.265328480153E0,2.507896093732E0,-1.222419598152E0));
#3144=CARTESIAN_POINT('',(3.305953480153E0,2.777631741354E0,
-2.619435059841E-1));
#3145=CARTESIAN_POINT('',(3.346578480153E0,2.692209308742E0,7.320256339948E-1));
#3146=CARTESIAN_POINT('',(3.387203480153E0,2.262551218306E0,1.632395318372E0));
#3147=CARTESIAN_POINT('',(3.427828480153E0,1.543595113609E0,2.324041009996E0));
#3148=CARTESIAN_POINT('',(3.468453480153E0,6.272693327788E-1,2.718526379320E0));
#3149=CARTESIAN_POINT('',(3.509078480153E0,-3.692613826009E-1,
2.765411094615E0));
#3150=CARTESIAN_POINT('',(3.549703480153E0,-1.318576996786E0,2.458700305944E0));
#3151=CARTESIAN_POINT('',(3.590328480153E0,-2.099294568313E0,1.837611168434E0));
#3152=CARTESIAN_POINT('',(3.630953480153E0,-2.611588713644E0,
9.815583944279E-1));
#3153=CARTESIAN_POINT('',(3.671578480153E0,-2.789955643178E0,0.E0));
#3154=CARTESIAN_POINT('',(3.712203480153E0,-2.611588713644E0,
-9.815583944279E-1));
#3155=CARTESIAN_POINT('',(3.752828480153E0,-2.099294568313E0,
-1.837611168434E0));
#3156=CARTESIAN_POINT('',(3.793453480153E0,-1.318576996786E0,
-2.458700305944E0));
#3157=CARTESIAN_POINT('',(3.834078480153E0,-3.692613826008E-1,
-2.765411094615E0));
#3158=CARTESIAN_POINT('',(3.874703480153E0,6.272693327788E-1,
-2.718526379320E0));
#3159=CARTESIAN_POINT('',(3.915328480153E0,1.543595113609E0,-2.324041009996E0));
#3160=CARTESIAN_POINT('',(3.955953480153E0,2.262551218306E0,-1.632395318372E0));
#3161=CARTESIAN_POINT('',(3.996578480153E0,2.692209308742E0,
-7.320256339948E-1));
#3162=CARTESIAN_POINT('',(4.037203480153E0,2.777631741354E0,2.619435059840E-1));
#3163=CARTESIAN_POINT('',(4.077828480153E0,2.507896093732E0,1.222419598152E0));
#3164=CARTESIAN_POINT('',(4.118453480153E0,1.917491745212E0,2.026592681805E0));
#3165=CARTESIAN_POINT('',(4.159078480153E0,1.081909939597E0,2.571638266456E0));
#3166=CARTESIAN_POINT('',(4.199703480153E0,1.079912006109E-1,2.787864844555E0));
#3167=CARTESIAN_POINT('',(4.240328480153E0,-8.797356854100E-1,
2.647624900676E0));
#3168=CARTESIAN_POINT('',(4.280953480153E0,-1.754976372307E0,2.168850023321E0));
#3169=CARTESIAN_POINT('',(4.321578480153E0,-2.405819407805E0,1.412758106571E0));
#3170=CARTESIAN_POINT('',(4.362203480153E0,-2.749045638069E0,
4.760258090837E-1));
#3171=CARTESIAN_POINT('',(4.402828480153E0,-2.740768911237E0,
-5.215728790640E-1));
#3172=CARTESIAN_POINT('',(4.443453480153E0,-2.382047518838E0,
-1.452481356716E0));
#3173=CARTESIAN_POINT('',(4.484078480153E0,-1.718748883697E0,
-2.197670325044E0));
#3174=CARTESIAN_POINT('',(4.524703480153E0,-8.356847664048E-1,
-2.661857069973E0));
#3175=CARTESIAN_POINT('',(4.565328480153E0,1.542330060393E-1,
-2.785689536475E0));
#3176=CARTESIAN_POINT('',(4.605953480153E0,1.124430111374E0,-2.553332011792E0));
#3177=CARTESIAN_POINT('',(4.646578480153E0,1.950853032998E0,-1.994502200844E0));
#3178=CARTESIAN_POINT('',(4.687203480153E0,2.527834544186E0,-1.180625643934E0));
#3179=CARTESIAN_POINT('',(4.714286813486E0,2.697005814979E0,
-5.374577470912E-1));
#3180=CARTESIAN_POINT('',(4.727828480153E0,2.722318097151E0,
-2.112212771626E-1));
#3181=CARTESIAN_POINT('',(2.200846551569E0,-1.250373903120E0,2.427384467363E0));
#3182=CARTESIAN_POINT('',(2.214388218236E0,-1.541266191064E0,2.277542474735E0));
#3183=CARTESIAN_POINT('',(2.241471551569E0,-2.068502923128E0,1.872196584472E0));
#3184=CARTESIAN_POINT('',(2.282096551569E0,-2.594946441897E0,1.024753408980E0));
#3185=CARTESIAN_POINT('',(2.322721551569E0,-2.789570666258E0,
4.629185414874E-2));
#3186=CARTESIAN_POINT('',(2.363346551569E0,-2.627515620414E0,
-9.380915084658E-1));
#3187=CARTESIAN_POINT('',(2.403971551569E0,-2.129495449279E0,
-1.802526344126E0));
#3188=CARTESIAN_POINT('',(2.444596551569E0,-1.359190642786E0,
-2.436483814712E0));
#3189=CARTESIAN_POINT('',(2.485221551569E0,-4.150946821876E-1,
-2.758903564539E0));
#3190=CARTESIAN_POINT('',(2.525846551569E0,5.820767640624E-1,
-2.728559901068E0));
#3191=CARTESIAN_POINT('',(2.566471551569E0,1.504821769105E0,-2.349332657230E0));
#3192=CARTESIAN_POINT('',(2.607096551569E0,2.235154796648E0,-1.669711210263E0));
#3193=CARTESIAN_POINT('',(2.647721551569E0,2.679692816412E0,
-7.765944248334E-1));
#3194=CARTESIAN_POINT('',(2.688346551569E0,2.781595582367E0,2.158205435525E-1));
#3195=CARTESIAN_POINT('',(2.728971551569E0,2.527833437023E0,1.180639913599E0));
#3196=CARTESIAN_POINT('',(2.769596551569E0,1.950853329662E0,1.994498377298E0));
#3197=CARTESIAN_POINT('',(2.810221551569E0,1.124430031883E0,2.553333036308E0));
#3198=CARTESIAN_POINT('',(2.850846551569E0,1.542330273388E-1,2.785689261957E0));
#3199=CARTESIAN_POINT('',(2.891471551569E0,-8.356847721119E-1,
2.661857143530E0));
#3200=CARTESIAN_POINT('',(2.932096551569E0,-1.718748882168E0,2.197670305334E0));
#3201=CARTESIAN_POINT('',(2.972721551569E0,-2.382047519248E0,1.452481361997E0));
#3202=CARTESIAN_POINT('',(3.013346551569E0,-2.740768911128E0,
5.215728776490E-1));
#3203=CARTESIAN_POINT('',(3.053971551569E0,-2.749045638099E0,
-4.760258087045E-1));
#3204=CARTESIAN_POINT('',(3.094596551569E0,-2.405819407797E0,
-1.412758106673E0));
#3205=CARTESIAN_POINT('',(3.135221551569E0,-1.754976372309E0,
-2.168850023294E0));
#3206=CARTESIAN_POINT('',(3.175846551569E0,-8.797356854094E-1,
-2.647624900683E0));
#3207=CARTESIAN_POINT('',(3.216471551569E0,1.079912006108E-1,
-2.787864844553E0));
#3208=CARTESIAN_POINT('',(3.257096551569E0,1.081909939597E0,-2.571638266457E0));
#3209=CARTESIAN_POINT('',(3.297721551569E0,1.917491745212E0,-2.026592681805E0));
#3210=CARTESIAN_POINT('',(3.338346551569E0,2.507896093732E0,-1.222419598152E0));
#3211=CARTESIAN_POINT('',(3.378971551569E0,2.777631741354E0,
-2.619435059841E-1));
#3212=CARTESIAN_POINT('',(3.419596551569E0,2.692209308742E0,7.320256339948E-1));
#3213=CARTESIAN_POINT('',(3.460221551569E0,2.262551218306E0,1.632395318372E0));
#3214=CARTESIAN_POINT('',(3.500846551569E0,1.543595113609E0,2.324041009996E0));
#3215=CARTESIAN_POINT('',(3.541471551569E0,6.272693327788E-1,2.718526379320E0));
#3216=CARTESIAN_POINT('',(3.582096551569E0,-3.692613826009E-1,
2.765411094615E0));
#3217=CARTESIAN_POINT('',(3.622721551569E0,-1.318576996786E0,2.458700305944E0));
#3218=CARTESIAN_POINT('',(3.663346551569E0,-2.099294568313E0,1.837611168434E0));
#3219=CARTESIAN_POINT('',(3.703971551569E0,-2.611588713644E0,
9.815583944279E-1));
#3220=CARTESIAN_POINT('',(3.744596551569E0,-2.789955643178E0,0.E0));
#3221=CARTESIAN_POINT('',(3.785221551569E0,-2.611588713644E0,
-9.815583944279E-1));
#3222=CARTESIAN_POINT('',(3.825846551569E0,-2.099294568313E0,
-1.837611168434E0));
#3223=CARTESIAN_POINT('',(3.866471551569E0,-1.318576996786E0,
-2.458700305944E0));
#3224=CARTESIAN_POINT('',(3.907096551569E0,-3.692613826008E-1,
-2.765411094615E0));
#3225=CARTESIAN_POINT('',(3.947721551569E0,6.272693327788E-1,
-2.718526379320E0));
#3226=CARTESIAN_POINT('',(3.988346551569E0,1.543595113609E0,-2.324041009996E0));
#3227=CARTESIAN_POINT('',(4.028971551569E0,2.262551218306E0,-1.632395318372E0));
#3228=CARTESIAN_POINT('',(4.069596551569E0,2.692209308742E0,
-7.320256339948E-1));
#3229=CARTESIAN_POINT('',(4.110221551569E0,2.777631741354E0,2.619435059840E-1));
#3230=CARTESIAN_POINT('',(4.150846551569E0,2.507896093732E0,1.222419598152E0));
#3231=CARTESIAN_POINT('',(4.191471551569E0,1.917491745212E0,2.026592681805E0));
#3232=CARTESIAN_POINT('',(4.232096551569E0,1.081909939597E0,2.571638266456E0));
#3233=CARTESIAN_POINT('',(4.272721551569E0,1.079912006109E-1,2.787864844555E0));
#3234=CARTESIAN_POINT('',(4.313346551569E0,-8.797356854100E-1,
2.647624900676E0));
#3235=CARTESIAN_POINT('',(4.353971551569E0,-1.754976372307E0,2.168850023321E0));
#3236=CARTESIAN_POINT('',(4.394596551569E0,-2.405819407805E0,1.412758106571E0));
#3237=CARTESIAN_POINT('',(4.435221551569E0,-2.749045638069E0,
4.760258090837E-1));
#3238=CARTESIAN_POINT('',(4.475846551569E0,-2.740768911237E0,
-5.215728790640E-1));
#3239=CARTESIAN_POINT('',(4.516471551569E0,-2.382047518838E0,
-1.452481356716E0));
#3240=CARTESIAN_POINT('',(4.557096551569E0,-1.718748883697E0,
-2.197670325044E0));
#3241=CARTESIAN_POINT('',(4.597721551569E0,-8.356847664048E-1,
-2.661857069973E0));
#3242=CARTESIAN_POINT('',(4.638346551569E0,1.542330060393E-1,
-2.785689536475E0));
#3243=CARTESIAN_POINT('',(4.678971551569E0,1.124430111374E0,-2.553332011792E0));
#3244=CARTESIAN_POINT('',(4.719596551569E0,1.950853032998E0,-1.994502200844E0));
#3245=CARTESIAN_POINT('',(4.760221551569E0,2.527834544186E0,-1.180625643934E0));
#3246=CARTESIAN_POINT('',(4.787304884903E0,2.697005814979E0,
-5.374577470912E-1));
#3247=CARTESIAN_POINT('',(4.800846551569E0,2.722318097151E0,
-2.112212771626E-1));
#3248=B_SPLINE_SURFACE_WITH_KNOTS('',3,3,((#2980,#2981,#2982,#2983,#2984,#2985,
#2986,#2987,#2988,#2989,#2990,#2991,#2992,#2993,#2994,#2995,#2996,#2997,#2998,
#2999,#3000,#3001,#3002,#3003,#3004,#3005,#3006,#3007,#3008,#3009,#3010,#3011,
#3012,#3013,#3014,#3015,#3016,#3017,#3018,#3019,#3020,#3021,#3022,#3023,#3024,
#3025,#3026,#3027,#3028,#3029,#3030,#3031,#3032,#3033,#3034,#3035,#3036,#3037,
#3038,#3039,#3040,#3041,#3042,#3043,#3044,#3045,#3046),(#3047,#3048,#3049,#3050,
#3051,#3052,#3053,#3054,#3055,#3056,#3057,#3058,#3059,#3060,#3061,#3062,#3063,
#3064,#3065,#3066,#3067,#3068,#3069,#3070,#3071,#3072,#3073,#3074,#3075,#3076,
#3077,#3078,#3079,#3080,#3081,#3082,#3083,#3084,#3085,#3086,#3087,#3088,#3089,
#3090,#3091,#3092,#3093,#3094,#3095,#3096,#3097,#3098,#3099,#3100,#3101,#3102,
#3103,#3104,#3105,#3106,#3107,#3108,#3109,#3110,#3111,#3112,#3113),(#3114,#3115,
#3116,#3117,#3118,#3119,#3120,#3121,#3122,#3123,#3124,#3125,#3126,#3127,#3128,
#3129,#3130,#3131,#3132,#3133,#3134,#3135,#3136,#3137,#3138,#3139,#3140,#3141,
#3142,#3143,#3144,#3145,#3146,#3147,#3148,#3149,#3150,#3151,#3152,#3153,#3154,
#3155,#3156,#3157,#3158,#3159,#3160,#3161,#3162,#3163,#3164,#3165,#3166,#3167,
#3168,#3169,#3170,#3171,#3172,#3173,#3174,#3175,#3176,#3177,#3178,#3179,#3180),(
#3181,#3182,#3183,#3184,#3185,#3186,#3187,#3188,#3189,#3190,#3191,#3192,#3193,
#3194,#3195,#3196,#3197,#3198,#3199,#3200,#3201,#3202,#3203,#3204,#3205,#3206,
#3207,#3208,#3209,#3210,#3211,#3212,#3213,#3214,#3215,#3216,#3217,#3218,#3219,
#3220,#3221,#3222,#3223,#3224,#3225,#3226,#3227,#3228,#3229,#3230,#3231,#3232,
#3233,#3234,#3235,#3236,#3237,#3238,#3239,#3240,#3241,#3242,#3243,#3244,#3245,
#3246,#3247)),.UNSPECIFIED.,.F.,.F.,.F.,(4,4),(4,1,1,1,1,1,1,1,1,1,1,1,1,1,1,1,
1,1,1,1,1,1,1,1,1,1,1,1,1,1,1,1,1,1,1,1,1,1,1,1,1,1,1,1,1,1,1,1,1,1,1,1,1,1,1,1,
1,1,1,1,1,1,1,1,4),(-5.746712373208E-2,1.057467123732E0),(-2.E-2,-3.75E-3,
1.25E-2,2.875E-2,4.5E-2,6.125E-2,7.75E-2,9.375E-2,1.1E-1,1.2625E-1,1.425E-1,
1.5875E-1,1.75E-1,1.9125E-1,2.075E-1,2.2375E-1,2.4E-1,2.5625E-1,2.725E-1,
2.8875E-1,3.05E-1,3.2125E-1,3.375E-1,3.5375E-1,3.7E-1,3.8625E-1,4.025E-1,
4.1875E-1,4.35E-1,4.5125E-1,4.675E-1,4.8375E-1,5.E-1,5.1625E-1,5.325E-1,
5.4875E-1,5.65E-1,5.8125E-1,5.975E-1,6.1375E-1,6.3E-1,6.4625E-1,6.625E-1,
6.7875E-1,6.95E-1,7.1125E-1,7.275E-1,7.4375E-1,7.6E-1,7.7625E-1,7.925E-1,
8.0875E-1,8.25E-1,8.4125E-1,8.575E-1,8.7375E-1,8.9E-1,9.0625E-1,9.225E-1,
9.3875E-1,9.55E-1,9.7125E-1,9.875E-1,1.00375E0,1.02E0),.UNSPECIFIED.);
#3250=ORIENTED_EDGE('',*,*,#3249,.T.);
#3252=ORIENTED_EDGE('',*,*,#3251,.F.);
#3253=ORIENTED_EDGE('',*,*,#2963,.F.);
#3255=ORIENTED_EDGE('',*,*,#3254,.T.);
#3257=ORIENTED_EDGE('',*,*,#3256,.T.);
#3258=EDGE_LOOP('',(#3250,#3252,#3253,#3255,#3257));
#3259=FACE_OUTER_BOUND('',#3258,.F.);
#3260=ADVANCED_FACE('',(#3259),#3248,.F.);
#3261=CARTESIAN_POINT('',(4.6775E0,0.E0,0.E0));
#3262=DIRECTION('',(-1.E0,0.E0,0.E0));
#3263=DIRECTION('',(0.E0,-7.071067811865E-1,7.071067811865E-1));
#3264=AXIS2_PLACEMENT_3D('',#3261,#3262,#3263);
#3265=CONICAL_SURFACE('',#3264,2.7725E0,4.5E1);
#3267=ORIENTED_EDGE('',*,*,#3266,.F.);
#3268=ORIENTED_EDGE('',*,*,#3249,.F.);
#3270=ORIENTED_EDGE('',*,*,#3269,.F.);
#3272=ORIENTED_EDGE('',*,*,#3271,.T.);
#3274=ORIENTED_EDGE('',*,*,#3273,.F.);
#3276=ORIENTED_EDGE('',*,*,#3275,.F.);
#3278=ORIENTED_EDGE('',*,*,#3277,.F.);
#3280=ORIENTED_EDGE('',*,*,#3279,.T.);
#3281=EDGE_LOOP('',(#3267,#3268,#3270,#3272,#3274,#3276,#3278,#3280));
#3282=FACE_OUTER_BOUND('',#3281,.F.);
#3283=ADVANCED_FACE('',(#3282),#3265,.T.);
#3284=CARTESIAN_POINT('',(5.E0,2.369700385428E0,-1.356521409084E0));
#3285=DIRECTION('',(0.E0,4.968032994266E-1,8.678631699057E-1));
#3286=DIRECTION('',(0.E0,-8.678631699057E-1,4.968032994266E-1));
#3287=AXIS2_PLACEMENT_3D('',#3284,#3285,#3286);
#3288=PLANE('',#3287);
#3290=ORIENTED_EDGE('',*,*,#3289,.T.);
#3291=ORIENTED_EDGE('',*,*,#2965,.T.);
#3292=ORIENTED_EDGE('',*,*,#3251,.T.);
#3293=ORIENTED_EDGE('',*,*,#3266,.T.);
#3294=EDGE_LOOP('',(#3290,#3291,#3292,#3293));
#3295=FACE_OUTER_BOUND('',#3294,.F.);
#3296=ADVANCED_FACE('',(#3295),#3288,.F.);
#3297=CARTESIAN_POINT('',(8.2635E0,0.E0,0.E0));
#3298=DIRECTION('',(-1.E0,0.E0,0.E0));
#3299=DIRECTION('',(0.E0,-7.071067811865E-1,7.071067811865E-1));
#3300=AXIS2_PLACEMENT_3D('',#3297,#3298,#3299);
#3301=CYLINDRICAL_SURFACE('',#3300,3.095E0);
#3302=ORIENTED_EDGE('',*,*,#2967,.T.);
#3303=ORIENTED_EDGE('',*,*,#3289,.F.);
#3304=ORIENTED_EDGE('',*,*,#3279,.F.);
#3306=ORIENTED_EDGE('',*,*,#3305,.T.);
#3308=ORIENTED_EDGE('',*,*,#3307,.T.);
#3309=EDGE_LOOP('',(#3302,#3303,#3304,#3306,#3308));
#3310=FACE_OUTER_BOUND('',#3309,.F.);
#3311=ADVANCED_FACE('',(#3310),#3301,.T.);
#3312=CARTESIAN_POINT('',(2.184311581074E0,-1.254474024658E0,2.414254093232E0));
#3313=CARTESIAN_POINT('',(2.197744612011E0,-1.541471787243E0,2.265126775064E0));
#3314=CARTESIAN_POINT('',(2.224610673887E0,-2.061627433282E0,1.863478181098E0));
#3315=CARTESIAN_POINT('',(2.264909766700E0,-2.582492893515E0,1.026464309373E0));
#3316=CARTESIAN_POINT('',(2.305208859513E0,-2.778353062517E0,
6.028801794027E-2));
#3317=CARTESIAN_POINT('',(2.345507952326E0,-2.624584750572E0,
-9.134777035320E-1));
#3318=CARTESIAN_POINT('',(2.385807045140E0,-2.140531976631E0,
-1.772288817360E0));
#3319=CARTESIAN_POINT('',(2.426106137953E0,-1.387110668571E0,
-2.408071689210E0));
#3320=CARTESIAN_POINT('',(2.466405230766E0,-4.591324312054E-1,
-2.740817865591E0));
#3321=CARTESIAN_POINT('',(2.506704323579E0,5.266239396841E-1,
-2.728653955152E0));
#3322=CARTESIAN_POINT('',(2.547003416392E0,1.446108888869E0,-2.373110671743E0));
#3323=CARTESIAN_POINT('',(2.587302509205E0,2.183612549285E0,-1.718930310702E0));
#3324=CARTESIAN_POINT('',(2.627601602019E0,2.646325961143E0,
-8.484362593326E-1));
#3325=CARTESIAN_POINT('',(2.667900694832E0,2.776020325960E0,1.288267382677E-1));
#3326=CARTESIAN_POINT('',(2.708199787645E0,2.556374640979E0,1.089877916850E0));
#3327=CARTESIAN_POINT('',(2.748498880458E0,2.015029566355E0,1.913776639365E0));
#3328=CARTESIAN_POINT('',(2.788797973271E0,1.220109068476E0,2.496841813109E0));
#3329=CARTESIAN_POINT('',(2.829097066085E0,2.716475612614E-1,2.765699329488E0));
#3330=CARTESIAN_POINT('',(2.869396158898E0,-7.109986281405E-1,
2.686515611243E0));
#3331=CARTESIAN_POINT('',(2.909695251711E0,-1.604171302575E0,2.269255298697E0));
#3332=CARTESIAN_POINT('',(2.949994344524E0,-2.295471794178E0,1.566427279129E0));
#3333=CARTESIAN_POINT('',(2.990293437337E0,-2.697905441591E0,
6.664768614890E-1));
#3334=CARTESIAN_POINT('',(3.030592530151E0,-2.760829175263E0,
-3.173443613570E-1));
#3335=CARTESIAN_POINT('',(3.070891622964E0,-2.476324544434E0,
-1.261230323652E0));
#3336=CARTESIAN_POINT('',(3.111190715777E0,-1.880194191104E0,
-2.046400494138E0));
#3337=CARTESIAN_POINT('',(3.151489808590E0,-1.047456372665E0,
-2.574047459942E0));
#3338=CARTESIAN_POINT('',(3.191788901403E0,-8.290451165430E-2,
-2.777771052592E0));
#3339=CARTESIAN_POINT('',(3.232087994217E0,8.920802218976E-1,
-2.631934280404E0));
#3340=CARTESIAN_POINT('',(3.272387087030E0,1.754803764039E0,-2.154889539718E0));
#3341=CARTESIAN_POINT('',(3.312686179843E0,2.396699227709E0,-1.406669111969E0));
#3342=CARTESIAN_POINT('',(3.352985272656E0,2.736989180853E0,
-4.814305791728E-1));
#3343=CARTESIAN_POINT('',(3.393284365469E0,2.732850842932E0,5.043921579055E-1));
#3344=CARTESIAN_POINT('',(3.433583458283E0,2.384804990815E0,1.426741158884E0));
#3345=CARTESIAN_POINT('',(3.473882551096E0,1.736650423159E0,2.169546147564E0));
#3346=CARTESIAN_POINT('',(3.514181643909E0,8.699522304095E-1,2.639331031810E0));
#3347=CARTESIAN_POINT('',(3.554480736722E0,-1.062225222492E-1,
2.776977125299E0));
#3348=CARTESIAN_POINT('',(3.594779829535E0,-1.069030016438E0,2.565162763379E0));
#3349=CARTESIAN_POINT('',(3.635078922349E0,-1.897308596798E0,2.030543096609E0));
#3350=CARTESIAN_POINT('',(3.675378015162E0,-2.486826000392E0,1.240395752348E0));
#3351=CARTESIAN_POINT('',(3.715677107975E0,-2.763396156885E0,
2.941544811503E-1));
#3352=CARTESIAN_POINT('',(3.755976200788E0,-2.692214914685E0,
-6.891037888582E-1));
#3353=CARTESIAN_POINT('',(3.796275293601E0,-2.282239866234E0,
-1.585643835052E0));
#3354=CARTESIAN_POINT('',(3.836574386414E0,-1.585063106346E0,
-2.282643232651E0));
#3355=CARTESIAN_POINT('',(3.876873479228E0,-6.884187779460E-1,
-2.692390158361E0));
#3356=CARTESIAN_POINT('',(3.917172572041E0,2.948575711009E-1,
-2.763321224801E0));
#3357=CARTESIAN_POINT('',(3.957471664854E0,1.241028443067E0,-2.486510322152E0));
#3358=CARTESIAN_POINT('',(3.997770757667E0,2.031025769006E0,-1.896791897996E0));
#3359=CARTESIAN_POINT('',(4.038069850480E0,2.565434676978E0,-1.068377319502E0));
#3360=CARTESIAN_POINT('',(4.078368943294E0,2.777004061940E0,
-1.055159638912E-1));
#3361=CARTESIAN_POINT('',(4.118668036107E0,2.639109601730E0,8.706237354473E-1));
#3362=CARTESIAN_POINT('',(4.158967128920E0,2.169104215976E0,1.737202371316E0));
#3363=CARTESIAN_POINT('',(4.199266221733E0,1.426134339358E0,2.385167923810E0));
#3364=CARTESIAN_POINT('',(4.239565314546E0,5.036968138471E-1,2.732979088540E0));
#3365=CARTESIAN_POINT('',(4.279864407360E0,-4.821269442544E-1,
2.736866600377E0));
#3366=CARTESIAN_POINT('',(4.320163500173E0,-1.407278866064E0,2.396341246964E0));
#3367=CARTESIAN_POINT('',(4.360462592986E0,-2.155335950168E0,1.754255431903E0));
#3368=CARTESIAN_POINT('',(4.400761685799E0,-2.632161169864E0,
8.914105421564E-1));
#3369=CARTESIAN_POINT('',(4.441060778612E0,-2.777749869375E0,
-8.361126720503E-2));
#3370=CARTESIAN_POINT('',(4.481359871426E0,-2.573780867749E0,
-1.048111256755E0));
#3371=CARTESIAN_POINT('',(4.521658964239E0,-2.045922049083E0,
-1.880714820571E0));
#3372=CARTESIAN_POINT('',(4.561958057052E0,-1.260600205835E0,
-2.476645294782E0));
#3373=CARTESIAN_POINT('',(4.602257149865E0,-3.166419720796E-1,
-2.760910083523E0));
#3374=CARTESIAN_POINT('',(4.642556242678E0,6.671635277025E-1,
-2.697734829891E0));
#3375=CARTESIAN_POINT('',(4.682855335492E0,1.567010334508E0,-2.295076716586E0));
#3376=CARTESIAN_POINT('',(4.723154428305E0,2.269666879979E0,-1.603580636893E0));
#3377=CARTESIAN_POINT('',(4.750020490180E0,2.547677868022E0,-1.008103198473E0));
#3378=CARTESIAN_POINT('',(4.763453521118E0,2.630346534479E0,
-6.954171509123E-1));
#3379=CARTESIAN_POINT('',(2.258223213676E0,-1.313501055247E0,2.527852499743E0));
#3380=CARTESIAN_POINT('',(2.271656244614E0,-1.614002984023E0,2.371708262454E0));
#3381=CARTESIAN_POINT('',(2.298522306490E0,-2.158633623267E0,1.951160812572E0));
#3382=CARTESIAN_POINT('',(2.338821399303E0,-2.704007475742E0,1.074762750789E0));
#3383=CARTESIAN_POINT('',(2.379120492116E0,-2.909083494543E0,
6.312476275057E-2));
#3384=CARTESIAN_POINT('',(2.419419584929E0,-2.748079889818E0,
-9.564597623781E-1));
#3385=CARTESIAN_POINT('',(2.459718677742E0,-2.241250878718E0,
-1.855680696489E0));
#3386=CARTESIAN_POINT('',(2.500017770556E0,-1.452378679112E0,
-2.521379193762E0));
#3387=CARTESIAN_POINT('',(2.540316863369E0,-4.807360862261E-1,
-2.869782146087E0));
#3388=CARTESIAN_POINT('',(2.580615956182E0,5.514032868731E-1,
-2.857045884608E0));
#3389=CARTESIAN_POINT('',(2.620915048995E0,1.514152955100E0,-2.484773148174E0));
#3390=CARTESIAN_POINT('',(2.661214141808E0,2.286358530635E0,-1.799811500775E0));
#3391=CARTESIAN_POINT('',(2.701513234622E0,2.770844094151E0,
-8.883579094011E-1));
#3392=CARTESIAN_POINT('',(2.741812327435E0,2.906640995240E0,1.348884499261E-1));
#3393=CARTESIAN_POINT('',(2.782111420248E0,2.676660275567E0,1.141160172100E0));
#3394=CARTESIAN_POINT('',(2.822410513061E0,2.109843177090E0,2.003825974794E0));
#3395=CARTESIAN_POINT('',(2.862709605874E0,1.277519117542E0,2.614326237004E0));
#3396=CARTESIAN_POINT('',(2.903008698687E0,2.844294511952E-1,2.895834362747E0));
#3397=CARTESIAN_POINT('',(2.943307791501E0,-7.444533963916E-1,
2.812924796324E0));
#3398=CARTESIAN_POINT('',(2.983606884314E0,-1.679652712860E0,2.376031046379E0));
#3399=CARTESIAN_POINT('',(3.023905977127E0,-2.403481112146E0,1.640132711927E0));
#3400=CARTESIAN_POINT('',(3.064205069940E0,-2.824850554760E0,
6.978367376735E-1));
#3401=CARTESIAN_POINT('',(3.104504162753E0,-2.890735052129E0,
-3.322764324537E-1));
#3402=CARTESIAN_POINT('',(3.144803255567E0,-2.592843564964E0,
-1.320575259802E0));
#3403=CARTESIAN_POINT('',(3.185102348380E0,-1.968663364519E0,
-2.142690207747E0));
#3404=CARTESIAN_POINT('',(3.225401441193E0,-1.096742558058E0,
-2.695164657404E0));
#3405=CARTESIAN_POINT('',(3.265700534006E0,-8.680543510843E-2,
-2.908474099181E0));
#3406=CARTESIAN_POINT('',(3.305999626819E0,9.340554605321E-1,
-2.755775238626E0));
#3407=CARTESIAN_POINT('',(3.346298719633E0,1.837372915270E0,-2.256284011247E0));
#3408=CARTESIAN_POINT('',(3.386597812446E0,2.509471621434E0,-1.472857410067E0));
#3409=CARTESIAN_POINT('',(3.426896905259E0,2.865773309439E0,
-5.040834336478E-1));
#3410=CARTESIAN_POINT('',(3.467195998072E0,2.861440249432E0,5.281254283825E-1));
#3411=CARTESIAN_POINT('',(3.507495090885E0,2.497017722505E0,1.493873911235E0));
#3412=CARTESIAN_POINT('',(3.547794183699E0,1.818365401417E0,2.271630259550E0));
#3413=CARTESIAN_POINT('',(3.588093276512E0,9.108862759984E-1,2.763520030934E0));
#3414=CARTESIAN_POINT('',(3.628392369325E0,-1.112206329688E-1,
2.907642815061E0));
#3415=CARTESIAN_POINT('',(3.668691462138E0,-1.119331311036E0,2.685861907341E0));
#3416=CARTESIAN_POINT('',(3.708990554951E0,-1.986583057950E0,2.126086668751E0));
#3417=CARTESIAN_POINT('',(3.749289647765E0,-2.603839148141E0,1.298760355024E0));
#3418=CARTESIAN_POINT('',(3.789588740578E0,-2.893422818479E0,
3.079953939276E-1));
#3419=CARTESIAN_POINT('',(3.829887833391E0,-2.818892270292E0,
-7.215283346235E-1));
#3420=CARTESIAN_POINT('',(3.870186926204E0,-2.389626579508E0,
-1.660253468504E0));
#3421=CARTESIAN_POINT('',(3.910486019017E0,-1.659645414648E0,
-2.390048925610E0));
#3422=CARTESIAN_POINT('',(3.950785111831E0,-7.208110917486E-1,
-2.819075759746E0));
#3423=CARTESIAN_POINT('',(3.991084204644E0,3.087315665178E-1,
-2.893344360599E0));
#3424=CARTESIAN_POINT('',(4.031383297457E0,1.299422815872E0,-2.603508616226E0));
#3425=CARTESIAN_POINT('',(4.071682390270E0,2.126592052435E0,-1.986042046810E0));
#3426=CARTESIAN_POINT('',(4.111981483083E0,2.686146615349E0,-1.118647902614E0));
#3427=CARTESIAN_POINT('',(4.152280575896E0,2.907671019157E0,
-1.104808287714E-1));
#3428=CARTESIAN_POINT('',(4.192579668710E0,2.763288181858E0,9.115893775041E-1));
#3429=CARTESIAN_POINT('',(4.232878761523E0,2.271167533662E0,1.818943320507E0));
#3430=CARTESIAN_POINT('',(4.273177854336E0,1.493238538902E0,2.497397732663E0));
#3431=CARTESIAN_POINT('',(4.313476947149E0,5.273973661536E-1,2.861574529409E0));
#3432=CARTESIAN_POINT('',(4.353776039962E0,-5.048125649424E-1,
2.865644961158E0));
#3433=CARTESIAN_POINT('',(4.394075132776E0,-1.473495855050E0,2.509096796546E0));
#3434=CARTESIAN_POINT('',(4.434374225589E0,-2.256751426742E0,1.836798782346E0));
#3435=CARTESIAN_POINT('',(4.474673318402E0,-2.756012803963E0,
9.333542702090E-1));
#3436=CARTESIAN_POINT('',(4.514972411215E0,-2.908451919227E0,
-8.754544577699E-2));
#3437=CARTESIAN_POINT('',(4.555271504028E0,-2.694885521193E0,
-1.097428256547E0));
#3438=CARTESIAN_POINT('',(4.595570596842E0,-2.142189250317E0,
-1.969208491273E0));
#3439=CARTESIAN_POINT('',(4.635869689655E0,-1.319915492918E0,
-2.593179407645E0));
#3440=CARTESIAN_POINT('',(4.676168782468E0,-3.315409935056E-1,
-2.890819767383E0));
#3441=CARTESIAN_POINT('',(4.716467875281E0,6.985557137370E-1,
-2.824671915232E0));
#3442=CARTESIAN_POINT('',(4.756766968094E0,1.640743201933E0,-2.403067444885E0));
#3443=CARTESIAN_POINT('',(4.797066060908E0,2.376461993881E0,-1.679034254461E0));
#3444=CARTESIAN_POINT('',(4.823932122783E0,2.667554291520E0,-1.055537690669E0));
#3445=CARTESIAN_POINT('',(4.837365153721E0,2.754112784157E0,
-7.281387606325E-1));
#3446=CARTESIAN_POINT('',(2.332134846279E0,-1.372528085836E0,2.641450906254E0));
#3447=CARTESIAN_POINT('',(2.345567877217E0,-1.686534180803E0,2.478289749844E0));
#3448=CARTESIAN_POINT('',(2.372433939092E0,-2.255639813252E0,2.038843444046E0));
#3449=CARTESIAN_POINT('',(2.412733031906E0,-2.825522057970E0,1.123061192205E0));
#3450=CARTESIAN_POINT('',(2.453032124719E0,-3.039813926568E0,
6.596150756088E-2));
#3451=CARTESIAN_POINT('',(2.493331217532E0,-2.871575029064E0,
-9.994418212243E-1));
#3452=CARTESIAN_POINT('',(2.533630310345E0,-2.341969780806E0,
-1.939072575618E0));
#3453=CARTESIAN_POINT('',(2.573929403158E0,-1.517646689652E0,
-2.634686698314E0));
#3454=CARTESIAN_POINT('',(2.614228495972E0,-5.023397412469E-1,
-2.998746426584E0));
#3455=CARTESIAN_POINT('',(2.654527588785E0,5.761826340622E-1,
-2.985437814063E0));
#3456=CARTESIAN_POINT('',(2.694826681598E0,1.582197021330E0,-2.596435624605E0));
#3457=CARTESIAN_POINT('',(2.735125774411E0,2.389104511985E0,-1.880692690848E0));
#3458=CARTESIAN_POINT('',(2.775424867224E0,2.895362227158E0,
-9.282795594696E-1));
#3459=CARTESIAN_POINT('',(2.815723960038E0,3.037261664521E0,1.409501615845E-1));
#3460=CARTESIAN_POINT('',(2.856023052851E0,2.796945910155E0,1.192442427349E0));
#3461=CARTESIAN_POINT('',(2.896322145664E0,2.204656787825E0,2.093875310222E0));
#3462=CARTESIAN_POINT('',(2.936621238477E0,1.334929166607E0,2.731810660900E0));
#3463=CARTESIAN_POINT('',(2.976920331290E0,2.972113411290E-1,3.025969396006E0));
#3464=CARTESIAN_POINT('',(3.017219424104E0,-7.779081646428E-1,
2.939333981405E0));
#3465=CARTESIAN_POINT('',(3.057518516917E0,-1.755134123145E0,2.482806794061E0));
#3466=CARTESIAN_POINT('',(3.097817609730E0,-2.511490430113E0,1.713838144724E0));
#3467=CARTESIAN_POINT('',(3.138116702543E0,-2.951795667928E0,
7.291966138580E-1));
#3468=CARTESIAN_POINT('',(3.178415795356E0,-3.020640928996E0,
-3.472085035503E-1));
#3469=CARTESIAN_POINT('',(3.218714888169E0,-2.709362585493E0,
-1.379920195951E0));
#3470=CARTESIAN_POINT('',(3.259013980983E0,-2.057132537933E0,
-2.238979921357E0));
#3471=CARTESIAN_POINT('',(3.299313073796E0,-1.146028743451E0,
-2.816281854866E0));
#3472=CARTESIAN_POINT('',(3.339612166609E0,-9.070635856256E-2,
-3.039177145771E0));
#3473=CARTESIAN_POINT('',(3.379911259422E0,9.760306991666E-1,
-2.879616196848E0));
#3474=CARTESIAN_POINT('',(3.420210352235E0,1.919942066501E0,-2.357678482775E0));
#3475=CARTESIAN_POINT('',(3.460509445049E0,2.622244015159E0,-1.539045708166E0));
#3476=CARTESIAN_POINT('',(3.500808537862E0,2.994557438026E0,
-5.267362881229E-1));
#3477=CARTESIAN_POINT('',(3.541107630675E0,2.990029655932E0,5.518586988595E-1));
#3478=CARTESIAN_POINT('',(3.581406723488E0,2.609230454196E0,1.561006663586E0));
#3479=CARTESIAN_POINT('',(3.621705816301E0,1.900080379675E0,2.373714371536E0));
#3480=CARTESIAN_POINT('',(3.662004909115E0,9.518203215872E-1,2.887709030058E0));
#3481=CARTESIAN_POINT('',(3.702304001928E0,-1.162187436883E-1,
3.038308504823E0));
#3482=CARTESIAN_POINT('',(3.742603094741E0,-1.169632605635E0,2.806561051304E0));
#3483=CARTESIAN_POINT('',(3.782902187554E0,-2.075857519101E0,2.221630240894E0));
#3484=CARTESIAN_POINT('',(3.823201280367E0,-2.720852295890E0,1.357124957700E0));
#3485=CARTESIAN_POINT('',(3.863500373181E0,-3.023449480072E0,
3.218363067050E-1));
#3486=CARTESIAN_POINT('',(3.903799465994E0,-2.945569625899E0,
-7.539528803889E-1));
#3487=CARTESIAN_POINT('',(3.944098558807E0,-2.497013292783E0,
-1.734863101956E0));
#3488=CARTESIAN_POINT('',(3.984397651620E0,-1.734227722950E0,
-2.497454618569E0));
#3489=CARTESIAN_POINT('',(4.024696744433E0,-7.532034055512E-1,
-2.945761361130E0));
#3490=CARTESIAN_POINT('',(4.064995837247E0,3.226055619348E-1,
-3.023367496397E0));
#3491=CARTESIAN_POINT('',(4.105294930060E0,1.357817188678E0,-2.720506910301E0));
#3492=CARTESIAN_POINT('',(4.145594022873E0,2.222158335863E0,-2.075292195624E0));
#3493=CARTESIAN_POINT('',(4.185893115686E0,2.806858553720E0,-1.168918485726E0));
#3494=CARTESIAN_POINT('',(4.226192208499E0,3.038337976375E0,
-1.154456936517E-1));
#3495=CARTESIAN_POINT('',(4.266491301313E0,2.887466761986E0,9.525550195610E-1));
#3496=CARTESIAN_POINT('',(4.306790394126E0,2.373230851347E0,1.900684269698E0));
#3497=CARTESIAN_POINT('',(4.347089486939E0,1.560342738446E0,2.609627541516E0));
#3498=CARTESIAN_POINT('',(4.387388579752E0,5.510979184601E-1,2.990169970277E0));
#3499=CARTESIAN_POINT('',(4.427687672565E0,-5.274981856303E-1,
2.994423321940E0));
#3500=CARTESIAN_POINT('',(4.467986765378E0,-1.539712844036E0,2.621852346128E0));
#3501=CARTESIAN_POINT('',(4.508285858192E0,-2.358166903315E0,1.919342132790E0));
#3502=CARTESIAN_POINT('',(4.548584951005E0,-2.879864438062E0,
9.752979982615E-1));
#3503=CARTESIAN_POINT('',(4.588884043818E0,-3.039153969078E0,
-9.147962434896E-2));
#3504=CARTESIAN_POINT('',(4.629183136631E0,-2.815990174636E0,
-1.146745256339E0));
#3505=CARTESIAN_POINT('',(4.669482229444E0,-2.238456451550E0,
-2.057702161976E0));
#3506=CARTESIAN_POINT('',(4.709781322258E0,-1.379230780001E0,
-2.709713520508E0));
#3507=CARTESIAN_POINT('',(4.750080415071E0,-3.464400149316E-1,
-3.020729451243E0));
#3508=CARTESIAN_POINT('',(4.790379507884E0,7.299478997716E-1,
-2.951609000572E0));
#3509=CARTESIAN_POINT('',(4.830678600697E0,1.714476069358E0,-2.511058173183E0));
#3510=CARTESIAN_POINT('',(4.870977693510E0,2.483257107784E0,-1.754487872029E0));
#3511=CARTESIAN_POINT('',(4.897843755386E0,2.787430715017E0,-1.102972182865E0));
#3512=CARTESIAN_POINT('',(4.911276786324E0,2.877879033835E0,
-7.608603703527E-1));
#3513=CARTESIAN_POINT('',(2.406046478882E0,-1.431555116425E0,2.755049312765E0));
#3514=CARTESIAN_POINT('',(2.419479509820E0,-1.759065377583E0,2.584871237233E0));
#3515=CARTESIAN_POINT('',(2.446345571695E0,-2.352646003238E0,2.126526075520E0));
#3516=CARTESIAN_POINT('',(2.486644664508E0,-2.947036640197E0,1.171359633621E0));
#3517=CARTESIAN_POINT('',(2.526943757322E0,-3.170544358594E0,
6.879825237119E-2));
#3518=CARTESIAN_POINT('',(2.567242850135E0,-2.995070168309E0,
-1.042423880070E0));
#3519=CARTESIAN_POINT('',(2.607541942948E0,-2.442688682894E0,
-2.022464454747E0));
#3520=CARTESIAN_POINT('',(2.647841035761E0,-1.582914700193E0,
-2.747994202867E0));
#3521=CARTESIAN_POINT('',(2.688140128574E0,-5.239433962676E-1,
-3.127710707080E0));
#3522=CARTESIAN_POINT('',(2.728439221388E0,6.009619812512E-1,
-3.113829743519E0));
#3523=CARTESIAN_POINT('',(2.768738314201E0,1.650241087561E0,-2.708098101037E0));
#3524=CARTESIAN_POINT('',(2.809037407014E0,2.491850493335E0,-1.961573880921E0));
#3525=CARTESIAN_POINT('',(2.849336499827E0,3.019880360166E0,
-9.682012095382E-1));
#3526=CARTESIAN_POINT('',(2.889635592640E0,3.167882333802E0,1.470118732429E-1));
#3527=CARTESIAN_POINT('',(2.929934685454E0,2.917231544743E0,1.243724682599E0));
#3528=CARTESIAN_POINT('',(2.970233778267E0,2.299470398560E0,2.183924645650E0));
#3529=CARTESIAN_POINT('',(3.010532871080E0,1.392339215673E0,2.849295084795E0));
#3530=CARTESIAN_POINT('',(3.050831963893E0,3.099932310629E-1,3.156104429266E0));
#3531=CARTESIAN_POINT('',(3.091131056706E0,-8.113629328939E-1,
3.065743166487E0));
#3532=CARTESIAN_POINT('',(3.131430149520E0,-1.830615533430E0,2.589582541743E0));
#3533=CARTESIAN_POINT('',(3.171729242333E0,-2.619499748081E0,1.787543577522E0));
#3534=CARTESIAN_POINT('',(3.212028335146E0,-3.078740781097E0,
7.605564900426E-1));
#3535=CARTESIAN_POINT('',(3.252327427959E0,-3.150546805862E0,
-3.621405746469E-1));
#3536=CARTESIAN_POINT('',(3.292626520772E0,-2.825881606023E0,
-1.439265132100E0));
#3537=CARTESIAN_POINT('',(3.332925613586E0,-2.145601711348E0,
-2.335269634966E0));
#3538=CARTESIAN_POINT('',(3.373224706399E0,-1.195314928844E0,
-2.937399052328E0));
#3539=CARTESIAN_POINT('',(3.413523799212E0,-9.460728201669E-2,
-3.169880192361E0));
#3540=CARTESIAN_POINT('',(3.453822892025E0,1.018005937801E0,-3.003457155069E0));
#3541=CARTESIAN_POINT('',(3.494121984838E0,2.002511217732E0,-2.459072954304E0));
#3542=CARTESIAN_POINT('',(3.534421077651E0,2.735016408885E0,-1.605234006264E0));
#3543=CARTESIAN_POINT('',(3.574720170465E0,3.123341566613E0,
-5.493891425980E-1));
#3544=CARTESIAN_POINT('',(3.615019263278E0,3.118619062433E0,5.755919693365E-1));
#3545=CARTESIAN_POINT('',(3.655318356091E0,2.721443185887E0,1.628139415937E0));
#3546=CARTESIAN_POINT('',(3.695617448904E0,1.981795357933E0,2.475798483522E0));
#3547=CARTESIAN_POINT('',(3.735916541717E0,9.927543671761E-1,3.011898029182E0));
#3548=CARTESIAN_POINT('',(3.776215634531E0,-1.212168544079E-1,
3.168974194584E0));
#3549=CARTESIAN_POINT('',(3.816514727344E0,-1.219933900234E0,2.927260195267E0));
#3550=CARTESIAN_POINT('',(3.856813820157E0,-2.165131980253E0,2.317173813036E0));
#3551=CARTESIAN_POINT('',(3.897112912970E0,-2.837865443639E0,1.415489560376E0));
#3552=CARTESIAN_POINT('',(3.937412005783E0,-3.153476141666E0,
3.356772194824E-1));
#3553=CARTESIAN_POINT('',(3.977711098597E0,-3.072246981506E0,
-7.863774261542E-1));
#3554=CARTESIAN_POINT('',(4.018010191410E0,-2.604400006057E0,
-1.809472735409E0));
#3555=CARTESIAN_POINT('',(4.058309284223E0,-1.808810031252E0,
-2.604860311528E0));
#3556=CARTESIAN_POINT('',(4.098608377036E0,-7.855957193537E-1,
-3.072446962515E0));
#3557=CARTESIAN_POINT('',(4.138907469849E0,3.364795573517E-1,
-3.153390632196E0));
#3558=CARTESIAN_POINT('',(4.179206562663E0,1.416211561483E0,-2.837505204375E0));
#3559=CARTESIAN_POINT('',(4.219505655476E0,2.317724619292E0,-2.164542344438E0));
#3560=CARTESIAN_POINT('',(4.259804748289E0,2.927570492090E0,-1.219189068839E0));
#3561=CARTESIAN_POINT('',(4.300103841102E0,3.169004933592E0,
-1.204105585320E-1));
#3562=CARTESIAN_POINT('',(4.340402933915E0,3.011645342113E0,9.935206616179E-1));
#3563=CARTESIAN_POINT('',(4.380702026729E0,2.475294169033E0,1.982425218889E0));
#3564=CARTESIAN_POINT('',(4.421001119542E0,1.627446937990E0,2.721857350369E0));
#3565=CARTESIAN_POINT('',(4.461300212355E0,5.747984707666E-1,3.118765411145E0));
#3566=CARTESIAN_POINT('',(4.501599305168E0,-5.501838063183E-1,
3.123201682721E0));
#3567=CARTESIAN_POINT('',(4.541898397981E0,-1.605929833023E0,2.734607895709E0));
#3568=CARTESIAN_POINT('',(4.582197490795E0,-2.459582379889E0,2.001885483234E0));
#3569=CARTESIAN_POINT('',(4.622496583608E0,-3.003716072161E0,1.017241726314E0));
#3570=CARTESIAN_POINT('',(4.662795676421E0,-3.169856018930E0,
-9.541380292093E-2));
#3571=CARTESIAN_POINT('',(4.703094769234E0,-2.937094828080E0,
-1.196062256131E0));
#3572=CARTESIAN_POINT('',(4.743393862047E0,-2.334723652784E0,
-2.146195832678E0));
#3573=CARTESIAN_POINT('',(4.783692954860E0,-1.438546067084E0,
-2.826247633371E0));
#3574=CARTESIAN_POINT('',(4.823992047674E0,-3.613390363575E-1,
-3.150639135103E0));
#3575=CARTESIAN_POINT('',(4.864291140487E0,7.613400858061E-1,
-3.078546085912E0));
#3576=CARTESIAN_POINT('',(4.904590233300E0,1.788208936783E0,-2.619048901481E0));
#3577=CARTESIAN_POINT('',(4.944889326113E0,2.590052221687E0,-1.829941489598E0));
#3578=CARTESIAN_POINT('',(4.971755387989E0,2.907307138515E0,-1.150406675062E0));
#3579=CARTESIAN_POINT('',(4.985188418926E0,3.001645283513E0,
-7.935819800730E-1));
#3580=B_SPLINE_SURFACE_WITH_KNOTS('',3,3,((#3312,#3313,#3314,#3315,#3316,#3317,
#3318,#3319,#3320,#3321,#3322,#3323,#3324,#3325,#3326,#3327,#3328,#3329,#3330,
#3331,#3332,#3333,#3334,#3335,#3336,#3337,#3338,#3339,#3340,#3341,#3342,#3343,
#3344,#3345,#3346,#3347,#3348,#3349,#3350,#3351,#3352,#3353,#3354,#3355,#3356,
#3357,#3358,#3359,#3360,#3361,#3362,#3363,#3364,#3365,#3366,#3367,#3368,#3369,
#3370,#3371,#3372,#3373,#3374,#3375,#3376,#3377,#3378),(#3379,#3380,#3381,#3382,
#3383,#3384,#3385,#3386,#3387,#3388,#3389,#3390,#3391,#3392,#3393,#3394,#3395,
#3396,#3397,#3398,#3399,#3400,#3401,#3402,#3403,#3404,#3405,#3406,#3407,#3408,
#3409,#3410,#3411,#3412,#3413,#3414,#3415,#3416,#3417,#3418,#3419,#3420,#3421,
#3422,#3423,#3424,#3425,#3426,#3427,#3428,#3429,#3430,#3431,#3432,#3433,#3434,
#3435,#3436,#3437,#3438,#3439,#3440,#3441,#3442,#3443,#3444,#3445),(#3446,#3447,
#3448,#3449,#3450,#3451,#3452,#3453,#3454,#3455,#3456,#3457,#3458,#3459,#3460,
#3461,#3462,#3463,#3464,#3465,#3466,#3467,#3468,#3469,#3470,#3471,#3472,#3473,
#3474,#3475,#3476,#3477,#3478,#3479,#3480,#3481,#3482,#3483,#3484,#3485,#3486,
#3487,#3488,#3489,#3490,#3491,#3492,#3493,#3494,#3495,#3496,#3497,#3498,#3499,
#3500,#3501,#3502,#3503,#3504,#3505,#3506,#3507,#3508,#3509,#3510,#3511,#3512),(
#3513,#3514,#3515,#3516,#3517,#3518,#3519,#3520,#3521,#3522,#3523,#3524,#3525,
#3526,#3527,#3528,#3529,#3530,#3531,#3532,#3533,#3534,#3535,#3536,#3537,#3538,
#3539,#3540,#3541,#3542,#3543,#3544,#3545,#3546,#3547,#3548,#3549,#3550,#3551,
#3552,#3553,#3554,#3555,#3556,#3557,#3558,#3559,#3560,#3561,#3562,#3563,#3564,
#3565,#3566,#3567,#3568,#3569,#3570,#3571,#3572,#3573,#3574,#3575,#3576,#3577,
#3578,#3579)),.UNSPECIFIED.,.F.,.F.,.F.,(4,4),(4,1,1,1,1,1,1,1,1,1,1,1,1,1,1,1,
1,1,1,1,1,1,1,1,1,1,1,1,1,1,1,1,1,1,1,1,1,1,1,1,1,1,1,1,1,1,1,1,1,1,1,1,1,1,1,1,
1,1,1,1,1,1,1,1,4),(-2.682593801839E-2,1.026825938018E0),(-1.983955338496E-2,
-3.719916259679E-3,1.239972086560E-2,2.851935799088E-2,4.463899511615E-2,
6.075863224143E-2,7.687826936671E-2,9.299790649199E-2,1.091175436173E-1,
1.252371807425E-1,1.413568178678E-1,1.574764549931E-1,1.735960921184E-1,
1.897157292437E-1,2.058353663689E-1,2.219550034942E-1,2.380746406195E-1,
2.541942777448E-1,2.703139148700E-1,2.864335519953E-1,3.025531891206E-1,
3.186728262459E-1,3.347924633711E-1,3.509121004964E-1,3.670317376217E-1,
3.831513747470E-1,3.992710118723E-1,4.153906489975E-1,4.315102861228E-1,
4.476299232481E-1,4.637495603734E-1,4.798691974986E-1,4.959888346239E-1,
5.121084717492E-1,5.282281088745E-1,5.443477459998E-1,5.604673831250E-1,
5.765870202503E-1,5.927066573756E-1,6.088262945009E-1,6.249459316261E-1,
6.410655687514E-1,6.571852058767E-1,6.733048430020E-1,6.894244801273E-1,
7.055441172525E-1,7.216637543778E-1,7.377833915031E-1,7.539030286284E-1,
7.700226657536E-1,7.861423028789E-1,8.022619400042E-1,8.183815771295E-1,
8.345012142548E-1,8.506208513800E-1,8.667404885053E-1,8.828601256306E-1,
8.989797627559E-1,9.150993998811E-1,9.312190370064E-1,9.473386741317E-1,
9.634583112570E-1,9.795779483822E-1,9.956975855075E-1,1.011817222633E0),
.UNSPECIFIED.);
#3582=ORIENTED_EDGE('',*,*,#3581,.T.);
#3584=ORIENTED_EDGE('',*,*,#3583,.T.);
#3586=ORIENTED_EDGE('',*,*,#3585,.T.);
#3587=ORIENTED_EDGE('',*,*,#3305,.F.);
#3588=ORIENTED_EDGE('',*,*,#3277,.T.);
#3590=ORIENTED_EDGE('',*,*,#3589,.T.);
#3591=ORIENTED_EDGE('',*,*,#3269,.T.);
#3592=ORIENTED_EDGE('',*,*,#3256,.F.);
#3593=ORIENTED_EDGE('',*,*,#2651,.T.);
#3595=ORIENTED_EDGE('',*,*,#3594,.T.);
#3596=EDGE_LOOP('',(#3582,#3584,#3586,#3587,#3588,#3590,#3591,#3592,#3593,
#3595));
#3597=FACE_OUTER_BOUND('',#3596,.F.);
#3598=ADVANCED_FACE('',(#3597),#3580,.F.);
#3599=CARTESIAN_POINT('',(8.2635E0,0.E0,0.E0));
#3600=DIRECTION('',(-1.E0,0.E0,0.E0));
#3601=DIRECTION('',(0.E0,-7.071067811865E-1,7.071067811865E-1));
#3602=AXIS2_PLACEMENT_3D('',#3599,#3600,#3601);
#3603=CYLINDRICAL_SURFACE('',#3602,3.095E0);
#3604=ORIENTED_EDGE('',*,*,#2973,.F.);
#3606=ORIENTED_EDGE('',*,*,#3605,.F.);
#3607=ORIENTED_EDGE('',*,*,#3581,.F.);
#3609=ORIENTED_EDGE('',*,*,#3608,.T.);
#3610=EDGE_LOOP('',(#3604,#3606,#3607,#3609));
#3611=FACE_OUTER_BOUND('',#3610,.F.);
#3612=ADVANCED_FACE('',(#3611),#3603,.T.);
#3613=CARTESIAN_POINT('',(8.2635E0,0.E0,0.E0));
#3614=DIRECTION('',(-1.E0,0.E0,0.E0));
#3615=DIRECTION('',(0.E0,-7.071067811865E-1,7.071067811865E-1));
#3616=AXIS2_PLACEMENT_3D('',#3613,#3614,#3615);
#3617=CYLINDRICAL_SURFACE('',#3616,3.095E0);
#3618=ORIENTED_EDGE('',*,*,#2971,.F.);
#3620=ORIENTED_EDGE('',*,*,#3619,.F.);
#3621=ORIENTED_EDGE('',*,*,#3583,.F.);
#3622=ORIENTED_EDGE('',*,*,#3605,.T.);
#3623=EDGE_LOOP('',(#3618,#3620,#3621,#3622));
#3624=FACE_OUTER_BOUND('',#3623,.F.);
#3625=ADVANCED_FACE('',(#3624),#3617,.T.);
#3626=CARTESIAN_POINT('',(8.2635E0,0.E0,0.E0));
#3627=DIRECTION('',(-1.E0,0.E0,0.E0));
#3628=DIRECTION('',(0.E0,-7.071067811865E-1,7.071067811865E-1));
#3629=AXIS2_PLACEMENT_3D('',#3626,#3627,#3628);
#3630=CYLINDRICAL_SURFACE('',#3629,3.095E0);
#3631=ORIENTED_EDGE('',*,*,#2969,.F.);
#3632=ORIENTED_EDGE('',*,*,#3307,.F.);
#3633=ORIENTED_EDGE('',*,*,#3585,.F.);
#3634=ORIENTED_EDGE('',*,*,#3619,.T.);
#3635=EDGE_LOOP('',(#3631,#3632,#3633,#3634));
#3636=FACE_OUTER_BOUND('',#3635,.F.);
#3637=ADVANCED_FACE('',(#3636),#3630,.T.);
#3638=CARTESIAN_POINT('',(8.2635E0,0.E0,0.E0));
#3639=DIRECTION('',(-1.E0,0.E0,0.E0));
#3640=DIRECTION('',(0.E0,-7.071067811865E-1,7.071067811865E-1));
#3641=AXIS2_PLACEMENT_3D('',#3638,#3639,#3640);
#3642=CYLINDRICAL_SURFACE('',#3641,3.095E0);
#3643=ORIENTED_EDGE('',*,*,#2649,.F.);
#3644=ORIENTED_EDGE('',*,*,#2672,.T.);
#3645=ORIENTED_EDGE('',*,*,#2975,.F.);
#3646=ORIENTED_EDGE('',*,*,#3608,.F.);
#3647=ORIENTED_EDGE('',*,*,#3594,.F.);
#3648=EDGE_LOOP('',(#3643,#3644,#3645,#3646,#3647));
#3649=FACE_OUTER_BOUND('',#3648,.F.);
#3650=ADVANCED_FACE('',(#3649),#3642,.T.);
#3651=CARTESIAN_POINT('',(4.744067332603E0,0.E0,0.E0));
#3652=DIRECTION('',(-1.E0,0.E0,0.E0));
#3653=DIRECTION('',(0.E0,-7.071067811865E-1,7.071067811865E-1));
#3654=AXIS2_PLACEMENT_3D('',#3651,#3652,#3653);
#3655=CONICAL_SURFACE('',#3654,2.705932667397E0,4.5E1);
#3656=ORIENTED_EDGE('',*,*,#3589,.F.);
#3657=ORIENTED_EDGE('',*,*,#3275,.T.);
#3659=ORIENTED_EDGE('',*,*,#3658,.T.);
#3660=ORIENTED_EDGE('',*,*,#3271,.F.);
#3661=EDGE_LOOP('',(#3656,#3657,#3659,#3660));
#3662=FACE_OUTER_BOUND('',#3661,.F.);
#3663=ADVANCED_FACE('',(#3662),#3655,.T.);
#3664=CARTESIAN_POINT('',(8.2635E0,0.E0,0.E0));
#3665=DIRECTION('',(-1.E0,0.E0,0.E0));
#3666=DIRECTION('',(0.E0,-7.071067811865E-1,7.071067811865E-1));
#3667=AXIS2_PLACEMENT_3D('',#3664,#3665,#3666);
#3668=CYLINDRICAL_SURFACE('',#3667,2.45E0);
#3670=ORIENTED_EDGE('',*,*,#3669,.T.);
#3672=ORIENTED_EDGE('',*,*,#3671,.T.);
#3674=ORIENTED_EDGE('',*,*,#3673,.F.);
#3675=ORIENTED_EDGE('',*,*,#3658,.F.);
#3676=EDGE_LOOP('',(#3670,#3672,#3674,#3675));
#3677=FACE_OUTER_BOUND('',#3676,.F.);
#3678=ADVANCED_FACE('',(#3677),#3668,.T.);
#3679=CARTESIAN_POINT('',(8.2635E0,0.E0,0.E0));
#3680=DIRECTION('',(-1.E0,0.E0,0.E0));
#3681=DIRECTION('',(0.E0,-7.071067811865E-1,7.071067811865E-1));
#3682=AXIS2_PLACEMENT_3D('',#3679,#3680,#3681);
#3683=CYLINDRICAL_SURFACE('',#3682,2.45E0);
#3684=ORIENTED_EDGE('',*,*,#3669,.F.);
#3685=ORIENTED_EDGE('',*,*,#3273,.T.);
#3686=ORIENTED_EDGE('',*,*,#3673,.T.);
#3688=ORIENTED_EDGE('',*,*,#3687,.F.);
#3689=EDGE_LOOP('',(#3684,#3685,#3686,#3688));
#3690=FACE_OUTER_BOUND('',#3689,.F.);
#3691=ADVANCED_FACE('',(#3690),#3683,.T.);
#3692=CARTESIAN_POINT('',(7.87E0,0.E0,0.E0));
#3693=DIRECTION('',(-1.E0,0.E0,0.E0));
#3694=DIRECTION('',(0.E0,-7.071067811865E-1,7.071067811865E-1));
#3695=AXIS2_PLACEMENT_3D('',#3692,#3693,#3694);
#3696=PLANE('',#3695);
#3698=ORIENTED_EDGE('',*,*,#3697,.T.);
#3700=ORIENTED_EDGE('',*,*,#3699,.T.);
#3702=ORIENTED_EDGE('',*,*,#3701,.T.);
#3704=ORIENTED_EDGE('',*,*,#3703,.T.);
#3705=EDGE_LOOP('',(#3698,#3700,#3702,#3704));
#3706=FACE_OUTER_BOUND('',#3705,.F.);
#3707=ORIENTED_EDGE('',*,*,#3687,.T.);
#3708=ORIENTED_EDGE('',*,*,#3671,.F.);
#3709=EDGE_LOOP('',(#3707,#3708));
#3710=FACE_BOUND('',#3709,.F.);
#3711=ADVANCED_FACE('',(#3706,#3710),#3696,.T.);
#3712=CARTESIAN_POINT('',(0.E0,3.175E0,-3.175E0));
#3713=DIRECTION('',(0.E0,1.E0,0.E0));
#3714=DIRECTION('',(0.E0,0.E0,1.E0));
#3715=AXIS2_PLACEMENT_3D('',#3712,#3713,#3714);
#3716=PLANE('',#3715);
#3718=ORIENTED_EDGE('',*,*,#3717,.F.);
#3720=ORIENTED_EDGE('',*,*,#3719,.T.);
#3722=ORIENTED_EDGE('',*,*,#3721,.T.);
#3724=ORIENTED_EDGE('',*,*,#3723,.T.);
#3726=ORIENTED_EDGE('',*,*,#3725,.F.);
#3727=ORIENTED_EDGE('',*,*,#3697,.F.);
#3729=ORIENTED_EDGE('',*,*,#3728,.T.);
#3731=ORIENTED_EDGE('',*,*,#3730,.T.);
#3733=ORIENTED_EDGE('',*,*,#3732,.F.);
#3735=ORIENTED_EDGE('',*,*,#3734,.T.);
#3737=ORIENTED_EDGE('',*,*,#3736,.T.);
#3739=ORIENTED_EDGE('',*,*,#3738,.F.);
#3740=EDGE_LOOP('',(#3718,#3720,#3722,#3724,#3726,#3727,#3729,#3731,#3733,#3735,
#3737,#3739));
#3741=FACE_OUTER_BOUND('',#3740,.F.);
#3742=ADVANCED_FACE('',(#3741),#3716,.T.);
#3743=CARTESIAN_POINT('',(1.323E1,2.77E0,-2.9E-1));
#3744=DIRECTION('',(7.071067811865E-1,0.E0,-7.071067811865E-1));
#3745=DIRECTION('',(-7.071067811865E-1,0.E0,-7.071067811865E-1));
#3746=AXIS2_PLACEMENT_3D('',#3743,#3744,#3745);
#3747=PLANE('',#3746);
#3748=ORIENTED_EDGE('',*,*,#3717,.T.);
#3750=ORIENTED_EDGE('',*,*,#3749,.F.);
#3752=ORIENTED_EDGE('',*,*,#3751,.T.);
#3754=ORIENTED_EDGE('',*,*,#3753,.T.);
#3755=EDGE_LOOP('',(#3748,#3750,#3752,#3754));
#3756=FACE_OUTER_BOUND('',#3755,.F.);
#3757=ADVANCED_FACE('',(#3756),#3747,.T.);
#3758=CARTESIAN_POINT('',(1.333E1,3.175E0,-3.9E-1));
#3759=DIRECTION('',(0.E0,0.E0,1.E0));
#3760=DIRECTION('',(0.E0,-1.E0,0.E0));
#3761=AXIS2_PLACEMENT_3D('',#3758,#3759,#3760);
#3762=PLANE('',#3761);
#3763=ORIENTED_EDGE('',*,*,#3749,.T.);
#3764=ORIENTED_EDGE('',*,*,#3738,.T.);
#3766=ORIENTED_EDGE('',*,*,#3765,.T.);
#3768=ORIENTED_EDGE('',*,*,#3767,.F.);
#3769=EDGE_LOOP('',(#3763,#3764,#3766,#3768));
#3770=FACE_OUTER_BOUND('',#3769,.F.);
#3771=ADVANCED_FACE('',(#3770),#3762,.F.);
#3772=CARTESIAN_POINT('',(9.52E0,0.E0,0.E0));
#3773=DIRECTION('',(1.E0,0.E0,0.E0));
#3774=DIRECTION('',(0.E0,1.E0,0.E0));
#3775=AXIS2_PLACEMENT_3D('',#3772,#3773,#3774);
#3776=PLANE('',#3775);
#3777=ORIENTED_EDGE('',*,*,#3736,.F.);
#3779=ORIENTED_EDGE('',*,*,#3778,.F.);
#3781=ORIENTED_EDGE('',*,*,#3780,.F.);
#3783=ORIENTED_EDGE('',*,*,#3782,.F.);
#3785=ORIENTED_EDGE('',*,*,#3784,.F.);
#3787=ORIENTED_EDGE('',*,*,#3786,.F.);
#3789=ORIENTED_EDGE('',*,*,#3788,.F.);
#3791=ORIENTED_EDGE('',*,*,#3790,.F.);
#3793=ORIENTED_EDGE('',*,*,#3792,.F.);
#3795=ORIENTED_EDGE('',*,*,#3794,.F.);
#3797=ORIENTED_EDGE('',*,*,#3796,.F.);
#3799=ORIENTED_EDGE('',*,*,#3798,.F.);
#3800=ORIENTED_EDGE('',*,*,#3723,.F.);
#3802=ORIENTED_EDGE('',*,*,#3801,.F.);
#3804=ORIENTED_EDGE('',*,*,#3803,.F.);
#3805=ORIENTED_EDGE('',*,*,#3765,.F.);
#3806=EDGE_LOOP('',(#3777,#3779,#3781,#3783,#3785,#3787,#3789,#3791,#3793,#3795,
#3797,#3799,#3800,#3802,#3804,#3805));
#3807=FACE_OUTER_BOUND('',#3806,.F.);
#3809=ORIENTED_EDGE('',*,*,#3808,.F.);
#3811=ORIENTED_EDGE('',*,*,#3810,.F.);
#3812=EDGE_LOOP('',(#3809,#3811));
#3813=FACE_BOUND('',#3812,.F.);
#3814=ADVANCED_FACE('',(#3807,#3813),#3776,.T.);
#3815=CARTESIAN_POINT('',(1.333E1,2.365E0,-1.605E0));
#3816=DIRECTION('',(0.E0,0.E0,-1.E0));
#3817=DIRECTION('',(0.E0,1.E0,0.E0));
#3818=AXIS2_PLACEMENT_3D('',#3815,#3816,#3817);
#3819=PLANE('',#3818);
#3821=ORIENTED_EDGE('',*,*,#3820,.T.);
#3823=ORIENTED_EDGE('',*,*,#3822,.T.);
#3824=ORIENTED_EDGE('',*,*,#3778,.T.);
#3825=ORIENTED_EDGE('',*,*,#3734,.F.);
#3826=EDGE_LOOP('',(#3821,#3823,#3824,#3825));
#3827=FACE_OUTER_BOUND('',#3826,.F.);
#3828=ADVANCED_FACE('',(#3827),#3819,.F.);
#3829=CARTESIAN_POINT('',(1.323E1,2.77E0,-1.705E0));
#3830=DIRECTION('',(7.071067811865E-1,0.E0,7.071067811865E-1));
#3831=DIRECTION('',(-7.071067811865E-1,0.E0,7.071067811865E-1));
#3832=AXIS2_PLACEMENT_3D('',#3829,#3830,#3831);
#3833=PLANE('',#3832);
#3835=ORIENTED_EDGE('',*,*,#3834,.T.);
#3836=ORIENTED_EDGE('',*,*,#3820,.F.);
#3837=ORIENTED_EDGE('',*,*,#3732,.T.);
#3839=ORIENTED_EDGE('',*,*,#3838,.T.);
#3840=EDGE_LOOP('',(#3835,#3836,#3837,#3839));
#3841=FACE_OUTER_BOUND('',#3840,.F.);
#3842=ADVANCED_FACE('',(#3841),#3833,.T.);
#3843=CARTESIAN_POINT('',(1.333E1,2.365E0,-3.175E0));
#3844=DIRECTION('',(0.E0,1.E0,0.E0));
#3845=DIRECTION('',(0.E0,0.E0,1.E0));
#3846=AXIS2_PLACEMENT_3D('',#3843,#3844,#3845);
#3847=PLANE('',#3846);
#3848=ORIENTED_EDGE('',*,*,#3834,.F.);
#3850=ORIENTED_EDGE('',*,*,#3849,.F.);
#3852=ORIENTED_EDGE('',*,*,#3851,.T.);
#3853=ORIENTED_EDGE('',*,*,#3780,.T.);
#3854=ORIENTED_EDGE('',*,*,#3822,.F.);
#3855=EDGE_LOOP('',(#3848,#3850,#3852,#3853,#3854));
#3856=FACE_OUTER_BOUND('',#3855,.F.);
#3857=ADVANCED_FACE('',(#3856),#3847,.F.);
#3858=CARTESIAN_POINT('',(1.333E1,0.E0,0.E0));
#3859=DIRECTION('',(1.E0,0.E0,0.E0));
#3860=DIRECTION('',(0.E0,-1.E0,0.E0));
#3861=AXIS2_PLACEMENT_3D('',#3858,#3859,#3860);
#3862=PLANE('',#3861);
#3863=ORIENTED_EDGE('',*,*,#3838,.F.);
#3864=ORIENTED_EDGE('',*,*,#3730,.F.);
#3866=ORIENTED_EDGE('',*,*,#3865,.F.);
#3867=ORIENTED_EDGE('',*,*,#3849,.T.);
#3868=EDGE_LOOP('',(#3863,#3864,#3866,#3867));
#3869=FACE_OUTER_BOUND('',#3868,.F.);
#3870=ADVANCED_FACE('',(#3869),#3862,.T.);
#3871=CARTESIAN_POINT('',(0.E0,-3.175E0,-3.175E0));
#3872=DIRECTION('',(0.E0,0.E0,-1.E0));
#3873=DIRECTION('',(0.E0,1.E0,0.E0));
#3874=AXIS2_PLACEMENT_3D('',#3871,#3872,#3873);
#3875=PLANE('',#3874);
#3876=ORIENTED_EDGE('',*,*,#3782,.T.);
#3877=ORIENTED_EDGE('',*,*,#3851,.F.);
#3878=ORIENTED_EDGE('',*,*,#3865,.T.);
#3879=ORIENTED_EDGE('',*,*,#3728,.F.);
#3880=ORIENTED_EDGE('',*,*,#3703,.F.);
#3882=ORIENTED_EDGE('',*,*,#3881,.T.);
#3884=ORIENTED_EDGE('',*,*,#3883,.T.);
#3886=ORIENTED_EDGE('',*,*,#3885,.T.);
#3887=EDGE_LOOP('',(#3876,#3877,#3878,#3879,#3880,#3882,#3884,#3886));
#3888=FACE_OUTER_BOUND('',#3887,.F.);
#3889=ADVANCED_FACE('',(#3888),#3875,.T.);
#3890=CARTESIAN_POINT('',(0.E0,-3.175E0,3.175E0));
#3891=DIRECTION('',(0.E0,-1.E0,0.E0));
#3892=DIRECTION('',(0.E0,0.E0,-1.E0));
#3893=AXIS2_PLACEMENT_3D('',#3890,#3891,#3892);
#3894=PLANE('',#3893);
#3896=ORIENTED_EDGE('',*,*,#3895,.F.);
#3898=ORIENTED_EDGE('',*,*,#3897,.T.);
#3899=ORIENTED_EDGE('',*,*,#3788,.T.);
#3901=ORIENTED_EDGE('',*,*,#3900,.F.);
#3903=ORIENTED_EDGE('',*,*,#3902,.F.);
#3905=ORIENTED_EDGE('',*,*,#3904,.T.);
#3906=ORIENTED_EDGE('',*,*,#3881,.F.);
#3907=ORIENTED_EDGE('',*,*,#3701,.F.);
#3909=ORIENTED_EDGE('',*,*,#3908,.T.);
#3910=ORIENTED_EDGE('',*,*,#3796,.T.);
#3912=ORIENTED_EDGE('',*,*,#3911,.F.);
#3914=ORIENTED_EDGE('',*,*,#3913,.T.);
#3915=EDGE_LOOP('',(#3896,#3898,#3899,#3901,#3903,#3905,#3906,#3907,#3909,#3910,
#3912,#3914));
#3916=FACE_OUTER_BOUND('',#3915,.F.);
#3917=ADVANCED_FACE('',(#3916),#3894,.T.);
#3918=CARTESIAN_POINT('',(1.323E1,-2.77E0,-2.9E-1));
#3919=DIRECTION('',(7.071067811865E-1,0.E0,-7.071067811865E-1));
#3920=DIRECTION('',(-7.071067811865E-1,0.E0,-7.071067811865E-1));
#3921=AXIS2_PLACEMENT_3D('',#3918,#3919,#3920);
#3922=PLANE('',#3921);
#3924=ORIENTED_EDGE('',*,*,#3923,.T.);
#3926=ORIENTED_EDGE('',*,*,#3925,.F.);
#3927=ORIENTED_EDGE('',*,*,#3895,.T.);
#3929=ORIENTED_EDGE('',*,*,#3928,.T.);
#3930=EDGE_LOOP('',(#3924,#3926,#3927,#3929));
#3931=FACE_OUTER_BOUND('',#3930,.F.);
#3932=ADVANCED_FACE('',(#3931),#3922,.T.);
#3933=CARTESIAN_POINT('',(1.333E1,-2.365E0,6.3E-1));
#3934=DIRECTION('',(0.E0,-1.E0,0.E0));
#3935=DIRECTION('',(0.E0,0.E0,-1.E0));
#3936=AXIS2_PLACEMENT_3D('',#3933,#3934,#3935);
#3937=PLANE('',#3936);
#3938=ORIENTED_EDGE('',*,*,#3923,.F.);
#3940=ORIENTED_EDGE('',*,*,#3939,.F.);
#3942=ORIENTED_EDGE('',*,*,#3941,.T.);
#3943=ORIENTED_EDGE('',*,*,#3792,.T.);
#3945=ORIENTED_EDGE('',*,*,#3944,.F.);
#3946=EDGE_LOOP('',(#3938,#3940,#3942,#3943,#3945));
#3947=FACE_OUTER_BOUND('',#3946,.F.);
#3948=ADVANCED_FACE('',(#3947),#3937,.F.);
#3949=CARTESIAN_POINT('',(1.333E1,0.E0,0.E0));
#3950=DIRECTION('',(1.E0,0.E0,0.E0));
#3951=DIRECTION('',(0.E0,-1.E0,0.E0));
#3952=AXIS2_PLACEMENT_3D('',#3949,#3950,#3951);
#3953=PLANE('',#3952);
#3954=ORIENTED_EDGE('',*,*,#3928,.F.);
#3955=ORIENTED_EDGE('',*,*,#3913,.F.);
#3957=ORIENTED_EDGE('',*,*,#3956,.T.);
#3958=ORIENTED_EDGE('',*,*,#3939,.T.);
#3959=EDGE_LOOP('',(#3954,#3955,#3957,#3958));
#3960=FACE_OUTER_BOUND('',#3959,.F.);
#3961=ADVANCED_FACE('',(#3960),#3953,.T.);
#3962=CARTESIAN_POINT('',(1.333E1,-3.175E0,6.3E-1));
#3963=DIRECTION('',(0.E0,0.E0,-1.E0));
#3964=DIRECTION('',(0.E0,1.E0,0.E0));
#3965=AXIS2_PLACEMENT_3D('',#3962,#3963,#3964);
#3966=PLANE('',#3965);
#3967=ORIENTED_EDGE('',*,*,#3956,.F.);
#3968=ORIENTED_EDGE('',*,*,#3911,.T.);
#3969=ORIENTED_EDGE('',*,*,#3794,.T.);
#3970=ORIENTED_EDGE('',*,*,#3941,.F.);
#3971=EDGE_LOOP('',(#3967,#3968,#3969,#3970));
#3972=FACE_OUTER_BOUND('',#3971,.F.);
#3973=ADVANCED_FACE('',(#3972),#3966,.F.);
#3974=CARTESIAN_POINT('',(1.333E1,-2.365E0,-3.9E-1));
#3975=DIRECTION('',(0.E0,0.E0,1.E0));
#3976=DIRECTION('',(0.E0,-1.E0,0.E0));
#3977=AXIS2_PLACEMENT_3D('',#3974,#3975,#3976);
#3978=PLANE('',#3977);
#3979=ORIENTED_EDGE('',*,*,#3925,.T.);
#3980=ORIENTED_EDGE('',*,*,#3944,.T.);
#3981=ORIENTED_EDGE('',*,*,#3790,.T.);
#3982=ORIENTED_EDGE('',*,*,#3897,.F.);
#3983=EDGE_LOOP('',(#3979,#3980,#3981,#3982));
#3984=FACE_OUTER_BOUND('',#3983,.F.);
#3985=ADVANCED_FACE('',(#3984),#3978,.F.);
#3986=CARTESIAN_POINT('',(1.333E1,-3.175E0,-1.605E0));
#3987=DIRECTION('',(0.E0,0.E0,-1.E0));
#3988=DIRECTION('',(0.E0,1.E0,0.E0));
#3989=AXIS2_PLACEMENT_3D('',#3986,#3987,#3988);
#3990=PLANE('',#3989);
#3992=ORIENTED_EDGE('',*,*,#3991,.T.);
#3993=ORIENTED_EDGE('',*,*,#3900,.T.);
#3994=ORIENTED_EDGE('',*,*,#3786,.T.);
#3996=ORIENTED_EDGE('',*,*,#3995,.F.);
#3997=EDGE_LOOP('',(#3992,#3993,#3994,#3996));
#3998=FACE_OUTER_BOUND('',#3997,.F.);
#3999=ADVANCED_FACE('',(#3998),#3990,.F.);
#4000=CARTESIAN_POINT('',(1.323E1,-2.77E0,-1.705E0));
#4001=DIRECTION('',(7.071067811865E-1,0.E0,7.071067811865E-1));
#4002=DIRECTION('',(-7.071067811865E-1,0.E0,7.071067811865E-1));
#4003=AXIS2_PLACEMENT_3D('',#4000,#4001,#4002);
#4004=PLANE('',#4003);
#4005=ORIENTED_EDGE('',*,*,#3902,.T.);
#4006=ORIENTED_EDGE('',*,*,#3991,.F.);
#4008=ORIENTED_EDGE('',*,*,#4007,.T.);
#4010=ORIENTED_EDGE('',*,*,#4009,.T.);
#4011=EDGE_LOOP('',(#4005,#4006,#4008,#4010));
#4012=FACE_OUTER_BOUND('',#4011,.F.);
#4013=ADVANCED_FACE('',(#4012),#4004,.T.);
#4014=CARTESIAN_POINT('',(1.333E1,-2.365E0,-1.605E0));
#4015=DIRECTION('',(0.E0,-1.E0,0.E0));
#4016=DIRECTION('',(0.E0,0.E0,-1.E0));
#4017=AXIS2_PLACEMENT_3D('',#4014,#4015,#4016);
#4018=PLANE('',#4017);
#4019=ORIENTED_EDGE('',*,*,#4007,.F.);
#4020=ORIENTED_EDGE('',*,*,#3995,.T.);
#4021=ORIENTED_EDGE('',*,*,#3784,.T.);
#4022=ORIENTED_EDGE('',*,*,#3885,.F.);
#4024=ORIENTED_EDGE('',*,*,#4023,.T.);
#4025=EDGE_LOOP('',(#4019,#4020,#4021,#4022,#4024));
#4026=FACE_OUTER_BOUND('',#4025,.F.);
#4027=ADVANCED_FACE('',(#4026),#4018,.F.);
#4028=CARTESIAN_POINT('',(1.333E1,0.E0,0.E0));
#4029=DIRECTION('',(1.E0,0.E0,0.E0));
#4030=DIRECTION('',(0.E0,-1.E0,0.E0));
#4031=AXIS2_PLACEMENT_3D('',#4028,#4029,#4030);
#4032=PLANE('',#4031);
#4033=ORIENTED_EDGE('',*,*,#4009,.F.);
#4034=ORIENTED_EDGE('',*,*,#4023,.F.);
#4035=ORIENTED_EDGE('',*,*,#3883,.F.);
#4036=ORIENTED_EDGE('',*,*,#3904,.F.);
#4037=EDGE_LOOP('',(#4033,#4034,#4035,#4036));
#4038=FACE_OUTER_BOUND('',#4037,.F.);
#4039=ADVANCED_FACE('',(#4038),#4032,.T.);
#4040=CARTESIAN_POINT('',(0.E0,3.175E0,3.175E0));
#4041=DIRECTION('',(0.E0,0.E0,1.E0));
#4042=DIRECTION('',(0.E0,-1.E0,0.E0));
#4043=AXIS2_PLACEMENT_3D('',#4040,#4041,#4042);
#4044=PLANE('',#4043);
#4045=ORIENTED_EDGE('',*,*,#3798,.T.);
#4046=ORIENTED_EDGE('',*,*,#3908,.F.);
#4047=ORIENTED_EDGE('',*,*,#3699,.F.);
#4048=ORIENTED_EDGE('',*,*,#3725,.T.);
#4049=EDGE_LOOP('',(#4045,#4046,#4047,#4048));
#4050=FACE_OUTER_BOUND('',#4049,.F.);
#4051=ADVANCED_FACE('',(#4050),#4044,.T.);
#4052=CARTESIAN_POINT('',(1.333E1,2.365E0,6.3E-1));
#4053=DIRECTION('',(0.E0,0.E0,-1.E0));
#4054=DIRECTION('',(0.E0,1.E0,0.E0));
#4055=AXIS2_PLACEMENT_3D('',#4052,#4053,#4054);
#4056=PLANE('',#4055);
#4058=ORIENTED_EDGE('',*,*,#4057,.T.);
#4060=ORIENTED_EDGE('',*,*,#4059,.T.);
#4061=ORIENTED_EDGE('',*,*,#3801,.T.);
#4062=ORIENTED_EDGE('',*,*,#3721,.F.);
#4063=EDGE_LOOP('',(#4058,#4060,#4061,#4062));
#4064=FACE_OUTER_BOUND('',#4063,.F.);
#4065=ADVANCED_FACE('',(#4064),#4056,.F.);
#4066=CARTESIAN_POINT('',(1.333E1,0.E0,0.E0));
#4067=DIRECTION('',(1.E0,0.E0,0.E0));
#4068=DIRECTION('',(0.E0,-1.E0,0.E0));
#4069=AXIS2_PLACEMENT_3D('',#4066,#4067,#4068);
#4070=PLANE('',#4069);
#4071=ORIENTED_EDGE('',*,*,#3753,.F.);
#4073=ORIENTED_EDGE('',*,*,#4072,.T.);
#4074=ORIENTED_EDGE('',*,*,#4057,.F.);
#4075=ORIENTED_EDGE('',*,*,#3719,.F.);
#4076=EDGE_LOOP('',(#4071,#4073,#4074,#4075));
#4077=FACE_OUTER_BOUND('',#4076,.F.);
#4078=ADVANCED_FACE('',(#4077),#4070,.T.);
#4079=CARTESIAN_POINT('',(1.333E1,2.365E0,-3.9E-1));
#4080=DIRECTION('',(0.E0,1.E0,0.E0));
#4081=DIRECTION('',(0.E0,0.E0,1.E0));
#4082=AXIS2_PLACEMENT_3D('',#4079,#4080,#4081);
#4083=PLANE('',#4082);
#4084=ORIENTED_EDGE('',*,*,#3751,.F.);
#4085=ORIENTED_EDGE('',*,*,#3767,.T.);
#4086=ORIENTED_EDGE('',*,*,#3803,.T.);
#4087=ORIENTED_EDGE('',*,*,#4059,.F.);
#4088=ORIENTED_EDGE('',*,*,#4072,.F.);
#4089=EDGE_LOOP('',(#4084,#4085,#4086,#4087,#4088));
#4090=FACE_OUTER_BOUND('',#4089,.F.);
#4091=ADVANCED_FACE('',(#4090),#4083,.F.);
#4092=CARTESIAN_POINT('',(9.470000000060E0,-1.887379141863E-14,0.E0));
#4093=DIRECTION('',(1.E0,0.E0,0.E0));
#4094=DIRECTION('',(0.E0,0.E0,-1.E0));
#4095=AXIS2_PLACEMENT_3D('',#4092,#4093,#4094);
#4096=CONICAL_SURFACE('',#4095,2.100000000060E0,4.5E1);
#4098=ORIENTED_EDGE('',*,*,#4097,.F.);
#4100=ORIENTED_EDGE('',*,*,#4099,.F.);
#4101=ORIENTED_EDGE('',*,*,#3808,.T.);
#4103=ORIENTED_EDGE('',*,*,#4102,.T.);
#4104=EDGE_LOOP('',(#4098,#4100,#4101,#4103));
#4105=FACE_OUTER_BOUND('',#4104,.F.);
#4106=ADVANCED_FACE('',(#4105),#4096,.F.);
#4107=CARTESIAN_POINT('',(9.44E0,0.E0,0.E0));
#4108=DIRECTION('',(-1.E0,0.E0,0.E0));
#4109=DIRECTION('',(0.E0,1.E0,0.E0));
#4110=AXIS2_PLACEMENT_3D('',#4107,#4108,#4109);
#4111=CYLINDRICAL_SURFACE('',#4110,2.05E0);
#4112=ORIENTED_EDGE('',*,*,#4097,.T.);
#4114=ORIENTED_EDGE('',*,*,#4113,.F.);
#4116=ORIENTED_EDGE('',*,*,#4115,.F.);
#4118=ORIENTED_EDGE('',*,*,#4117,.T.);
#4119=EDGE_LOOP('',(#4112,#4114,#4116,#4118));
#4120=FACE_OUTER_BOUND('',#4119,.F.);
#4121=ADVANCED_FACE('',(#4120),#4111,.T.);
#4122=CARTESIAN_POINT('',(9.44E0,0.E0,0.E0));
#4123=DIRECTION('',(-1.E0,0.E0,0.E0));
#4124=DIRECTION('',(0.E0,1.E0,0.E0));
#4125=AXIS2_PLACEMENT_3D('',#4122,#4123,#4124);
#4126=CYLINDRICAL_SURFACE('',#4125,2.05E0);
#4128=ORIENTED_EDGE('',*,*,#4127,.T.);
#4129=ORIENTED_EDGE('',*,*,#4117,.F.);
#4131=ORIENTED_EDGE('',*,*,#4130,.F.);
#4132=ORIENTED_EDGE('',*,*,#4113,.T.);
#4133=EDGE_LOOP('',(#4128,#4129,#4131,#4132));
#4134=FACE_OUTER_BOUND('',#4133,.F.);
#4135=ADVANCED_FACE('',(#4134),#4126,.T.);
#4136=CARTESIAN_POINT('',(9.470000000060E0,1.887379141863E-14,0.E0));
#4137=DIRECTION('',(1.E0,0.E0,0.E0));
#4138=DIRECTION('',(0.E0,0.E0,-1.E0));
#4139=AXIS2_PLACEMENT_3D('',#4136,#4137,#4138);
#4140=CONICAL_SURFACE('',#4139,2.100000000060E0,4.5E1);
#4141=ORIENTED_EDGE('',*,*,#4127,.F.);
#4142=ORIENTED_EDGE('',*,*,#4102,.F.);
#4143=ORIENTED_EDGE('',*,*,#3810,.T.);
#4144=ORIENTED_EDGE('',*,*,#4099,.T.);
#4145=EDGE_LOOP('',(#4141,#4142,#4143,#4144));
#4146=FACE_OUTER_BOUND('',#4145,.F.);
#4147=ADVANCED_FACE('',(#4146),#4140,.F.);
#4148=CARTESIAN_POINT('',(9.44E0,0.E0,0.E0));
#4149=DIRECTION('',(-1.E0,0.E0,0.E0));
#4150=DIRECTION('',(0.E0,1.E0,0.E0));
#4151=AXIS2_PLACEMENT_3D('',#4148,#4149,#4150);
#4152=PLANE('',#4151);
#4153=ORIENTED_EDGE('',*,*,#4115,.T.);
#4154=ORIENTED_EDGE('',*,*,#4130,.T.);
#4155=EDGE_LOOP('',(#4153,#4154));
#4156=FACE_OUTER_BOUND('',#4155,.F.);
#4158=ORIENTED_EDGE('',*,*,#4157,.T.);
#4160=ORIENTED_EDGE('',*,*,#4159,.T.);
#4161=EDGE_LOOP('',(#4158,#4160));
#4162=FACE_BOUND('',#4161,.F.);
#4163=ADVANCED_FACE('',(#4156,#4162),#4152,.F.);
#4164=CARTESIAN_POINT('',(1.466E0,0.E0,0.E0));
#4165=DIRECTION('',(1.E0,0.E0,0.E0));
#4166=DIRECTION('',(0.E0,0.E0,1.E0));
#4167=AXIS2_PLACEMENT_3D('',#4164,#4165,#4166);
#4168=CYLINDRICAL_SURFACE('',#4167,3.8E-1);
#4169=ORIENTED_EDGE('',*,*,#4157,.F.);
#4171=ORIENTED_EDGE('',*,*,#4170,.F.);
#4173=ORIENTED_EDGE('',*,*,#4172,.T.);
#4175=ORIENTED_EDGE('',*,*,#4174,.T.);
#4176=EDGE_LOOP('',(#4169,#4171,#4173,#4175));
#4177=FACE_OUTER_BOUND('',#4176,.F.);
#4178=ADVANCED_FACE('',(#4177),#4168,.T.);
#4179=CARTESIAN_POINT('',(1.466E0,0.E0,0.E0));
#4180=DIRECTION('',(1.E0,0.E0,0.E0));
#4181=DIRECTION('',(0.E0,0.E0,1.E0));
#4182=AXIS2_PLACEMENT_3D('',#4179,#4180,#4181);
#4183=CYLINDRICAL_SURFACE('',#4182,3.8E-1);
#4184=ORIENTED_EDGE('',*,*,#4159,.F.);
#4185=ORIENTED_EDGE('',*,*,#4174,.F.);
#4187=ORIENTED_EDGE('',*,*,#4186,.F.);
#4188=ORIENTED_EDGE('',*,*,#4170,.T.);
#4189=EDGE_LOOP('',(#4184,#4185,#4187,#4188));
#4190=FACE_OUTER_BOUND('',#4189,.F.);
#4191=ADVANCED_FACE('',(#4190),#4183,.T.);
#4192=CARTESIAN_POINT('',(1.331E1,0.E0,0.E0));
#4193=DIRECTION('',(1.E0,0.E0,0.E0));
#4194=DIRECTION('',(0.E0,0.E0,1.E0));
#4195=AXIS2_PLACEMENT_3D('',#4192,#4193,#4194);
#4196=PLANE('',#4195);
#4197=ORIENTED_EDGE('',*,*,#4186,.T.);
#4198=ORIENTED_EDGE('',*,*,#4172,.F.);
#4199=EDGE_LOOP('',(#4197,#4198));
#4200=FACE_OUTER_BOUND('',#4199,.F.);
#4201=ADVANCED_FACE('',(#4200),#4196,.T.);
#4202=CARTESIAN_POINT('',(6.302553939016E-1,-2.410153798203E0,
1.283272737577E0));
#4203=CARTESIAN_POINT('',(6.451409986928E-1,-2.579200605184E0,
9.657807563408E-1));
#4204=CARTESIAN_POINT('',(6.749122082752E-1,-2.790101427856E0,
2.632685872964E-1));
#4205=CARTESIAN_POINT('',(7.195690226489E-1,-2.676406628723E0,
-8.312028676983E-1));
#4206=CARTESIAN_POINT('',(7.642258370225E-1,-2.150112189836E0,
-1.797508005884E0));
#4207=CARTESIAN_POINT('',(8.088826513961E-1,-1.292370779422E0,
-2.486726021832E0));
#4208=CARTESIAN_POINT('',(8.535394657697E-1,-2.354021488078E-1,
-2.792599375271E0));
#4209=CARTESIAN_POINT('',(8.981962801433E-1,8.578546801768E-1,
-2.667978921638E0));
#4210=CARTESIAN_POINT('',(9.428530945169E-1,1.818868620304E0,
-2.132074806124E0));
#4211=CARTESIAN_POINT('',(9.875099088905E-1,2.499494021995E0,
-1.267499778348E0));
#4212=CARTESIAN_POINT('',(1.032166723264E0,2.794808798254E0,
-2.075327370427E-1));
#4213=CARTESIAN_POINT('',(1.076823537638E0,2.659288558187E0,8.844266040680E-1));
#4214=CARTESIAN_POINT('',(1.121480352011E0,2.113824487845E0,1.840046762768E0));
#4215=CARTESIAN_POINT('',(1.166137166385E0,1.242502847181E0,2.512013680105E0));
#4216=CARTESIAN_POINT('',(1.210793980759E0,1.796426180452E-1,2.796739992233E0));
#4217=CARTESIAN_POINT('',(1.255450795132E0,-9.109105001531E-1,
2.650333585620E0));
#4218=CARTESIAN_POINT('',(1.300107609506E0,-1.861041798110E0,2.095363806131E0));
#4219=CARTESIAN_POINT('',(1.344764423879E0,-2.524283355760E0,1.217382271182E0));
#4220=CARTESIAN_POINT('',(1.389421238253E0,-2.798392870738E0,
1.517346214861E-1));
#4221=CARTESIAN_POINT('',(1.434078052627E0,-2.641114866758E0,
-9.373037474277E-1));
#4222=CARTESIAN_POINT('',(1.478734867E0,-2.076694605677E0,-1.881851633133E0));
#4223=CARTESIAN_POINT('',(1.523391681374E0,-1.192140548171E0,
-2.536301828982E0));
#4224=CARTESIAN_POINT('',(1.568048495747E0,-1.238115251745E-1,
-2.799767269046E0));
#4225=CARTESIAN_POINT('',(1.612705310121E0,9.636037195985E-1,
-2.631633318923E0));
#4226=CARTESIAN_POINT('',(1.657362124495E0,1.902474196669E0,-2.057818744873E0));
#4227=CARTESIAN_POINT('',(1.702018938868E0,2.548067904713E0,-1.166780187983E0));
#4228=CARTESIAN_POINT('',(1.746675753242E0,2.800863046864E0,
-9.587611562843E-2));
#4229=CARTESIAN_POINT('',(1.791332567616E0,2.621889898788E0,9.898078284416E-1));
#4230=CARTESIAN_POINT('',(1.835989381989E0,2.038738053164E0,1.922907328243E0));
#4231=CARTESIAN_POINT('',(1.880646196363E0,1.141303897114E0,2.559580815992E0));
#4232=CARTESIAN_POINT('',(1.925303010736E0,6.793049069727E-2,2.801678587656E0));
#4233=CARTESIAN_POINT('',(1.969959825110E0,-1.015910920548E0,2.611891201994E0));
#4234=CARTESIAN_POINT('',(2.014616639484E0,-1.943158495238E0,2.019433432715E0));
#4235=CARTESIAN_POINT('',(2.044387849066E0,-2.361588804918E0,1.417006191796E0));
#4236=CARTESIAN_POINT('',(2.059273453857E0,-2.504786745534E0,1.087048117334E0));
#4237=CARTESIAN_POINT('',(7.032734653182E-1,-2.410153798203E0,
1.283272737577E0));
#4238=CARTESIAN_POINT('',(7.181590701094E-1,-2.579200605184E0,
9.657807563408E-1));
#4239=CARTESIAN_POINT('',(7.479302796918E-1,-2.790101427856E0,
2.632685872964E-1));
#4240=CARTESIAN_POINT('',(7.925870940654E-1,-2.676406628723E0,
-8.312028676983E-1));
#4241=CARTESIAN_POINT('',(8.372439084390E-1,-2.150112189836E0,
-1.797508005884E0));
#4242=CARTESIAN_POINT('',(8.819007228126E-1,-1.292370779422E0,
-2.486726021832E0));
#4243=CARTESIAN_POINT('',(9.265575371862E-1,-2.354021488078E-1,
-2.792599375271E0));
#4244=CARTESIAN_POINT('',(9.712143515599E-1,8.578546801768E-1,
-2.667978921638E0));
#4245=CARTESIAN_POINT('',(1.015871165933E0,1.818868620304E0,-2.132074806124E0));
#4246=CARTESIAN_POINT('',(1.060527980307E0,2.499494021995E0,-1.267499778348E0));
#4247=CARTESIAN_POINT('',(1.105184794681E0,2.794808798254E0,
-2.075327370427E-1));
#4248=CARTESIAN_POINT('',(1.149841609054E0,2.659288558187E0,8.844266040680E-1));
#4249=CARTESIAN_POINT('',(1.194498423428E0,2.113824487845E0,1.840046762768E0));
#4250=CARTESIAN_POINT('',(1.239155237802E0,1.242502847181E0,2.512013680105E0));
#4251=CARTESIAN_POINT('',(1.283812052175E0,1.796426180452E-1,2.796739992233E0));
#4252=CARTESIAN_POINT('',(1.328468866549E0,-9.109105001531E-1,
2.650333585620E0));
#4253=CARTESIAN_POINT('',(1.373125680922E0,-1.861041798110E0,2.095363806131E0));
#4254=CARTESIAN_POINT('',(1.417782495296E0,-2.524283355760E0,1.217382271182E0));
#4255=CARTESIAN_POINT('',(1.462439309670E0,-2.798392870738E0,
1.517346214861E-1));
#4256=CARTESIAN_POINT('',(1.507096124043E0,-2.641114866758E0,
-9.373037474277E-1));
#4257=CARTESIAN_POINT('',(1.551752938417E0,-2.076694605677E0,
-1.881851633133E0));
#4258=CARTESIAN_POINT('',(1.596409752790E0,-1.192140548171E0,
-2.536301828982E0));
#4259=CARTESIAN_POINT('',(1.641066567164E0,-1.238115251745E-1,
-2.799767269046E0));
#4260=CARTESIAN_POINT('',(1.685723381538E0,9.636037195985E-1,
-2.631633318923E0));
#4261=CARTESIAN_POINT('',(1.730380195911E0,1.902474196669E0,-2.057818744873E0));
#4262=CARTESIAN_POINT('',(1.775037010285E0,2.548067904713E0,-1.166780187983E0));
#4263=CARTESIAN_POINT('',(1.819693824658E0,2.800863046864E0,
-9.587611562843E-2));
#4264=CARTESIAN_POINT('',(1.864350639032E0,2.621889898788E0,9.898078284416E-1));
#4265=CARTESIAN_POINT('',(1.909007453406E0,2.038738053164E0,1.922907328243E0));
#4266=CARTESIAN_POINT('',(1.953664267779E0,1.141303897114E0,2.559580815992E0));
#4267=CARTESIAN_POINT('',(1.998321082153E0,6.793049069727E-2,2.801678587656E0));
#4268=CARTESIAN_POINT('',(2.042977896527E0,-1.015910920548E0,2.611891201994E0));
#4269=CARTESIAN_POINT('',(2.087634710900E0,-1.943158495238E0,2.019433432715E0));
#4270=CARTESIAN_POINT('',(2.117405920483E0,-2.361588804918E0,1.417006191796E0));
#4271=CARTESIAN_POINT('',(2.132291525274E0,-2.504786745534E0,1.087048117334E0));
#4272=CARTESIAN_POINT('',(7.762915367347E-1,-2.410153798203E0,
1.283272737577E0));
#4273=CARTESIAN_POINT('',(7.911771415259E-1,-2.579200605184E0,
9.657807563408E-1));
#4274=CARTESIAN_POINT('',(8.209483511083E-1,-2.790101427856E0,
2.632685872964E-1));
#4275=CARTESIAN_POINT('',(8.656051654819E-1,-2.676406628723E0,
-8.312028676983E-1));
#4276=CARTESIAN_POINT('',(9.102619798556E-1,-2.150112189836E0,
-1.797508005884E0));
#4277=CARTESIAN_POINT('',(9.549187942292E-1,-1.292370779422E0,
-2.486726021832E0));
#4278=CARTESIAN_POINT('',(9.995756086028E-1,-2.354021488078E-1,
-2.792599375271E0));
#4279=CARTESIAN_POINT('',(1.044232422976E0,8.578546801768E-1,
-2.667978921638E0));
#4280=CARTESIAN_POINT('',(1.088889237350E0,1.818868620304E0,-2.132074806124E0));
#4281=CARTESIAN_POINT('',(1.133546051724E0,2.499494021995E0,-1.267499778348E0));
#4282=CARTESIAN_POINT('',(1.178202866097E0,2.794808798254E0,
-2.075327370427E-1));
#4283=CARTESIAN_POINT('',(1.222859680471E0,2.659288558187E0,8.844266040680E-1));
#4284=CARTESIAN_POINT('',(1.267516494844E0,2.113824487845E0,1.840046762768E0));
#4285=CARTESIAN_POINT('',(1.312173309218E0,1.242502847181E0,2.512013680105E0));
#4286=CARTESIAN_POINT('',(1.356830123592E0,1.796426180452E-1,2.796739992233E0));
#4287=CARTESIAN_POINT('',(1.401486937965E0,-9.109105001531E-1,
2.650333585620E0));
#4288=CARTESIAN_POINT('',(1.446143752339E0,-1.861041798110E0,2.095363806131E0));
#4289=CARTESIAN_POINT('',(1.490800566713E0,-2.524283355760E0,1.217382271182E0));
#4290=CARTESIAN_POINT('',(1.535457381086E0,-2.798392870738E0,
1.517346214861E-1));
#4291=CARTESIAN_POINT('',(1.580114195460E0,-2.641114866758E0,
-9.373037474277E-1));
#4292=CARTESIAN_POINT('',(1.624771009833E0,-2.076694605677E0,
-1.881851633133E0));
#4293=CARTESIAN_POINT('',(1.669427824207E0,-1.192140548171E0,
-2.536301828982E0));
#4294=CARTESIAN_POINT('',(1.714084638581E0,-1.238115251745E-1,
-2.799767269046E0));
#4295=CARTESIAN_POINT('',(1.758741452954E0,9.636037195985E-1,
-2.631633318923E0));
#4296=CARTESIAN_POINT('',(1.803398267328E0,1.902474196669E0,-2.057818744873E0));
#4297=CARTESIAN_POINT('',(1.848055081701E0,2.548067904713E0,-1.166780187983E0));
#4298=CARTESIAN_POINT('',(1.892711896075E0,2.800863046864E0,
-9.587611562843E-2));
#4299=CARTESIAN_POINT('',(1.937368710449E0,2.621889898788E0,9.898078284416E-1));
#4300=CARTESIAN_POINT('',(1.982025524822E0,2.038738053164E0,1.922907328243E0));
#4301=CARTESIAN_POINT('',(2.026682339196E0,1.141303897114E0,2.559580815992E0));
#4302=CARTESIAN_POINT('',(2.071339153569E0,6.793049069727E-2,2.801678587656E0));
#4303=CARTESIAN_POINT('',(2.115995967943E0,-1.015910920548E0,2.611891201994E0));
#4304=CARTESIAN_POINT('',(2.160652782317E0,-1.943158495238E0,2.019433432715E0));
#4305=CARTESIAN_POINT('',(2.190423991899E0,-2.361588804918E0,1.417006191796E0));
#4306=CARTESIAN_POINT('',(2.205309596690E0,-2.504786745534E0,1.087048117334E0));
#4307=CARTESIAN_POINT('',(8.493096081513E-1,-2.410153798203E0,
1.283272737577E0));
#4308=CARTESIAN_POINT('',(8.641952129425E-1,-2.579200605184E0,
9.657807563408E-1));
#4309=CARTESIAN_POINT('',(8.939664225249E-1,-2.790101427856E0,
2.632685872964E-1));
#4310=CARTESIAN_POINT('',(9.386232368985E-1,-2.676406628723E0,
-8.312028676983E-1));
#4311=CARTESIAN_POINT('',(9.832800512721E-1,-2.150112189836E0,
-1.797508005884E0));
#4312=CARTESIAN_POINT('',(1.027936865646E0,-1.292370779422E0,
-2.486726021832E0));
#4313=CARTESIAN_POINT('',(1.072593680019E0,-2.354021488078E-1,
-2.792599375271E0));
#4314=CARTESIAN_POINT('',(1.117250494393E0,8.578546801768E-1,
-2.667978921638E0));
#4315=CARTESIAN_POINT('',(1.161907308767E0,1.818868620304E0,-2.132074806124E0));
#4316=CARTESIAN_POINT('',(1.206564123140E0,2.499494021995E0,-1.267499778348E0));
#4317=CARTESIAN_POINT('',(1.251220937514E0,2.794808798254E0,
-2.075327370427E-1));
#4318=CARTESIAN_POINT('',(1.295877751887E0,2.659288558187E0,8.844266040680E-1));
#4319=CARTESIAN_POINT('',(1.340534566261E0,2.113824487845E0,1.840046762768E0));
#4320=CARTESIAN_POINT('',(1.385191380635E0,1.242502847181E0,2.512013680105E0));
#4321=CARTESIAN_POINT('',(1.429848195008E0,1.796426180452E-1,2.796739992233E0));
#4322=CARTESIAN_POINT('',(1.474505009382E0,-9.109105001531E-1,
2.650333585620E0));
#4323=CARTESIAN_POINT('',(1.519161823755E0,-1.861041798110E0,2.095363806131E0));
#4324=CARTESIAN_POINT('',(1.563818638129E0,-2.524283355760E0,1.217382271182E0));
#4325=CARTESIAN_POINT('',(1.608475452503E0,-2.798392870738E0,
1.517346214861E-1));
#4326=CARTESIAN_POINT('',(1.653132266876E0,-2.641114866758E0,
-9.373037474277E-1));
#4327=CARTESIAN_POINT('',(1.697789081250E0,-2.076694605677E0,
-1.881851633133E0));
#4328=CARTESIAN_POINT('',(1.742445895624E0,-1.192140548171E0,
-2.536301828982E0));
#4329=CARTESIAN_POINT('',(1.787102709997E0,-1.238115251745E-1,
-2.799767269046E0));
#4330=CARTESIAN_POINT('',(1.831759524371E0,9.636037195985E-1,
-2.631633318923E0));
#4331=CARTESIAN_POINT('',(1.876416338744E0,1.902474196669E0,-2.057818744873E0));
#4332=CARTESIAN_POINT('',(1.921073153118E0,2.548067904713E0,-1.166780187983E0));
#4333=CARTESIAN_POINT('',(1.965729967492E0,2.800863046864E0,
-9.587611562843E-2));
#4334=CARTESIAN_POINT('',(2.010386781865E0,2.621889898788E0,9.898078284416E-1));
#4335=CARTESIAN_POINT('',(2.055043596239E0,2.038738053164E0,1.922907328243E0));
#4336=CARTESIAN_POINT('',(2.099700410612E0,1.141303897114E0,2.559580815992E0));
#4337=CARTESIAN_POINT('',(2.144357224986E0,6.793049069727E-2,2.801678587656E0));
#4338=CARTESIAN_POINT('',(2.189014039360E0,-1.015910920548E0,2.611891201994E0));
#4339=CARTESIAN_POINT('',(2.233670853733E0,-1.943158495238E0,2.019433432715E0));
#4340=CARTESIAN_POINT('',(2.263442063316E0,-2.361588804918E0,1.417006191796E0));
#4341=CARTESIAN_POINT('',(2.278327668107E0,-2.504786745534E0,1.087048117334E0));
#4342=B_SPLINE_SURFACE_WITH_KNOTS('',3,3,((#4202,#4203,#4204,#4205,#4206,#4207,
#4208,#4209,#4210,#4211,#4212,#4213,#4214,#4215,#4216,#4217,#4218,#4219,#4220,
#4221,#4222,#4223,#4224,#4225,#4226,#4227,#4228,#4229,#4230,#4231,#4232,#4233,
#4234,#4235,#4236),(#4237,#4238,#4239,#4240,#4241,#4242,#4243,#4244,#4245,#4246,
#4247,#4248,#4249,#4250,#4251,#4252,#4253,#4254,#4255,#4256,#4257,#4258,#4259,
#4260,#4261,#4262,#4263,#4264,#4265,#4266,#4267,#4268,#4269,#4270,#4271),(#4272,
#4273,#4274,#4275,#4276,#4277,#4278,#4279,#4280,#4281,#4282,#4283,#4284,#4285,
#4286,#4287,#4288,#4289,#4290,#4291,#4292,#4293,#4294,#4295,#4296,#4297,#4298,
#4299,#4300,#4301,#4302,#4303,#4304,#4305,#4306),(#4307,#4308,#4309,#4310,#4311,
#4312,#4313,#4314,#4315,#4316,#4317,#4318,#4319,#4320,#4321,#4322,#4323,#4324,
#4325,#4326,#4327,#4328,#4329,#4330,#4331,#4332,#4333,#4334,#4335,#4336,#4337,
#4338,#4339,#4340,#4341)),.UNSPECIFIED.,.F.,.F.,.F.,(4,4),(4,1,1,1,1,1,1,1,1,1,
1,1,1,1,1,1,1,1,1,1,1,1,1,1,1,1,1,1,1,1,1,1,4),(-5.746712373208E-2,
1.057467123732E0),(4.393852226328E-1,4.572479483822E-1,4.751106741317E-1,
4.929733998811E-1,5.108361256306E-1,5.286988513800E-1,5.465615771295E-1,
5.644243028789E-1,5.822870286284E-1,6.001497543778E-1,6.180124801273E-1,
6.358752058767E-1,6.537379316261E-1,6.716006573756E-1,6.894633831250E-1,
7.073261088745E-1,7.251888346239E-1,7.430515603734E-1,7.609142861228E-1,
7.787770118723E-1,7.966397376217E-1,8.145024633711E-1,8.323651891206E-1,
8.502279148700E-1,8.680906406195E-1,8.859533663689E-1,9.038160921184E-1,
9.216788178678E-1,9.395415436173E-1,9.574042693667E-1,9.752669951162E-1,
9.931297208656E-1,1.010992446615E0),.UNSPECIFIED.);
#4343=ORIENTED_EDGE('',*,*,#2331,.T.);
#4344=ORIENTED_EDGE('',*,*,#2653,.T.);
#4345=ORIENTED_EDGE('',*,*,#3254,.F.);
#4346=ORIENTED_EDGE('',*,*,#2483,.F.);
#4347=EDGE_LOOP('',(#4343,#4344,#4345,#4346));
#4348=FACE_OUTER_BOUND('',#4347,.F.);
#4349=ADVANCED_FACE('',(#4348),#4342,.F.);
#4350=CARTESIAN_POINT('',(9.762130819954E-1,0.E0,0.E0));
#4351=DIRECTION('',(1.E0,0.E0,0.E0));
#4352=DIRECTION('',(0.E0,7.071067811865E-1,-7.071067811865E-1));
#4353=AXIS2_PLACEMENT_3D('',#4350,#4351,#4352);
#4354=CONICAL_SURFACE('',#4353,2.841213081995E0,4.5E1);
#4355=ORIENTED_EDGE('',*,*,#2480,.F.);
#4356=ORIENTED_EDGE('',*,*,#2323,.F.);
#4357=ORIENTED_EDGE('',*,*,#2293,.T.);
#4358=ORIENTED_EDGE('',*,*,#2320,.T.);
#4359=EDGE_LOOP('',(#4355,#4356,#4357,#4358));
#4360=FACE_OUTER_BOUND('',#4359,.F.);
#4361=ADVANCED_FACE('',(#4360),#4354,.T.);
#4362=CARTESIAN_POINT('',(5.000000038536E-2,0.E0,0.E0));
#4363=DIRECTION('',(-1.E0,0.E0,0.E0));
#4364=DIRECTION('',(0.E0,0.E0,-1.E0));
#4365=AXIS2_PLACEMENT_3D('',#4362,#4363,#4364);
#4366=CONICAL_SURFACE('',#4365,2.374999999615E0,4.5E1);
#4367=ORIENTED_EDGE('',*,*,#2250,.T.);
#4369=ORIENTED_EDGE('',*,*,#4368,.T.);
#4371=ORIENTED_EDGE('',*,*,#4370,.F.);
#4373=ORIENTED_EDGE('',*,*,#4372,.F.);
#4374=EDGE_LOOP('',(#4367,#4369,#4371,#4373));
#4375=FACE_OUTER_BOUND('',#4374,.F.);
#4376=ADVANCED_FACE('',(#4375),#4366,.F.);
#4377=CARTESIAN_POINT('',(5.000000038536E-2,0.E0,0.E0));
#4378=DIRECTION('',(-1.E0,0.E0,0.E0));
#4379=DIRECTION('',(0.E0,0.E0,-1.E0));
#4380=AXIS2_PLACEMENT_3D('',#4377,#4378,#4379);
#4381=CONICAL_SURFACE('',#4380,2.374999999615E0,4.5E1);
#4382=ORIENTED_EDGE('',*,*,#2252,.T.);
#4383=ORIENTED_EDGE('',*,*,#4372,.T.);
#4385=ORIENTED_EDGE('',*,*,#4384,.F.);
#4386=ORIENTED_EDGE('',*,*,#4368,.F.);
#4387=EDGE_LOOP('',(#4382,#4383,#4385,#4386));
#4388=FACE_OUTER_BOUND('',#4387,.F.);
#4389=ADVANCED_FACE('',(#4388),#4381,.F.);
#4390=CARTESIAN_POINT('',(2.0265E0,0.E0,0.E0));
#4391=DIRECTION('',(-1.E0,0.E0,0.E0));
#4392=DIRECTION('',(0.E0,-7.071067811865E-1,7.071067811865E-1));
#4393=AXIS2_PLACEMENT_3D('',#4390,#4391,#4392);
#4394=CYLINDRICAL_SURFACE('',#4393,2.325E0);
#4395=ORIENTED_EDGE('',*,*,#4384,.T.);
#4397=ORIENTED_EDGE('',*,*,#4396,.F.);
#4399=ORIENTED_EDGE('',*,*,#4398,.T.);
#4401=ORIENTED_EDGE('',*,*,#4400,.T.);
#4402=EDGE_LOOP('',(#4395,#4397,#4399,#4401));
#4403=FACE_OUTER_BOUND('',#4402,.F.);
#4404=ADVANCED_FACE('',(#4403),#4394,.F.);
#4405=CARTESIAN_POINT('',(2.0265E0,0.E0,0.E0));
#4406=DIRECTION('',(-1.E0,0.E0,0.E0));
#4407=DIRECTION('',(0.E0,-7.071067811865E-1,7.071067811865E-1));
#4408=AXIS2_PLACEMENT_3D('',#4405,#4406,#4407);
#4409=CYLINDRICAL_SURFACE('',#4408,2.325E0);
#4410=ORIENTED_EDGE('',*,*,#4370,.T.);
#4411=ORIENTED_EDGE('',*,*,#4400,.F.);
#4413=ORIENTED_EDGE('',*,*,#4412,.F.);
#4414=ORIENTED_EDGE('',*,*,#4396,.T.);
#4415=EDGE_LOOP('',(#4410,#4411,#4413,#4414));
#4416=FACE_OUTER_BOUND('',#4415,.F.);
#4417=ADVANCED_FACE('',(#4416),#4409,.F.);
#4418=CARTESIAN_POINT('',(1.93E0,0.E0,0.E0));
#4419=DIRECTION('',(-1.E0,0.E0,0.E0));
#4420=DIRECTION('',(0.E0,-7.071067811865E-1,7.071067811865E-1));
#4421=AXIS2_PLACEMENT_3D('',#4418,#4419,#4420);
#4422=PLANE('',#4421);
#4423=ORIENTED_EDGE('',*,*,#4412,.T.);
#4424=ORIENTED_EDGE('',*,*,#4398,.F.);
#4425=EDGE_LOOP('',(#4423,#4424));
#4426=FACE_OUTER_BOUND('',#4425,.F.);
#4428=ORIENTED_EDGE('',*,*,#4427,.T.);
#4430=ORIENTED_EDGE('',*,*,#4429,.T.);
#4431=EDGE_LOOP('',(#4428,#4430));
#4432=FACE_BOUND('',#4431,.F.);
#4433=ADVANCED_FACE('',(#4426,#4432),#4422,.T.);
#4434=CARTESIAN_POINT('',(1.98E0,0.E0,0.E0));
#4435=DIRECTION('',(-1.E0,0.E0,0.E0));
#4436=DIRECTION('',(0.E0,0.E0,-1.E0));
#4437=AXIS2_PLACEMENT_3D('',#4434,#4435,#4436);
#4438=CONICAL_SURFACE('',#4437,2.1E0,4.5E1);
#4440=ORIENTED_EDGE('',*,*,#4439,.T.);
#4442=ORIENTED_EDGE('',*,*,#4441,.T.);
#4443=ORIENTED_EDGE('',*,*,#4427,.F.);
#4445=ORIENTED_EDGE('',*,*,#4444,.F.);
#4446=EDGE_LOOP('',(#4440,#4442,#4443,#4445));
#4447=FACE_OUTER_BOUND('',#4446,.F.);
#4448=ADVANCED_FACE('',(#4447),#4438,.F.);
#4449=CARTESIAN_POINT('',(2.03E0,0.E0,0.E0));
#4450=DIRECTION('',(-1.E0,0.E0,0.E0));
#4451=DIRECTION('',(0.E0,1.E0,0.E0));
#4452=AXIS2_PLACEMENT_3D('',#4449,#4450,#4451);
#4453=PLANE('',#4452);
#4455=ORIENTED_EDGE('',*,*,#4454,.F.);
#4456=ORIENTED_EDGE('',*,*,#4439,.F.);
#4457=EDGE_LOOP('',(#4455,#4456));
#4458=FACE_OUTER_BOUND('',#4457,.F.);
#4460=ORIENTED_EDGE('',*,*,#4459,.F.);
#4462=ORIENTED_EDGE('',*,*,#4461,.T.);
#4464=ORIENTED_EDGE('',*,*,#4463,.T.);
#4466=ORIENTED_EDGE('',*,*,#4465,.T.);
#4468=ORIENTED_EDGE('',*,*,#4467,.F.);
#4470=ORIENTED_EDGE('',*,*,#4469,.F.);
#4472=ORIENTED_EDGE('',*,*,#4471,.F.);
#4474=ORIENTED_EDGE('',*,*,#4473,.F.);
#4475=EDGE_LOOP('',(#4460,#4462,#4464,#4466,#4468,#4470,#4472,#4474));
#4476=FACE_BOUND('',#4475,.F.);
#4477=ADVANCED_FACE('',(#4458,#4476),#4453,.T.);
#4478=CARTESIAN_POINT('',(1.98E0,0.E0,0.E0));
#4479=DIRECTION('',(-1.E0,0.E0,0.E0));
#4480=DIRECTION('',(0.E0,0.E0,-1.E0));
#4481=AXIS2_PLACEMENT_3D('',#4478,#4479,#4480);
#4482=CONICAL_SURFACE('',#4481,2.1E0,4.5E1);
#4483=ORIENTED_EDGE('',*,*,#4454,.T.);
#4484=ORIENTED_EDGE('',*,*,#4444,.T.);
#4485=ORIENTED_EDGE('',*,*,#4429,.F.);
#4486=ORIENTED_EDGE('',*,*,#4441,.F.);
#4487=EDGE_LOOP('',(#4483,#4484,#4485,#4486));
#4488=FACE_OUTER_BOUND('',#4487,.F.);
#4489=ADVANCED_FACE('',(#4488),#4482,.F.);
#4490=CARTESIAN_POINT('',(9.44E0,0.E0,0.E0));
#4491=DIRECTION('',(-1.E0,0.E0,0.E0));
#4492=DIRECTION('',(0.E0,1.E0,0.E0));
#4493=AXIS2_PLACEMENT_3D('',#4490,#4491,#4492);
#4494=CYLINDRICAL_SURFACE('',#4493,6.35E-1);
#4496=ORIENTED_EDGE('',*,*,#4495,.T.);
#4498=ORIENTED_EDGE('',*,*,#4497,.T.);
#4499=ORIENTED_EDGE('',*,*,#4459,.T.);
#4501=ORIENTED_EDGE('',*,*,#4500,.F.);
#4502=EDGE_LOOP('',(#4496,#4498,#4499,#4501));
#4503=FACE_OUTER_BOUND('',#4502,.F.);
#4504=ADVANCED_FACE('',(#4503),#4494,.F.);
#4505=CARTESIAN_POINT('',(4.23E0,0.E0,0.E0));
#4506=DIRECTION('',(-1.E0,0.E0,0.E0));
#4507=DIRECTION('',(0.E0,1.E0,0.E0));
#4508=AXIS2_PLACEMENT_3D('',#4505,#4506,#4507);
#4509=PLANE('',#4508);
#4510=ORIENTED_EDGE('',*,*,#4495,.F.);
#4512=ORIENTED_EDGE('',*,*,#4511,.F.);
#4514=ORIENTED_EDGE('',*,*,#4513,.F.);
#4516=ORIENTED_EDGE('',*,*,#4515,.F.);
#4518=ORIENTED_EDGE('',*,*,#4517,.F.);
#4519=EDGE_LOOP('',(#4510,#4512,#4514,#4516,#4518));
#4520=FACE_OUTER_BOUND('',#4519,.F.);
#4521=ADVANCED_FACE('',(#4520),#4509,.T.);
#4522=CARTESIAN_POINT('',(2.03E0,1.25E-1,1.082718863486E0));
#4523=DIRECTION('',(0.E0,1.E0,0.E0));
#4524=DIRECTION('',(0.E0,0.E0,-1.E0));
#4525=AXIS2_PLACEMENT_3D('',#4522,#4523,#4524);
#4526=PLANE('',#4525);
#4527=ORIENTED_EDGE('',*,*,#4500,.T.);
#4528=ORIENTED_EDGE('',*,*,#4473,.T.);
#4530=ORIENTED_EDGE('',*,*,#4529,.T.);
#4531=ORIENTED_EDGE('',*,*,#4511,.T.);
#4532=EDGE_LOOP('',(#4527,#4528,#4530,#4531));
#4533=FACE_OUTER_BOUND('',#4532,.F.);
#4534=ADVANCED_FACE('',(#4533),#4526,.F.);
#4535=CARTESIAN_POINT('',(1.466E0,0.E0,0.E0));
#4536=DIRECTION('',(1.E0,0.E0,0.E0));
#4537=DIRECTION('',(0.E0,0.E0,1.E0));
#4538=AXIS2_PLACEMENT_3D('',#4535,#4536,#4537);
#4539=CYLINDRICAL_SURFACE('',#4538,4.85E-1);
#4540=ORIENTED_EDGE('',*,*,#4513,.T.);
#4541=ORIENTED_EDGE('',*,*,#4529,.F.);
#4542=ORIENTED_EDGE('',*,*,#4471,.T.);
#4544=ORIENTED_EDGE('',*,*,#4543,.T.);
#4546=ORIENTED_EDGE('',*,*,#4545,.T.);
#4548=ORIENTED_EDGE('',*,*,#4547,.T.);
#4550=ORIENTED_EDGE('',*,*,#4549,.F.);
#4552=ORIENTED_EDGE('',*,*,#4551,.F.);
#4553=EDGE_LOOP('',(#4540,#4541,#4542,#4544,#4546,#4548,#4550,#4552));
#4554=FACE_OUTER_BOUND('',#4553,.F.);
#4555=ADVANCED_FACE('',(#4554),#4539,.F.);
#4556=CARTESIAN_POINT('',(2.03E0,1.25E-1,1.082718863486E0));
#4557=DIRECTION('',(0.E0,1.E0,0.E0));
#4558=DIRECTION('',(0.E0,0.E0,-1.E0));
#4559=AXIS2_PLACEMENT_3D('',#4556,#4557,#4558);
#4560=PLANE('',#4559);
#4562=ORIENTED_EDGE('',*,*,#4561,.F.);
#4564=ORIENTED_EDGE('',*,*,#4563,.T.);
#4565=ORIENTED_EDGE('',*,*,#4543,.F.);
#4566=ORIENTED_EDGE('',*,*,#4469,.T.);
#4567=EDGE_LOOP('',(#4562,#4564,#4565,#4566));
#4568=FACE_OUTER_BOUND('',#4567,.F.);
#4569=ADVANCED_FACE('',(#4568),#4560,.F.);
#4570=CARTESIAN_POINT('',(9.44E0,0.E0,0.E0));
#4571=DIRECTION('',(-1.E0,0.E0,0.E0));
#4572=DIRECTION('',(0.E0,1.E0,0.E0));
#4573=AXIS2_PLACEMENT_3D('',#4570,#4571,#4572);
#4574=CYLINDRICAL_SURFACE('',#4573,6.35E-1);
#4576=ORIENTED_EDGE('',*,*,#4575,.T.);
#4577=ORIENTED_EDGE('',*,*,#4561,.T.);
#4578=ORIENTED_EDGE('',*,*,#4467,.T.);
#4580=ORIENTED_EDGE('',*,*,#4579,.F.);
#4581=EDGE_LOOP('',(#4576,#4577,#4578,#4580));
#4582=FACE_OUTER_BOUND('',#4581,.F.);
#4583=ADVANCED_FACE('',(#4582),#4574,.F.);
#4584=CARTESIAN_POINT('',(4.23E0,0.E0,0.E0));
#4585=DIRECTION('',(-1.E0,0.E0,0.E0));
#4586=DIRECTION('',(0.E0,1.E0,0.E0));
#4587=AXIS2_PLACEMENT_3D('',#4584,#4585,#4586);
#4588=PLANE('',#4587);
#4589=ORIENTED_EDGE('',*,*,#4575,.F.);
#4591=ORIENTED_EDGE('',*,*,#4590,.F.);
#4593=ORIENTED_EDGE('',*,*,#4592,.F.);
#4594=ORIENTED_EDGE('',*,*,#4545,.F.);
#4595=ORIENTED_EDGE('',*,*,#4563,.F.);
#4596=EDGE_LOOP('',(#4589,#4591,#4593,#4594,#4595));
#4597=FACE_OUTER_BOUND('',#4596,.F.);
#4598=ADVANCED_FACE('',(#4597),#4588,.T.);
#4599=CARTESIAN_POINT('',(2.03E0,-1.25E-1,-1.180010211789E0));
#4600=DIRECTION('',(0.E0,-1.E0,0.E0));
#4601=DIRECTION('',(0.E0,0.E0,1.E0));
#4602=AXIS2_PLACEMENT_3D('',#4599,#4600,#4601);
#4603=PLANE('',#4602);
#4604=ORIENTED_EDGE('',*,*,#4579,.T.);
#4605=ORIENTED_EDGE('',*,*,#4465,.F.);
#4607=ORIENTED_EDGE('',*,*,#4606,.T.);
#4608=ORIENTED_EDGE('',*,*,#4590,.T.);
#4609=EDGE_LOOP('',(#4604,#4605,#4607,#4608));
#4610=FACE_OUTER_BOUND('',#4609,.F.);
#4611=ADVANCED_FACE('',(#4610),#4603,.F.);
#4612=CARTESIAN_POINT('',(1.466E0,0.E0,0.E0));
#4613=DIRECTION('',(1.E0,0.E0,0.E0));
#4614=DIRECTION('',(0.E0,0.E0,1.E0));
#4615=AXIS2_PLACEMENT_3D('',#4612,#4613,#4614);
#4616=CYLINDRICAL_SURFACE('',#4615,4.85E-1);
#4617=ORIENTED_EDGE('',*,*,#4592,.T.);
#4618=ORIENTED_EDGE('',*,*,#4606,.F.);
#4619=ORIENTED_EDGE('',*,*,#4463,.F.);
#4621=ORIENTED_EDGE('',*,*,#4620,.T.);
#4622=ORIENTED_EDGE('',*,*,#4515,.T.);
#4623=ORIENTED_EDGE('',*,*,#4551,.T.);
#4625=ORIENTED_EDGE('',*,*,#4624,.T.);
#4626=ORIENTED_EDGE('',*,*,#4547,.F.);
#4627=EDGE_LOOP('',(#4617,#4618,#4619,#4621,#4622,#4623,#4625,#4626));
#4628=FACE_OUTER_BOUND('',#4627,.F.);
#4629=ADVANCED_FACE('',(#4628),#4616,.F.);
#4630=CARTESIAN_POINT('',(2.03E0,-1.25E-1,-1.180010211789E0));
#4631=DIRECTION('',(0.E0,-1.E0,0.E0));
#4632=DIRECTION('',(0.E0,0.E0,1.E0));
#4633=AXIS2_PLACEMENT_3D('',#4630,#4631,#4632);
#4634=PLANE('',#4633);
#4635=ORIENTED_EDGE('',*,*,#4497,.F.);
#4636=ORIENTED_EDGE('',*,*,#4517,.T.);
#4637=ORIENTED_EDGE('',*,*,#4620,.F.);
#4638=ORIENTED_EDGE('',*,*,#4461,.F.);
#4639=EDGE_LOOP('',(#4635,#4636,#4637,#4638));
#4640=FACE_OUTER_BOUND('',#4639,.F.);
#4641=ADVANCED_FACE('',(#4640),#4634,.F.);
#4642=CARTESIAN_POINT('',(5.067184759106E0,0.E0,0.E0));
#4643=DIRECTION('',(-1.E0,0.E0,0.E0));
#4644=DIRECTION('',(0.E0,0.E0,-1.E0));
#4645=AXIS2_PLACEMENT_3D('',#4642,#4643,#4644);
#4646=CONICAL_SURFACE('',#4645,2.473890272039E-1,6.E1);
#4648=ORIENTED_EDGE('',*,*,#4647,.T.);
#4650=ORIENTED_EDGE('',*,*,#4649,.F.);
#4651=ORIENTED_EDGE('',*,*,#4624,.F.);
#4652=EDGE_LOOP('',(#4648,#4650,#4651));
#4653=FACE_OUTER_BOUND('',#4652,.F.);
#4654=ADVANCED_FACE('',(#4653),#4646,.F.);
#4655=CARTESIAN_POINT('',(5.067184759106E0,0.E0,0.E0));
#4656=DIRECTION('',(-1.E0,0.E0,0.E0));
#4657=DIRECTION('',(0.E0,0.E0,-1.E0));
#4658=AXIS2_PLACEMENT_3D('',#4655,#4656,#4657);
#4659=CONICAL_SURFACE('',#4658,2.473890272039E-1,6.E1);
#4660=ORIENTED_EDGE('',*,*,#4647,.F.);
#4661=ORIENTED_EDGE('',*,*,#4549,.T.);
#4662=ORIENTED_EDGE('',*,*,#4649,.T.);
#4663=EDGE_LOOP('',(#4660,#4661,#4662));
#4664=FACE_OUTER_BOUND('',#4663,.F.);
#4665=ADVANCED_FACE('',(#4664),#4659,.F.);
#4666=CLOSED_SHELL('',(#2256,#2271,#2284,#2299,#2312,#2335,#2491,#2505,#2661,
#2676,#2690,#2979,#3260,#3283,#3296,#3311,#3598,#3612,#3625,#3637,#3650,#3663,
#3678,#3691,#3711,#3742,#3757,#3771,#3814,#3828,#3842,#3857,#3870,#3889,#3917,
#3932,#3948,#3961,#3973,#3985,#3999,#4013,#4027,#4039,#4051,#4065,#4078,#4091,
#4106,#4121,#4135,#4147,#4163,#4178,#4191,#4201,#4349,#4361,#4376,#4389,#4404,
#4417,#4433,#4448,#4477,#4489,#4504,#4521,#4534,#4555,#4569,#4583,#4598,#4611,
#4629,#4641,#4654,#4665));
#4667=MANIFOLD_SOLID_BREP('',#4666);
#4669=DIMENSIONAL_EXPONENTS(0.E0,0.E0,0.E0,0.E0,0.E0,0.E0,0.E0);
#4671=PLANE_ANGLE_MEASURE_WITH_UNIT(PLANE_ANGLE_MEASURE(1.745329251994E-2),
#4670);
#4672=(CONVERSION_BASED_UNIT('DEGREE',#4671)NAMED_UNIT(*)PLANE_ANGLE_UNIT());
#4674=UNCERTAINTY_MEASURE_WITH_UNIT(LENGTH_MEASURE(9.408560883241E-4),#4668,
'closure',
'Maximum model space distance between geometric entities at asserted connectivities');
#4675=(GEOMETRIC_REPRESENTATION_CONTEXT(3)GLOBAL_UNCERTAINTY_ASSIGNED_CONTEXT((
#4674))GLOBAL_UNIT_ASSIGNED_CONTEXT((#4668,#4672,#4673))REPRESENTATION_CONTEXT(
'ID1','3'));
#4677=APPLICATION_CONTEXT(
'CONFIGURATION CONTROLLED 3D DESIGNS OF MECHANICAL PARTS AND ASSEMBLIES');
#4678=APPLICATION_PROTOCOL_DEFINITION('international standard',
'config_control_design',1994,#4677);
#4679=DESIGN_CONTEXT('',#4677,'design');
#4680=MECHANICAL_CONTEXT('',#4677,'mechanical');
#4681=PRODUCT('132323__','132323__','NOT SPECIFIED',(#4680));
#4682=PRODUCT_DEFINITION_FORMATION_WITH_SPECIFIED_SOURCE('1','LAST_VERSION',
#4681,.MADE.);
#4686=PRODUCT_CATEGORY('part','');
#4687=PRODUCT_RELATED_PRODUCT_CATEGORY('detail','',(#4681));
#4688=PRODUCT_CATEGORY_RELATIONSHIP('','',#4686,#4687);
#4689=SECURITY_CLASSIFICATION_LEVEL('unclassified');
#4690=SECURITY_CLASSIFICATION('','',#4689);
#4691=CC_DESIGN_SECURITY_CLASSIFICATION(#4690,(#4682));
#4692=APPROVAL_STATUS('approved');
#4693=APPROVAL(#4692,'');
#4694=CC_DESIGN_APPROVAL(#4693,(#4690,#4682,#4683));
#4695=CALENDAR_DATE(120,19,5);
#4696=COORDINATED_UNIVERSAL_TIME_OFFSET(5,30,.AHEAD.);
#4697=LOCAL_TIME(10,31,1.1E1,#4696);
#4698=DATE_AND_TIME(#4695,#4697);
#4699=APPROVAL_DATE_TIME(#4698,#4693);
#4700=DATE_TIME_ROLE('creation_date');
#4701=CC_DESIGN_DATE_AND_TIME_ASSIGNMENT(#4698,#4700,(#4683));
#4702=DATE_TIME_ROLE('classification_date');
#4703=CC_DESIGN_DATE_AND_TIME_ASSIGNMENT(#4698,#4702,(#4690));
#4704=PERSON('UNSPECIFIED','UNSPECIFIED',$,$,$,$);
#4705=ORGANIZATION('UNSPECIFIED','UNSPECIFIED','UNSPECIFIED');
#4706=PERSON_AND_ORGANIZATION(#4704,#4705);
#4707=APPROVAL_ROLE('approver');
#4708=APPROVAL_PERSON_ORGANIZATION(#4706,#4693,#4707);
#4709=PERSON_AND_ORGANIZATION_ROLE('creator');
#4710=CC_DESIGN_PERSON_AND_ORGANIZATION_ASSIGNMENT(#4706,#4709,(#4682,#4683));
#4711=PERSON_AND_ORGANIZATION_ROLE('design_supplier');
#4712=CC_DESIGN_PERSON_AND_ORGANIZATION_ASSIGNMENT(#4706,#4711,(#4682));
#4713=PERSON_AND_ORGANIZATION_ROLE('classification_officer');
#4714=CC_DESIGN_PERSON_AND_ORGANIZATION_ASSIGNMENT(#4706,#4713,(#4690));
#4715=PERSON_AND_ORGANIZATION_ROLE('design_owner');
#4716=CC_DESIGN_PERSON_AND_ORGANIZATION_ASSIGNMENT(#4706,#4715,(#4681));
#5=CIRCLE('',#4,2.565E0);
#10=CIRCLE('',#9,2.565E0);
#15=CIRCLE('',#14,2.425E0);
#20=CIRCLE('',#19,2.425E0);
#33=CIRCLE('',#32,2.665E0);
#38=CIRCLE('',#37,2.665E0);
#58=B_SPLINE_CURVE_WITH_KNOTS('',3,(#47,#48,#49,#50,#51,#52,#53,#54,#55,#56,
#57),.UNSPECIFIED.,.F.,.F.,(4,1,1,1,1,1,1,1,4),(0.E0,1.25E-1,2.5E-1,3.75E-1,
5.E-1,6.25E-1,7.5E-1,8.75E-1,1.E0),.UNSPECIFIED.);
#67=CIRCLE('',#66,2.665E0);
#85=B_SPLINE_CURVE_WITH_KNOTS('',3,(#72,#73,#74,#75,#76,#77,#78,#79,#80,#81,#82,
#83,#84),.UNSPECIFIED.,.F.,.F.,(4,1,1,1,1,1,1,1,1,1,4),(0.E0,1.E-1,2.E-1,3.E-1,
4.E-1,5.E-1,6.E-1,7.E-1,8.E-1,9.E-1,1.E0),.UNSPECIFIED.);
#101=B_SPLINE_CURVE_WITH_KNOTS('',3,(#86,#87,#88,#89,#90,#91,#92,#93,#94,#95,
#96,#97,#98,#99,#100),.UNSPECIFIED.,.F.,.F.,(4,1,1,1,1,1,1,1,1,1,1,1,4),(0.E0,
8.333333333333E-2,1.666666666667E-1,2.5E-1,3.333333333333E-1,4.166666666667E-1,
5.E-1,5.833333333333E-1,6.666666666667E-1,7.5E-1,8.333333333333E-1,
9.166666666667E-1,1.E0),.UNSPECIFIED.);
#106=CIRCLE('',#105,2.7305E0);
#149=B_SPLINE_CURVE_WITH_KNOTS('',3,(#107,#108,#109,#110,#111,#112,#113,#114,
#115,#116,#117,#118,#119,#120,#121,#122,#123,#124,#125,#126,#127,#128,#129,#130,
#131,#132,#133,#134,#135,#136,#137,#138,#139,#140,#141,#142,#143,#144,#145,#146,
#147,#148),.UNSPECIFIED.,.F.,.F.,(4,1,1,1,1,1,1,1,1,1,1,1,1,1,1,1,1,1,1,1,1,1,1,
1,1,1,1,1,1,1,1,1,1,1,1,1,1,1,1,4),(0.E0,2.564102564103E-2,5.128205128205E-2,
7.692307692308E-2,1.025641025641E-1,1.282051282051E-1,1.538461538462E-1,
1.794871794872E-1,2.051282051282E-1,2.307692307692E-1,2.564102564103E-1,
2.820512820513E-1,3.076923076923E-1,3.333333333333E-1,3.589743589744E-1,
3.846153846154E-1,4.102564102564E-1,4.358974358974E-1,4.615384615385E-1,
4.871794871795E-1,5.128205128205E-1,5.384615384615E-1,5.641025641026E-1,
5.897435897436E-1,6.153846153846E-1,6.410256410256E-1,6.666666666667E-1,
6.923076923077E-1,7.179487179487E-1,7.435897435897E-1,7.692307692308E-1,
7.948717948718E-1,8.205128205128E-1,8.461538461538E-1,8.717948717949E-1,
8.974358974359E-1,9.230769230769E-1,9.487179487179E-1,9.743589743590E-1,1.E0),
.UNSPECIFIED.);
#154=CIRCLE('',#153,3.095E0);
#204=B_SPLINE_CURVE_WITH_KNOTS('',3,(#155,#156,#157,#158,#159,#160,#161,#162,
#163,#164,#165,#166,#167,#168,#169,#170,#171,#172,#173,#174,#175,#176,#177,#178,
#179,#180,#181,#182,#183,#184,#185,#186,#187,#188,#189,#190,#191,#192,#193,#194,
#195,#196,#197,#198,#199,#200,#201,#202,#203),.UNSPECIFIED.,.F.,.F.,(4,1,1,1,1,
1,1,1,1,1,1,1,1,1,1,1,1,1,1,1,1,1,1,1,1,1,1,1,1,1,1,1,1,1,1,1,1,1,1,1,1,1,1,1,1,
1,4),(0.E0,2.173913043478E-2,4.347826086957E-2,6.521739130435E-2,
8.695652173913E-2,1.086956521739E-1,1.304347826087E-1,1.521739130435E-1,
1.739130434783E-1,1.956521739130E-1,2.173913043478E-1,2.391304347826E-1,
2.608695652174E-1,2.826086956522E-1,3.043478260870E-1,3.260869565217E-1,
3.478260869565E-1,3.695652173913E-1,3.913043478261E-1,4.130434782609E-1,
4.347826086957E-1,4.565217391304E-1,4.782608695652E-1,5.E-1,5.217391304348E-1,
5.434782608696E-1,5.652173913043E-1,5.869565217391E-1,6.086956521739E-1,
6.304347826087E-1,6.521739130435E-1,6.739130434783E-1,6.956521739130E-1,
7.173913043478E-1,7.391304347826E-1,7.608695652174E-1,7.826086956522E-1,
8.043478260870E-1,8.260869565217E-1,8.478260869565E-1,8.695652173913E-1,
8.913043478261E-1,9.130434782609E-1,9.347826086957E-1,9.565217391304E-1,
9.782608695652E-1,1.E0),.UNSPECIFIED.);
#313=B_SPLINE_CURVE_WITH_KNOTS('',3,(#205,#206,#207,#208,#209,#210,#211,#212,
#213,#214,#215,#216,#217,#218,#219,#220,#221,#222,#223,#224,#225,#226,#227,#228,
#229,#230,#231,#232,#233,#234,#235,#236,#237,#238,#239,#240,#241,#242,#243,#244,
#245,#246,#247,#248,#249,#250,#251,#252,#253,#254,#255,#256,#257,#258,#259,#260,
#261,#262,#263,#264,#265,#266,#267,#268,#269,#270,#271,#272,#273,#274,#275,#276,
#277,#278,#279,#280,#281,#282,#283,#284,#285,#286,#287,#288,#289,#290,#291,#292,
#293,#294,#295,#296,#297,#298,#299,#300,#301,#302,#303,#304,#305,#306,#307,#308,
#309,#310,#311,#312),.UNSPECIFIED.,.F.,.F.,(4,1,1,1,1,1,1,1,1,1,1,1,1,1,1,1,1,1,
1,1,1,1,1,1,1,1,1,1,1,1,1,1,1,1,1,1,1,1,1,1,1,1,1,1,1,1,1,1,1,1,1,1,1,1,1,1,1,1,
1,1,1,1,1,1,1,1,1,1,1,1,1,1,1,1,1,1,1,1,1,1,1,1,1,1,1,1,1,1,1,1,1,1,1,1,1,1,1,1,
1,1,1,1,1,1,1,4),(0.E0,9.523809523810E-3,1.904761904762E-2,2.857142857143E-2,
3.809523809524E-2,4.761904761905E-2,5.714285714286E-2,6.666666666667E-2,
7.619047619048E-2,8.571428571429E-2,9.523809523810E-2,1.047619047619E-1,
1.142857142857E-1,1.238095238095E-1,1.333333333333E-1,1.428571428571E-1,
1.523809523810E-1,1.619047619048E-1,1.714285714286E-1,1.809523809524E-1,
1.904761904762E-1,2.E-1,2.095238095238E-1,2.190476190476E-1,2.285714285714E-1,
2.380952380952E-1,2.476190476190E-1,2.571428571429E-1,2.666666666667E-1,
2.761904761905E-1,2.857142857143E-1,2.952380952381E-1,3.047619047619E-1,
3.142857142857E-1,3.238095238095E-1,3.333333333333E-1,3.428571428571E-1,
3.523809523810E-1,3.619047619048E-1,3.714285714286E-1,3.809523809524E-1,
3.904761904762E-1,4.E-1,4.095238095238E-1,4.190476190476E-1,4.285714285714E-1,
4.380952380952E-1,4.476190476190E-1,4.571428571429E-1,4.666666666667E-1,
4.761904761905E-1,4.857142857143E-1,4.952380952381E-1,5.047619047619E-1,
5.142857142857E-1,5.238095238095E-1,5.333333333333E-1,5.428571428571E-1,
5.523809523810E-1,5.619047619048E-1,5.714285714286E-1,5.809523809524E-1,
5.904761904762E-1,6.E-1,6.095238095238E-1,6.190476190476E-1,6.285714285714E-1,
6.380952380952E-1,6.476190476190E-1,6.571428571429E-1,6.666666666667E-1,
6.761904761905E-1,6.857142857143E-1,6.952380952381E-1,7.047619047619E-1,
7.142857142857E-1,7.238095238095E-1,7.333333333333E-1,7.428571428571E-1,
7.523809523810E-1,7.619047619048E-1,7.714285714286E-1,7.809523809524E-1,
7.904761904762E-1,8.E-1,8.095238095238E-1,8.190476190476E-1,8.285714285714E-1,
8.380952380952E-1,8.476190476190E-1,8.571428571429E-1,8.666666666667E-1,
8.761904761905E-1,8.857142857143E-1,8.952380952381E-1,9.047619047619E-1,
9.142857142857E-1,9.238095238095E-1,9.333333333333E-1,9.428571428571E-1,
9.523809523810E-1,9.619047619048E-1,9.714285714286E-1,9.809523809524E-1,
9.904761904762E-1,1.E0),.UNSPECIFIED.);
#345=B_SPLINE_CURVE_WITH_KNOTS('',3,(#314,#315,#316,#317,#318,#319,#320,#321,
#322,#323,#324,#325,#326,#327,#328,#329,#330,#331,#332,#333,#334,#335,#336,#337,
#338,#339,#340,#341,#342,#343,#344),.UNSPECIFIED.,.F.,.F.,(4,1,1,1,1,1,1,1,1,1,
1,1,1,1,1,1,1,1,1,1,1,1,1,1,1,1,1,1,4),(0.E0,3.571428571429E-2,
7.142857142857E-2,1.071428571429E-1,1.428571428571E-1,1.785714285714E-1,
2.142857142857E-1,2.5E-1,2.857142857143E-1,3.214285714286E-1,3.571428571429E-1,
3.928571428571E-1,4.285714285714E-1,4.642857142857E-1,5.E-1,5.357142857143E-1,
5.714285714286E-1,6.071428571429E-1,6.428571428571E-1,6.785714285714E-1,
7.142857142857E-1,7.5E-1,7.857142857143E-1,8.214285714286E-1,8.571428571429E-1,
8.928571428571E-1,9.285714285714E-1,9.642857142857E-1,1.E0),.UNSPECIFIED.);
#377=B_SPLINE_CURVE_WITH_KNOTS('',3,(#346,#347,#348,#349,#350,#351,#352,#353,
#354,#355,#356,#357,#358,#359,#360,#361,#362,#363,#364,#365,#366,#367,#368,#369,
#370,#371,#372,#373,#374,#375,#376),.UNSPECIFIED.,.F.,.F.,(4,1,1,1,1,1,1,1,1,1,
1,1,1,1,1,1,1,1,1,1,1,1,1,1,1,1,1,1,4),(0.E0,3.571428571429E-2,
7.142857142857E-2,1.071428571429E-1,1.428571428571E-1,1.785714285714E-1,
2.142857142857E-1,2.5E-1,2.857142857143E-1,3.214285714286E-1,3.571428571429E-1,
3.928571428571E-1,4.285714285714E-1,4.642857142857E-1,5.E-1,5.357142857143E-1,
5.714285714286E-1,6.071428571429E-1,6.428571428571E-1,6.785714285714E-1,
7.142857142857E-1,7.5E-1,7.857142857143E-1,8.214285714286E-1,8.571428571429E-1,
8.928571428571E-1,9.285714285714E-1,9.642857142857E-1,1.E0),.UNSPECIFIED.);
#384=B_SPLINE_CURVE_WITH_KNOTS('',3,(#378,#379,#380,#381,#382,#383),
.UNSPECIFIED.,.F.,.F.,(4,1,1,4),(0.E0,3.333333333333E-1,6.666666666667E-1,1.E0),
.UNSPECIFIED.);
#415=B_SPLINE_CURVE_WITH_KNOTS('',3,(#385,#386,#387,#388,#389,#390,#391,#392,
#393,#394,#395,#396,#397,#398,#399,#400,#401,#402,#403,#404,#405,#406,#407,#408,
#409,#410,#411,#412,#413,#414),.UNSPECIFIED.,.F.,.F.,(4,1,1,1,1,1,1,1,1,1,1,1,1,
1,1,1,1,1,1,1,1,1,1,1,1,1,1,4),(0.E0,3.703703703704E-2,7.407407407407E-2,
1.111111111111E-1,1.481481481481E-1,1.851851851852E-1,2.222222222222E-1,
2.592592592593E-1,2.962962962963E-1,3.333333333333E-1,3.703703703704E-1,
4.074074074074E-1,4.444444444444E-1,4.814814814815E-1,5.185185185185E-1,
5.555555555556E-1,5.925925925926E-1,6.296296296296E-1,6.666666666667E-1,
7.037037037037E-1,7.407407407407E-1,7.777777777778E-1,8.148148148148E-1,
8.518518518519E-1,8.888888888889E-1,9.259259259259E-1,9.629629629630E-1,1.E0),
.UNSPECIFIED.);
#451=B_SPLINE_CURVE_WITH_KNOTS('',3,(#420,#421,#422,#423,#424,#425,#426,#427,
#428,#429,#430,#431,#432,#433,#434,#435,#436,#437,#438,#439,#440,#441,#442,#443,
#444,#445,#446,#447,#448,#449,#450),.UNSPECIFIED.,.F.,.F.,(4,1,1,1,1,1,1,1,1,1,
1,1,1,1,1,1,1,1,1,1,1,1,1,1,1,1,1,1,4),(0.E0,3.571428571429E-2,
7.142857142857E-2,1.071428571429E-1,1.428571428571E-1,1.785714285714E-1,
2.142857142857E-1,2.5E-1,2.857142857143E-1,3.214285714286E-1,3.571428571429E-1,
3.928571428571E-1,4.285714285714E-1,4.642857142857E-1,5.E-1,5.357142857143E-1,
5.714285714286E-1,6.071428571429E-1,6.428571428571E-1,6.785714285714E-1,
7.142857142857E-1,7.5E-1,7.857142857143E-1,8.214285714286E-1,8.571428571429E-1,
8.928571428571E-1,9.285714285714E-1,9.642857142857E-1,1.E0),.UNSPECIFIED.);
#653=B_SPLINE_CURVE_WITH_KNOTS('',3,(#460,#461,#462,#463,#464,#465,#466,#467,
#468,#469,#470,#471,#472,#473,#474,#475,#476,#477,#478,#479,#480,#481,#482,#483,
#484,#485,#486,#487,#488,#489,#490,#491,#492,#493,#494,#495,#496,#497,#498,#499,
#500,#501,#502,#503,#504,#505,#506,#507,#508,#509,#510,#511,#512,#513,#514,#515,
#516,#517,#518,#519,#520,#521,#522,#523,#524,#525,#526,#527,#528,#529,#530,#531,
#532,#533,#534,#535,#536,#537,#538,#539,#540,#541,#542,#543,#544,#545,#546,#547,
#548,#549,#550,#551,#552,#553,#554,#555,#556,#557,#558,#559,#560,#561,#562,#563,
#564,#565,#566,#567,#568,#569,#570,#571,#572,#573,#574,#575,#576,#577,#578,#579,
#580,#581,#582,#583,#584,#585,#586,#587,#588,#589,#590,#591,#592,#593,#594,#595,
#596,#597,#598,#599,#600,#601,#602,#603,#604,#605,#606,#607,#608,#609,#610,#611,
#612,#613,#614,#615,#616,#617,#618,#619,#620,#621,#622,#623,#624,#625,#626,#627,
#628,#629,#630,#631,#632,#633,#634,#635,#636,#637,#638,#639,#640,#641,#642,#643,
#644,#645,#646,#647,#648,#649,#650,#651,#652),.UNSPECIFIED.,.F.,.F.,(4,1,1,1,1,
1,1,1,1,1,1,1,1,1,1,1,1,1,1,1,1,1,1,1,1,1,1,1,1,1,1,1,1,1,1,1,1,1,1,1,1,1,1,1,1,
1,1,1,1,1,1,1,1,1,1,1,1,1,1,1,1,1,1,1,1,1,1,1,1,1,1,1,1,1,1,1,1,1,1,1,1,1,1,1,1,
1,1,1,1,1,1,1,1,1,1,1,1,1,1,1,1,1,1,1,1,1,1,1,1,1,1,1,1,1,1,1,1,1,1,1,1,1,1,1,1,
1,1,1,1,1,1,1,1,1,1,1,1,1,1,1,1,1,1,1,1,1,1,1,1,1,1,1,1,1,1,1,1,1,1,1,1,1,1,1,1,
1,1,1,1,1,1,1,1,1,1,1,1,1,1,1,1,1,1,1,1,1,1,1,1,1,4),(0.E0,5.263157894737E-3,
1.052631578947E-2,1.578947368421E-2,2.105263157895E-2,2.631578947368E-2,
3.157894736842E-2,3.684210526316E-2,4.210526315789E-2,4.736842105263E-2,
5.263157894737E-2,5.789473684211E-2,6.315789473684E-2,6.842105263158E-2,
7.368421052632E-2,7.894736842105E-2,8.421052631579E-2,8.947368421053E-2,
9.473684210526E-2,1.E-1,1.052631578947E-1,1.105263157895E-1,1.157894736842E-1,
1.210526315789E-1,1.263157894737E-1,1.315789473684E-1,1.368421052632E-1,
1.421052631579E-1,1.473684210526E-1,1.526315789474E-1,1.578947368421E-1,
1.631578947368E-1,1.684210526316E-1,1.736842105263E-1,1.789473684211E-1,
1.842105263158E-1,1.894736842105E-1,1.947368421053E-1,2.E-1,2.052631578947E-1,
2.105263157895E-1,2.157894736842E-1,2.210526315789E-1,2.263157894737E-1,
2.315789473684E-1,2.368421052632E-1,2.421052631579E-1,2.473684210526E-1,
2.526315789474E-1,2.578947368421E-1,2.631578947368E-1,2.684210526316E-1,
2.736842105263E-1,2.789473684211E-1,2.842105263158E-1,2.894736842105E-1,
2.947368421053E-1,3.E-1,3.052631578947E-1,3.105263157895E-1,3.157894736842E-1,
3.210526315789E-1,3.263157894737E-1,3.315789473684E-1,3.368421052632E-1,
3.421052631579E-1,3.473684210526E-1,3.526315789474E-1,3.578947368421E-1,
3.631578947368E-1,3.684210526316E-1,3.736842105263E-1,3.789473684211E-1,
3.842105263158E-1,3.894736842105E-1,3.947368421053E-1,4.E-1,4.052631578947E-1,
4.105263157895E-1,4.157894736842E-1,4.210526315789E-1,4.263157894737E-1,
4.315789473684E-1,4.368421052632E-1,4.421052631579E-1,4.473684210526E-1,
4.526315789474E-1,4.578947368421E-1,4.631578947368E-1,4.684210526316E-1,
4.736842105263E-1,4.789473684211E-1,4.842105263158E-1,4.894736842105E-1,
4.947368421053E-1,5.E-1,5.052631578947E-1,5.105263157895E-1,5.157894736842E-1,
5.210526315789E-1,5.263157894737E-1,5.315789473684E-1,5.368421052632E-1,
5.421052631579E-1,5.473684210526E-1,5.526315789474E-1,5.578947368421E-1,
5.631578947368E-1,5.684210526316E-1,5.736842105263E-1,5.789473684211E-1,
5.842105263158E-1,5.894736842105E-1,5.947368421053E-1,6.E-1,6.052631578947E-1,
6.105263157895E-1,6.157894736842E-1,6.210526315789E-1,6.263157894737E-1,
6.315789473684E-1,6.368421052632E-1,6.421052631579E-1,6.473684210526E-1,
6.526315789474E-1,6.578947368421E-1,6.631578947368E-1,6.684210526316E-1,
6.736842105263E-1,6.789473684211E-1,6.842105263158E-1,6.894736842105E-1,
6.947368421053E-1,7.E-1,7.052631578947E-1,7.105263157895E-1,7.157894736842E-1,
7.210526315789E-1,7.263157894737E-1,7.315789473684E-1,7.368421052632E-1,
7.421052631579E-1,7.473684210526E-1,7.526315789474E-1,7.578947368421E-1,
7.631578947368E-1,7.684210526316E-1,7.736842105263E-1,7.789473684211E-1,
7.842105263158E-1,7.894736842105E-1,7.947368421053E-1,8.E-1,8.052631578947E-1,
8.105263157895E-1,8.157894736842E-1,8.210526315789E-1,8.263157894737E-1,
8.315789473684E-1,8.368421052632E-1,8.421052631579E-1,8.473684210526E-1,
8.526315789474E-1,8.578947368421E-1,8.631578947368E-1,8.684210526316E-1,
8.736842105263E-1,8.789473684211E-1,8.842105263158E-1,8.894736842105E-1,
8.947368421053E-1,9.E-1,9.052631578947E-1,9.105263157895E-1,9.157894736842E-1,
9.210526315789E-1,9.263157894737E-1,9.315789473684E-1,9.368421052632E-1,
9.421052631579E-1,9.473684210526E-1,9.526315789474E-1,9.578947368421E-1,
9.631578947368E-1,9.684210526316E-1,9.736842105263E-1,9.789473684211E-1,
9.842105263158E-1,9.894736842105E-1,9.947368421053E-1,1.E0),.UNSPECIFIED.);
#666=CIRCLE('',#665,2.7305E0);
#673=B_SPLINE_CURVE_WITH_KNOTS('',3,(#667,#668,#669,#670,#671,#672),
.UNSPECIFIED.,.F.,.F.,(4,1,1,4),(0.E0,3.333333333333E-1,6.666666666667E-1,1.E0),
.UNSPECIFIED.);
#694=B_SPLINE_CURVE_WITH_KNOTS('',3,(#674,#675,#676,#677,#678,#679,#680,#681,
#682,#683,#684,#685,#686,#687,#688,#689,#690,#691,#692,#693),.UNSPECIFIED.,.F.,
.F.,(4,1,1,1,1,1,1,1,1,1,1,1,1,1,1,1,1,4),(0.E0,5.882352941176E-2,
1.176470588235E-1,1.764705882353E-1,2.352941176471E-1,2.941176470588E-1,
3.529411764706E-1,4.117647058824E-1,4.705882352941E-1,5.294117647059E-1,
5.882352941176E-1,6.470588235294E-1,7.058823529412E-1,7.647058823529E-1,
8.235294117647E-1,8.823529411765E-1,9.411764705882E-1,1.E0),.UNSPECIFIED.);
#737=B_SPLINE_CURVE_WITH_KNOTS('',3,(#703,#704,#705,#706,#707,#708,#709,#710,
#711,#712,#713,#714,#715,#716,#717,#718,#719,#720,#721,#722,#723,#724,#725,#726,
#727,#728,#729,#730,#731,#732,#733,#734,#735,#736),.UNSPECIFIED.,.F.,.F.,(4,1,1,
1,1,1,1,1,1,1,1,1,1,1,1,1,1,1,1,1,1,1,1,1,1,1,1,1,1,1,1,4),(0.E0,
3.225806451613E-2,6.451612903226E-2,9.677419354839E-2,1.290322580645E-1,
1.612903225806E-1,1.935483870968E-1,2.258064516129E-1,2.580645161290E-1,
2.903225806452E-1,3.225806451613E-1,3.548387096774E-1,3.870967741935E-1,
4.193548387097E-1,4.516129032258E-1,4.838709677419E-1,5.161290322581E-1,
5.483870967742E-1,5.806451612903E-1,6.129032258065E-1,6.451612903226E-1,
6.774193548387E-1,7.096774193548E-1,7.419354838710E-1,7.741935483871E-1,
8.064516129032E-1,8.387096774194E-1,8.709677419355E-1,9.032258064516E-1,
9.354838709677E-1,9.677419354839E-1,1.E0),.UNSPECIFIED.);
#746=CIRCLE('',#745,3.095E0);
#790=B_SPLINE_CURVE_WITH_KNOTS('',3,(#747,#748,#749,#750,#751,#752,#753,#754,
#755,#756,#757,#758,#759,#760,#761,#762,#763,#764,#765,#766,#767,#768,#769,#770,
#771,#772,#773,#774,#775,#776,#777,#778,#779,#780,#781,#782,#783,#784,#785,#786,
#787,#788,#789),.UNSPECIFIED.,.F.,.F.,(4,1,1,1,1,1,1,1,1,1,1,1,1,1,1,1,1,1,1,1,
1,1,1,1,1,1,1,1,1,1,1,1,1,1,1,1,1,1,1,1,4),(0.E0,2.5E-2,5.E-2,7.5E-2,1.E-1,
1.25E-1,1.5E-1,1.75E-1,2.E-1,2.25E-1,2.5E-1,2.75E-1,3.E-1,3.25E-1,3.5E-1,
3.75E-1,4.E-1,4.25E-1,4.5E-1,4.75E-1,5.E-1,5.25E-1,5.5E-1,5.75E-1,6.E-1,6.25E-1,
6.5E-1,6.75E-1,7.E-1,7.25E-1,7.5E-1,7.75E-1,8.E-1,8.25E-1,8.5E-1,8.75E-1,9.E-1,
9.25E-1,9.5E-1,9.75E-1,1.E0),.UNSPECIFIED.);
#986=B_SPLINE_CURVE_WITH_KNOTS('',3,(#795,#796,#797,#798,#799,#800,#801,#802,
#803,#804,#805,#806,#807,#808,#809,#810,#811,#812,#813,#814,#815,#816,#817,#818,
#819,#820,#821,#822,#823,#824,#825,#826,#827,#828,#829,#830,#831,#832,#833,#834,
#835,#836,#837,#838,#839,#840,#841,#842,#843,#844,#845,#846,#847,#848,#849,#850,
#851,#852,#853,#854,#855,#856,#857,#858,#859,#860,#861,#862,#863,#864,#865,#866,
#867,#868,#869,#870,#871,#872,#873,#874,#875,#876,#877,#878,#879,#880,#881,#882,
#883,#884,#885,#886,#887,#888,#889,#890,#891,#892,#893,#894,#895,#896,#897,#898,
#899,#900,#901,#902,#903,#904,#905,#906,#907,#908,#909,#910,#911,#912,#913,#914,
#915,#916,#917,#918,#919,#920,#921,#922,#923,#924,#925,#926,#927,#928,#929,#930,
#931,#932,#933,#934,#935,#936,#937,#938,#939,#940,#941,#942,#943,#944,#945,#946,
#947,#948,#949,#950,#951,#952,#953,#954,#955,#956,#957,#958,#959,#960,#961,#962,
#963,#964,#965,#966,#967,#968,#969,#970,#971,#972,#973,#974,#975,#976,#977,#978,
#979,#980,#981,#982,#983,#984,#985),.UNSPECIFIED.,.F.,.F.,(4,1,1,1,1,1,1,1,1,1,
1,1,1,1,1,1,1,1,1,1,1,1,1,1,1,1,1,1,1,1,1,1,1,1,1,1,1,1,1,1,1,1,1,1,1,1,1,1,1,1,
1,1,1,1,1,1,1,1,1,1,1,1,1,1,1,1,1,1,1,1,1,1,1,1,1,1,1,1,1,1,1,1,1,1,1,1,1,1,1,1,
1,1,1,1,1,1,1,1,1,1,1,1,1,1,1,1,1,1,1,1,1,1,1,1,1,1,1,1,1,1,1,1,1,1,1,1,1,1,1,1,
1,1,1,1,1,1,1,1,1,1,1,1,1,1,1,1,1,1,1,1,1,1,1,1,1,1,1,1,1,1,1,1,1,1,1,1,1,1,1,1,
1,1,1,1,1,1,1,1,1,1,1,1,1,1,1,1,1,1,4),(0.E0,5.319148936170E-3,
1.063829787234E-2,1.595744680851E-2,2.127659574468E-2,2.659574468085E-2,
3.191489361702E-2,3.723404255319E-2,4.255319148936E-2,4.787234042553E-2,
5.319148936170E-2,5.851063829787E-2,6.382978723404E-2,6.914893617021E-2,
7.446808510638E-2,7.978723404255E-2,8.510638297872E-2,9.042553191489E-2,
9.574468085106E-2,1.010638297872E-1,1.063829787234E-1,1.117021276596E-1,
1.170212765957E-1,1.223404255319E-1,1.276595744681E-1,1.329787234043E-1,
1.382978723404E-1,1.436170212766E-1,1.489361702128E-1,1.542553191489E-1,
1.595744680851E-1,1.648936170213E-1,1.702127659574E-1,1.755319148936E-1,
1.808510638298E-1,1.861702127660E-1,1.914893617021E-1,1.968085106383E-1,
2.021276595745E-1,2.074468085106E-1,2.127659574468E-1,2.180851063830E-1,
2.234042553191E-1,2.287234042553E-1,2.340425531915E-1,2.393617021277E-1,
2.446808510638E-1,2.5E-1,2.553191489362E-1,2.606382978723E-1,2.659574468085E-1,
2.712765957447E-1,2.765957446809E-1,2.819148936170E-1,2.872340425532E-1,
2.925531914894E-1,2.978723404255E-1,3.031914893617E-1,3.085106382979E-1,
3.138297872340E-1,3.191489361702E-1,3.244680851064E-1,3.297872340426E-1,
3.351063829787E-1,3.404255319149E-1,3.457446808511E-1,3.510638297872E-1,
3.563829787234E-1,3.617021276596E-1,3.670212765957E-1,3.723404255319E-1,
3.776595744681E-1,3.829787234043E-1,3.882978723404E-1,3.936170212766E-1,
3.989361702128E-1,4.042553191489E-1,4.095744680851E-1,4.148936170213E-1,
4.202127659574E-1,4.255319148936E-1,4.308510638298E-1,4.361702127660E-1,
4.414893617021E-1,4.468085106383E-1,4.521276595745E-1,4.574468085106E-1,
4.627659574468E-1,4.680851063830E-1,4.734042553191E-1,4.787234042553E-1,
4.840425531915E-1,4.893617021277E-1,4.946808510638E-1,5.E-1,5.053191489362E-1,
5.106382978723E-1,5.159574468085E-1,5.212765957447E-1,5.265957446809E-1,
5.319148936170E-1,5.372340425532E-1,5.425531914894E-1,5.478723404255E-1,
5.531914893617E-1,5.585106382979E-1,5.638297872340E-1,5.691489361702E-1,
5.744680851064E-1,5.797872340426E-1,5.851063829787E-1,5.904255319149E-1,
5.957446808511E-1,6.010638297872E-1,6.063829787234E-1,6.117021276596E-1,
6.170212765957E-1,6.223404255319E-1,6.276595744681E-1,6.329787234043E-1,
6.382978723404E-1,6.436170212766E-1,6.489361702128E-1,6.542553191489E-1,
6.595744680851E-1,6.648936170213E-1,6.702127659574E-1,6.755319148936E-1,
6.808510638298E-1,6.861702127660E-1,6.914893617021E-1,6.968085106383E-1,
7.021276595745E-1,7.074468085106E-1,7.127659574468E-1,7.180851063830E-1,
7.234042553191E-1,7.287234042553E-1,7.340425531915E-1,7.393617021277E-1,
7.446808510638E-1,7.5E-1,7.553191489362E-1,7.606382978723E-1,7.659574468085E-1,
7.712765957447E-1,7.765957446809E-1,7.819148936170E-1,7.872340425532E-1,
7.925531914894E-1,7.978723404255E-1,8.031914893617E-1,8.085106382979E-1,
8.138297872340E-1,8.191489361702E-1,8.244680851064E-1,8.297872340426E-1,
8.351063829787E-1,8.404255319149E-1,8.457446808511E-1,8.510638297872E-1,
8.563829787234E-1,8.617021276596E-1,8.670212765957E-1,8.723404255319E-1,
8.776595744681E-1,8.829787234043E-1,8.882978723404E-1,8.936170212766E-1,
8.989361702128E-1,9.042553191489E-1,9.095744680851E-1,9.148936170213E-1,
9.202127659574E-1,9.255319148936E-1,9.308510638298E-1,9.361702127660E-1,
9.414893617021E-1,9.468085106383E-1,9.521276595745E-1,9.574468085106E-1,
9.627659574468E-1,9.680851063830E-1,9.734042553191E-1,9.787234042553E-1,
9.840425531915E-1,9.893617021277E-1,9.946808510638E-1,1.E0),.UNSPECIFIED.);
#1022=B_SPLINE_CURVE_WITH_KNOTS('',3,(#991,#992,#993,#994,#995,#996,#997,#998,
#999,#1000,#1001,#1002,#1003,#1004,#1005,#1006,#1007,#1008,#1009,#1010,#1011,
#1012,#1013,#1014,#1015,#1016,#1017,#1018,#1019,#1020,#1021),.UNSPECIFIED.,.F.,
.F.,(4,1,1,1,1,1,1,1,1,1,1,1,1,1,1,1,1,1,1,1,1,1,1,1,1,1,1,1,4),(0.E0,
3.571428571429E-2,7.142857142857E-2,1.071428571429E-1,1.428571428571E-1,
1.785714285714E-1,2.142857142857E-1,2.5E-1,2.857142857143E-1,3.214285714286E-1,
3.571428571429E-1,3.928571428571E-1,4.285714285714E-1,4.642857142857E-1,5.E-1,
5.357142857143E-1,5.714285714286E-1,6.071428571429E-1,6.428571428571E-1,
6.785714285714E-1,7.142857142857E-1,7.5E-1,7.857142857143E-1,8.214285714286E-1,
8.571428571429E-1,8.928571428571E-1,9.285714285714E-1,9.642857142857E-1,1.E0),
.UNSPECIFIED.);
#1054=B_SPLINE_CURVE_WITH_KNOTS('',3,(#1023,#1024,#1025,#1026,#1027,#1028,#1029,
#1030,#1031,#1032,#1033,#1034,#1035,#1036,#1037,#1038,#1039,#1040,#1041,#1042,
#1043,#1044,#1045,#1046,#1047,#1048,#1049,#1050,#1051,#1052,#1053),
.UNSPECIFIED.,.F.,.F.,(4,1,1,1,1,1,1,1,1,1,1,1,1,1,1,1,1,1,1,1,1,1,1,1,1,1,1,1,
4),(0.E0,3.571428571429E-2,7.142857142857E-2,1.071428571429E-1,
1.428571428571E-1,1.785714285714E-1,2.142857142857E-1,2.5E-1,2.857142857143E-1,
3.214285714286E-1,3.571428571429E-1,3.928571428571E-1,4.285714285714E-1,
4.642857142857E-1,5.E-1,5.357142857143E-1,5.714285714286E-1,6.071428571429E-1,
6.428571428571E-1,6.785714285714E-1,7.142857142857E-1,7.5E-1,7.857142857143E-1,
8.214285714286E-1,8.571428571429E-1,8.928571428571E-1,9.285714285714E-1,
9.642857142857E-1,1.E0),.UNSPECIFIED.);
#1086=B_SPLINE_CURVE_WITH_KNOTS('',3,(#1055,#1056,#1057,#1058,#1059,#1060,#1061,
#1062,#1063,#1064,#1065,#1066,#1067,#1068,#1069,#1070,#1071,#1072,#1073,#1074,
#1075,#1076,#1077,#1078,#1079,#1080,#1081,#1082,#1083,#1084,#1085),
.UNSPECIFIED.,.F.,.F.,(4,1,1,1,1,1,1,1,1,1,1,1,1,1,1,1,1,1,1,1,1,1,1,1,1,1,1,1,
4),(0.E0,3.571428571429E-2,7.142857142857E-2,1.071428571429E-1,
1.428571428571E-1,1.785714285714E-1,2.142857142857E-1,2.5E-1,2.857142857143E-1,
3.214285714286E-1,3.571428571429E-1,3.928571428571E-1,4.285714285714E-1,
4.642857142857E-1,5.E-1,5.357142857143E-1,5.714285714286E-1,6.071428571429E-1,
6.428571428571E-1,6.785714285714E-1,7.142857142857E-1,7.5E-1,7.857142857143E-1,
8.214285714286E-1,8.571428571429E-1,8.928571428571E-1,9.285714285714E-1,
9.642857142857E-1,1.E0),.UNSPECIFIED.);
#1122=B_SPLINE_CURVE_WITH_KNOTS('',3,(#1091,#1092,#1093,#1094,#1095,#1096,#1097,
#1098,#1099,#1100,#1101,#1102,#1103,#1104,#1105,#1106,#1107,#1108,#1109,#1110,
#1111,#1112,#1113,#1114,#1115,#1116,#1117,#1118,#1119,#1120,#1121),
.UNSPECIFIED.,.F.,.F.,(4,1,1,1,1,1,1,1,1,1,1,1,1,1,1,1,1,1,1,1,1,1,1,1,1,1,1,1,
4),(0.E0,3.571428571429E-2,7.142857142857E-2,1.071428571429E-1,
1.428571428571E-1,1.785714285714E-1,2.142857142857E-1,2.5E-1,2.857142857143E-1,
3.214285714286E-1,3.571428571429E-1,3.928571428571E-1,4.285714285714E-1,
4.642857142857E-1,5.E-1,5.357142857143E-1,5.714285714286E-1,6.071428571429E-1,
6.428571428571E-1,6.785714285714E-1,7.142857142857E-1,7.5E-1,7.857142857143E-1,
8.214285714286E-1,8.571428571429E-1,8.928571428571E-1,9.285714285714E-1,
9.642857142857E-1,1.E0),.UNSPECIFIED.);
#1158=B_SPLINE_CURVE_WITH_KNOTS('',3,(#1127,#1128,#1129,#1130,#1131,#1132,#1133,
#1134,#1135,#1136,#1137,#1138,#1139,#1140,#1141,#1142,#1143,#1144,#1145,#1146,
#1147,#1148,#1149,#1150,#1151,#1152,#1153,#1154,#1155,#1156,#1157),
.UNSPECIFIED.,.F.,.F.,(4,1,1,1,1,1,1,1,1,1,1,1,1,1,1,1,1,1,1,1,1,1,1,1,1,1,1,1,
4),(0.E0,3.571428571429E-2,7.142857142857E-2,1.071428571429E-1,
1.428571428571E-1,1.785714285714E-1,2.142857142857E-1,2.5E-1,2.857142857143E-1,
3.214285714286E-1,3.571428571429E-1,3.928571428571E-1,4.285714285714E-1,
4.642857142857E-1,5.E-1,5.357142857143E-1,5.714285714286E-1,6.071428571429E-1,
6.428571428571E-1,6.785714285714E-1,7.142857142857E-1,7.5E-1,7.857142857143E-1,
8.214285714286E-1,8.571428571429E-1,8.928571428571E-1,9.285714285714E-1,
9.642857142857E-1,1.E0),.UNSPECIFIED.);
#1190=B_SPLINE_CURVE_WITH_KNOTS('',3,(#1159,#1160,#1161,#1162,#1163,#1164,#1165,
#1166,#1167,#1168,#1169,#1170,#1171,#1172,#1173,#1174,#1175,#1176,#1177,#1178,
#1179,#1180,#1181,#1182,#1183,#1184,#1185,#1186,#1187,#1188,#1189),
.UNSPECIFIED.,.F.,.F.,(4,1,1,1,1,1,1,1,1,1,1,1,1,1,1,1,1,1,1,1,1,1,1,1,1,1,1,1,
4),(0.E0,3.571428571429E-2,7.142857142857E-2,1.071428571429E-1,
1.428571428571E-1,1.785714285714E-1,2.142857142857E-1,2.5E-1,2.857142857143E-1,
3.214285714286E-1,3.571428571429E-1,3.928571428571E-1,4.285714285714E-1,
4.642857142857E-1,5.E-1,5.357142857143E-1,5.714285714286E-1,6.071428571429E-1,
6.428571428571E-1,6.785714285714E-1,7.142857142857E-1,7.5E-1,7.857142857143E-1,
8.214285714286E-1,8.571428571429E-1,8.928571428571E-1,9.285714285714E-1,
9.642857142857E-1,1.E0),.UNSPECIFIED.);
#1197=B_SPLINE_CURVE_WITH_KNOTS('',3,(#1191,#1192,#1193,#1194,#1195,#1196),
.UNSPECIFIED.,.F.,.F.,(4,1,1,4),(0.E0,3.333333333333E-1,6.666666666667E-1,1.E0),
.UNSPECIFIED.);
#1233=B_SPLINE_CURVE_WITH_KNOTS('',3,(#1202,#1203,#1204,#1205,#1206,#1207,#1208,
#1209,#1210,#1211,#1212,#1213,#1214,#1215,#1216,#1217,#1218,#1219,#1220,#1221,
#1222,#1223,#1224,#1225,#1226,#1227,#1228,#1229,#1230,#1231,#1232),
.UNSPECIFIED.,.F.,.F.,(4,1,1,1,1,1,1,1,1,1,1,1,1,1,1,1,1,1,1,1,1,1,1,1,1,1,1,1,
4),(0.E0,3.571428571429E-2,7.142857142857E-2,1.071428571429E-1,
1.428571428571E-1,1.785714285714E-1,2.142857142857E-1,2.5E-1,2.857142857143E-1,
3.214285714286E-1,3.571428571429E-1,3.928571428571E-1,4.285714285714E-1,
4.642857142857E-1,5.E-1,5.357142857143E-1,5.714285714286E-1,6.071428571429E-1,
6.428571428571E-1,6.785714285714E-1,7.142857142857E-1,7.5E-1,7.857142857143E-1,
8.214285714286E-1,8.571428571429E-1,8.928571428571E-1,9.285714285714E-1,
9.642857142857E-1,1.E0),.UNSPECIFIED.);
#1268=B_SPLINE_CURVE_WITH_KNOTS('',3,(#1238,#1239,#1240,#1241,#1242,#1243,#1244,
#1245,#1246,#1247,#1248,#1249,#1250,#1251,#1252,#1253,#1254,#1255,#1256,#1257,
#1258,#1259,#1260,#1261,#1262,#1263,#1264,#1265,#1266,#1267),.UNSPECIFIED.,.F.,
.F.,(4,1,1,1,1,1,1,1,1,1,1,1,1,1,1,1,1,1,1,1,1,1,1,1,1,1,1,4),(0.E0,
3.703703703704E-2,7.407407407407E-2,1.111111111111E-1,1.481481481481E-1,
1.851851851852E-1,2.222222222222E-1,2.592592592593E-1,2.962962962963E-1,
3.333333333333E-1,3.703703703704E-1,4.074074074074E-1,4.444444444444E-1,
4.814814814815E-1,5.185185185185E-1,5.555555555556E-1,5.925925925926E-1,
6.296296296296E-1,6.666666666667E-1,7.037037037037E-1,7.407407407407E-1,
7.777777777778E-1,8.148148148148E-1,8.518518518519E-1,8.888888888889E-1,
9.259259259259E-1,9.629629629630E-1,1.E0),.UNSPECIFIED.);
#1300=B_SPLINE_CURVE_WITH_KNOTS('',3,(#1269,#1270,#1271,#1272,#1273,#1274,#1275,
#1276,#1277,#1278,#1279,#1280,#1281,#1282,#1283,#1284,#1285,#1286,#1287,#1288,
#1289,#1290,#1291,#1292,#1293,#1294,#1295,#1296,#1297,#1298,#1299),
.UNSPECIFIED.,.F.,.F.,(4,1,1,1,1,1,1,1,1,1,1,1,1,1,1,1,1,1,1,1,1,1,1,1,1,1,1,1,
4),(0.E0,3.571428571429E-2,7.142857142857E-2,1.071428571429E-1,
1.428571428571E-1,1.785714285714E-1,2.142857142857E-1,2.5E-1,2.857142857143E-1,
3.214285714286E-1,3.571428571429E-1,3.928571428571E-1,4.285714285714E-1,
4.642857142857E-1,5.E-1,5.357142857143E-1,5.714285714286E-1,6.071428571429E-1,
6.428571428571E-1,6.785714285714E-1,7.142857142857E-1,7.5E-1,7.857142857143E-1,
8.214285714286E-1,8.571428571429E-1,8.928571428571E-1,9.285714285714E-1,
9.642857142857E-1,1.E0),.UNSPECIFIED.);
#1321=CIRCLE('',#1320,2.45E0);
#1326=CIRCLE('',#1325,2.45E0);
#1331=CIRCLE('',#1330,2.45E0);
#1336=CIRCLE('',#1335,2.45E0);
#1421=CIRCLE('',#1420,2.15E0);
#1426=CIRCLE('',#1425,2.15E0);
#1615=CIRCLE('',#1614,2.05E0);
#1632=CIRCLE('',#1631,2.05E0);
#1641=CIRCLE('',#1640,2.05E0);
#1646=CIRCLE('',#1645,2.05E0);
#1651=CIRCLE('',#1650,3.8E-1);
#1656=CIRCLE('',#1655,3.8E-1);
#1661=CIRCLE('',#1660,3.8E-1);
#1670=CIRCLE('',#1669,3.8E-1);
#1768=B_SPLINE_CURVE_WITH_KNOTS('',3,(#1675,#1676,#1677,#1678,#1679,#1680,#1681,
#1682,#1683,#1684,#1685,#1686,#1687,#1688,#1689,#1690,#1691,#1692,#1693,#1694,
#1695,#1696,#1697,#1698,#1699,#1700,#1701,#1702,#1703,#1704,#1705,#1706,#1707,
#1708,#1709,#1710,#1711,#1712,#1713,#1714,#1715,#1716,#1717,#1718,#1719,#1720,
#1721,#1722,#1723,#1724,#1725,#1726,#1727,#1728,#1729,#1730,#1731,#1732,#1733,
#1734,#1735,#1736,#1737,#1738,#1739,#1740,#1741,#1742,#1743,#1744,#1745,#1746,
#1747,#1748,#1749,#1750,#1751,#1752,#1753,#1754,#1755,#1756,#1757,#1758,#1759,
#1760,#1761,#1762,#1763,#1764,#1765,#1766,#1767),.UNSPECIFIED.,.F.,.F.,(4,1,1,1,
1,1,1,1,1,1,1,1,1,1,1,1,1,1,1,1,1,1,1,1,1,1,1,1,1,1,1,1,1,1,1,1,1,1,1,1,1,1,1,1,
1,1,1,1,1,1,1,1,1,1,1,1,1,1,1,1,1,1,1,1,1,1,1,1,1,1,1,1,1,1,1,1,1,1,1,1,1,1,1,1,
1,1,1,1,1,1,4),(0.E0,1.111111111111E-2,2.222222222222E-2,3.333333333333E-2,
4.444444444444E-2,5.555555555556E-2,6.666666666667E-2,7.777777777778E-2,
8.888888888889E-2,1.E-1,1.111111111111E-1,1.222222222222E-1,1.333333333333E-1,
1.444444444444E-1,1.555555555556E-1,1.666666666667E-1,1.777777777778E-1,
1.888888888889E-1,2.E-1,2.111111111111E-1,2.222222222222E-1,2.333333333333E-1,
2.444444444444E-1,2.555555555556E-1,2.666666666667E-1,2.777777777778E-1,
2.888888888889E-1,3.E-1,3.111111111111E-1,3.222222222222E-1,3.333333333333E-1,
3.444444444444E-1,3.555555555556E-1,3.666666666667E-1,3.777777777778E-1,
3.888888888889E-1,4.E-1,4.111111111111E-1,4.222222222222E-1,4.333333333333E-1,
4.444444444444E-1,4.555555555556E-1,4.666666666667E-1,4.777777777778E-1,
4.888888888889E-1,5.E-1,5.111111111111E-1,5.222222222222E-1,5.333333333333E-1,
5.444444444444E-1,5.555555555556E-1,5.666666666667E-1,5.777777777778E-1,
5.888888888889E-1,6.E-1,6.111111111111E-1,6.222222222222E-1,6.333333333333E-1,
6.444444444444E-1,6.555555555556E-1,6.666666666667E-1,6.777777777778E-1,
6.888888888889E-1,7.E-1,7.111111111111E-1,7.222222222222E-1,7.333333333333E-1,
7.444444444444E-1,7.555555555556E-1,7.666666666667E-1,7.777777777778E-1,
7.888888888889E-1,8.E-1,8.111111111111E-1,8.222222222222E-1,8.333333333333E-1,
8.444444444444E-1,8.555555555556E-1,8.666666666667E-1,8.777777777778E-1,
8.888888888889E-1,9.E-1,9.111111111111E-1,9.222222222222E-1,9.333333333333E-1,
9.444444444444E-1,9.555555555556E-1,9.666666666667E-1,9.777777777778E-1,
9.888888888889E-1,1.E0),.UNSPECIFIED.);
#1800=B_SPLINE_CURVE_WITH_KNOTS('',3,(#1769,#1770,#1771,#1772,#1773,#1774,#1775,
#1776,#1777,#1778,#1779,#1780,#1781,#1782,#1783,#1784,#1785,#1786,#1787,#1788,
#1789,#1790,#1791,#1792,#1793,#1794,#1795,#1796,#1797,#1798,#1799),
.UNSPECIFIED.,.F.,.F.,(4,1,1,1,1,1,1,1,1,1,1,1,1,1,1,1,1,1,1,1,1,1,1,1,1,1,1,1,
4),(0.E0,3.571428571429E-2,7.142857142857E-2,1.071428571429E-1,
1.428571428571E-1,1.785714285714E-1,2.142857142857E-1,2.5E-1,2.857142857143E-1,
3.214285714286E-1,3.571428571429E-1,3.928571428571E-1,4.285714285714E-1,
4.642857142857E-1,5.E-1,5.357142857143E-1,5.714285714286E-1,6.071428571429E-1,
6.428571428571E-1,6.785714285714E-1,7.142857142857E-1,7.5E-1,7.857142857143E-1,
8.214285714286E-1,8.571428571429E-1,8.928571428571E-1,9.285714285714E-1,
9.642857142857E-1,1.E0),.UNSPECIFIED.);
#1805=CIRCLE('',#1804,2.665E0);
#1818=CIRCLE('',#1817,2.325E0);
#1823=CIRCLE('',#1822,2.325E0);
#1828=CIRCLE('',#1827,2.325E0);
#1837=CIRCLE('',#1836,2.325E0);
#1846=CIRCLE('',#1845,2.15E0);
#1851=CIRCLE('',#1850,2.15E0);
#1856=CIRCLE('',#1855,2.05E0);
#1865=CIRCLE('',#1864,6.35E-1);
#1878=CIRCLE('',#1877,6.35E-1);
#1891=CIRCLE('',#1890,2.05E0);
#1900=CIRCLE('',#1899,6.35E-1);
#1921=CIRCLE('',#1920,4.85E-1);
#1930=CIRCLE('',#1929,4.85E-1);
#1939=CIRCLE('',#1938,4.85E-1);
#1944=CIRCLE('',#1943,6.35E-1);
#1965=CIRCLE('',#1964,4.85E-1);
#1974=CIRCLE('',#1973,4.85E-1);
#1983=CIRCLE('',#1982,4.85E-1);
#2004=CIRCLE('',#2003,4.85E-1);
#2009=CIRCLE('',#2008,4.85E-1);
#2244=EDGE_CURVE('',#2139,#2140,#5,.T.);
#2246=EDGE_CURVE('',#2140,#2139,#10,.T.);
#2250=EDGE_CURVE('',#2123,#2124,#15,.T.);
#2252=EDGE_CURVE('',#2124,#2123,#20,.T.);
#2263=EDGE_CURVE('',#2140,#2144,#28,.T.);
#2265=EDGE_CURVE('',#2143,#2144,#38,.T.);
#2267=EDGE_CURVE('',#2139,#2143,#24,.T.);
#2279=EDGE_CURVE('',#2144,#2143,#33,.T.);
#2291=EDGE_CURVE('',#2143,#2073,#46,.T.);
#2293=EDGE_CURVE('',#2072,#2073,#1805,.T.);
#2295=EDGE_CURVE('',#2144,#2072,#42,.T.);
#2307=EDGE_CURVE('',#2072,#2073,#67,.T.);
#2318=EDGE_CURVE('',#2108,#2109,#58,.T.);
#2320=EDGE_CURVE('',#2073,#2108,#62,.T.);
#2323=EDGE_CURVE('',#2072,#2107,#71,.T.);
#2325=EDGE_CURVE('',#2110,#2107,#85,.T.);
#2327=EDGE_CURVE('',#2113,#2110,#154,.T.);
#2329=EDGE_CURVE('',#2112,#2113,#101,.T.);
#2331=EDGE_CURVE('',#2109,#2112,#106,.T.);
#2477=EDGE_CURVE('',#2110,#2104,#204,.T.);
#2480=EDGE_CURVE('',#2107,#2108,#1800,.T.);
#2483=EDGE_CURVE('',#2109,#2084,#1768,.T.);
#2485=EDGE_CURVE('',#2103,#2084,#459,.T.);
#2487=EDGE_CURVE('',#2103,#2104,#384,.T.);
#2497=EDGE_CURVE('',#2105,#2113,#149,.T.);
#2501=EDGE_CURVE('',#2105,#2104,#455,.T.);
#2647=EDGE_CURVE('',#2087,#2088,#345,.T.);
#2649=EDGE_CURVE('',#2088,#2106,#1197,.T.);
#2651=EDGE_CURVE('',#2085,#2106,#990,.T.);
#2653=EDGE_CURVE('',#2112,#2085,#313,.T.);
#2657=EDGE_CURVE('',#2105,#2087,#451,.T.);
#2668=EDGE_CURVE('',#2087,#2094,#419,.T.);
#2670=EDGE_CURVE('',#2093,#2094,#377,.T.);
#2672=EDGE_CURVE('',#2088,#2093,#1201,.T.);
#2683=EDGE_CURVE('',#2094,#2103,#415,.T.);
#2963=EDGE_CURVE('',#2084,#2086,#653,.T.);
#2965=EDGE_CURVE('',#2092,#2086,#698,.T.);
#2967=EDGE_CURVE('',#2097,#2092,#737,.T.);
#2969=EDGE_CURVE('',#2097,#2098,#1158,.T.);
#2971=EDGE_CURVE('',#2098,#2095,#1086,.T.);
#2973=EDGE_CURVE('',#2095,#2096,#1022,.T.);
#2975=EDGE_CURVE('',#2096,#2093,#1233,.T.);
#3249=EDGE_CURVE('',#2117,#2115,#666,.T.);
#3251=EDGE_CURVE('',#2086,#2115,#702,.T.);
#3254=EDGE_CURVE('',#2084,#2085,#657,.T.);
#3256=EDGE_CURVE('',#2085,#2117,#986,.T.);
#3266=EDGE_CURVE('',#2115,#2091,#661,.T.);
#3269=EDGE_CURVE('',#2118,#2117,#673,.T.);
#3271=EDGE_CURVE('',#2118,#2080,#1308,.T.);
#3273=EDGE_CURVE('',#2076,#2080,#1326,.T.);
#3275=EDGE_CURVE('',#2120,#2076,#1304,.T.);
#3277=EDGE_CURVE('',#2119,#2120,#694,.T.);
#3279=EDGE_CURVE('',#2119,#2091,#746,.T.);
#3289=EDGE_CURVE('',#2091,#2092,#741,.T.);
#3305=EDGE_CURVE('',#2119,#2102,#790,.T.);
#3307=EDGE_CURVE('',#2102,#2097,#794,.T.);
#3581=EDGE_CURVE('',#2099,#2100,#1054,.T.);
#3583=EDGE_CURVE('',#2100,#2101,#1122,.T.);
#3585=EDGE_CURVE('',#2101,#2102,#1190,.T.);
#3589=EDGE_CURVE('',#2120,#2118,#1300,.T.);
#3594=EDGE_CURVE('',#2106,#2099,#1268,.T.);
#3605=EDGE_CURVE('',#2100,#2095,#1126,.T.);
#3608=EDGE_CURVE('',#2099,#2096,#1237,.T.);
#3619=EDGE_CURVE('',#2101,#2098,#1090,.T.);
#3658=EDGE_CURVE('',#2076,#2080,#1321,.T.);
#3669=EDGE_CURVE('',#2076,#2077,#1312,.T.);
#3671=EDGE_CURVE('',#2077,#2081,#1336,.T.);
#3673=EDGE_CURVE('',#2080,#2081,#1316,.T.);
#3687=EDGE_CURVE('',#2077,#2081,#1331,.T.);
#3697=EDGE_CURVE('',#2012,#2013,#1352,.T.);
#3699=EDGE_CURVE('',#2013,#2015,#1578,.T.);
#3701=EDGE_CURVE('',#2015,#2017,#1498,.T.);
#3703=EDGE_CURVE('',#2017,#2012,#1466,.T.);
#3717=EDGE_CURVE('',#2163,#2164,#1340,.T.);
#3719=EDGE_CURVE('',#2163,#2036,#1602,.T.);
#3721=EDGE_CURVE('',#2036,#2044,#1344,.T.);
#3723=EDGE_CURVE('',#2044,#2045,#1348,.T.);
#3725=EDGE_CURVE('',#2013,#2045,#1582,.T.);
#3728=EDGE_CURVE('',#2012,#2019,#1356,.T.);
#3730=EDGE_CURVE('',#2019,#2176,#1446,.T.);
#3732=EDGE_CURVE('',#2174,#2176,#1360,.T.);
#3734=EDGE_CURVE('',#2174,#2040,#1364,.T.);
#3736=EDGE_CURVE('',#2040,#2041,#1368,.T.);
#3738=EDGE_CURVE('',#2164,#2041,#1372,.T.);
#3749=EDGE_CURVE('',#2166,#2164,#1376,.T.);
#3751=EDGE_CURVE('',#2166,#2168,#1606,.T.);
#3753=EDGE_CURVE('',#2168,#2163,#1590,.T.);
#3765=EDGE_CURVE('',#2041,#2028,#1416,.T.);
#3767=EDGE_CURVE('',#2166,#2028,#1610,.T.);
#3778=EDGE_CURVE('',#2065,#2040,#1380,.T.);
#3780=EDGE_CURVE('',#2057,#2065,#1384,.T.);
#3782=EDGE_CURVE('',#2056,#2057,#1458,.T.);
#3784=EDGE_CURVE('',#2063,#2056,#1388,.T.);
#3786=EDGE_CURVE('',#2053,#2063,#1392,.T.);
#3788=EDGE_CURVE('',#2052,#2053,#1486,.T.);
#3790=EDGE_CURVE('',#2025,#2052,#1396,.T.);
#3792=EDGE_CURVE('',#2024,#2025,#1400,.T.);
#3794=EDGE_CURVE('',#2049,#2024,#1404,.T.);
#3796=EDGE_CURVE('',#2047,#2049,#1506,.T.);
#3798=EDGE_CURVE('',#2045,#2047,#1574,.T.);
#3801=EDGE_CURVE('',#2029,#2044,#1408,.T.);
#3803=EDGE_CURVE('',#2028,#2029,#1412,.T.);
#3808=EDGE_CURVE('',#2135,#2136,#1421,.T.);
#3810=EDGE_CURVE('',#2136,#2135,#1426,.T.);
#3820=EDGE_CURVE('',#2174,#2172,#1430,.T.);
#3822=EDGE_CURVE('',#2172,#2065,#1434,.T.);
#3834=EDGE_CURVE('',#2171,#2172,#1438,.T.);
#3838=EDGE_CURVE('',#2176,#2171,#1442,.T.);
#3849=EDGE_CURVE('',#2061,#2171,#1454,.T.);
#3851=EDGE_CURVE('',#2061,#2057,#1462,.T.);
#3865=EDGE_CURVE('',#2061,#2019,#1450,.T.);
#3881=EDGE_CURVE('',#2017,#2021,#1470,.T.);
#3883=EDGE_CURVE('',#2021,#2059,#1566,.T.);
#3885=EDGE_CURVE('',#2059,#2056,#1474,.T.);
#3895=EDGE_CURVE('',#2150,#2152,#1478,.T.);
#3897=EDGE_CURVE('',#2150,#2052,#1482,.T.);
#3900=EDGE_CURVE('',#2156,#2053,#1490,.T.);
#3902=EDGE_CURVE('',#2155,#2156,#1494,.T.);
#3904=EDGE_CURVE('',#2155,#2021,#1570,.T.);
#3908=EDGE_CURVE('',#2015,#2047,#1502,.T.);
#3911=EDGE_CURVE('',#2032,#2049,#1510,.T.);
#3913=EDGE_CURVE('',#2032,#2152,#1526,.T.);
#3923=EDGE_CURVE('',#2147,#2148,#1514,.T.);
#3925=EDGE_CURVE('',#2150,#2148,#1538,.T.);
#3928=EDGE_CURVE('',#2152,#2147,#1522,.T.);
#3939=EDGE_CURVE('',#2033,#2147,#1534,.T.);
#3941=EDGE_CURVE('',#2033,#2024,#1518,.T.);
#3944=EDGE_CURVE('',#2148,#2025,#1542,.T.);
#3956=EDGE_CURVE('',#2032,#2033,#1530,.T.);
#3991=EDGE_CURVE('',#2158,#2156,#1546,.T.);
#3995=EDGE_CURVE('',#2158,#2063,#1554,.T.);
#4007=EDGE_CURVE('',#2158,#2160,#1550,.T.);
#4009=EDGE_CURVE('',#2160,#2155,#1558,.T.);
#4023=EDGE_CURVE('',#2059,#2160,#1562,.T.);
#4057=EDGE_CURVE('',#2036,#2037,#1598,.T.);
#4059=EDGE_CURVE('',#2037,#2029,#1586,.T.);
#4072=EDGE_CURVE('',#2168,#2037,#1594,.T.);
#4097=EDGE_CURVE('',#2188,#2187,#1615,.T.);
#4099=EDGE_CURVE('',#2135,#2188,#1619,.T.);
#4102=EDGE_CURVE('',#2136,#2187,#1636,.T.);
#4113=EDGE_CURVE('',#2180,#2187,#1627,.T.);
#4115=EDGE_CURVE('',#2179,#2180,#1641,.T.);
#4117=EDGE_CURVE('',#2179,#2188,#1623,.T.);
#4127=EDGE_CURVE('',#2187,#2188,#1632,.T.);
#4130=EDGE_CURVE('',#2180,#2179,#1646,.T.);
#4157=EDGE_CURVE('',#2221,#2222,#1651,.T.);
#4159=EDGE_CURVE('',#2222,#2221,#1661,.T.);
#4170=EDGE_CURVE('',#2197,#2221,#1674,.T.);
#4172=EDGE_CURVE('',#2197,#2198,#1656,.T.);
#4174=EDGE_CURVE('',#2198,#2222,#1665,.T.);
#4186=EDGE_CURVE('',#2197,#2198,#1670,.T.);
#4368=EDGE_CURVE('',#2124,#2128,#1813,.T.);
#4370=EDGE_CURVE('',#2127,#2128,#1828,.T.);
#4372=EDGE_CURVE('',#2123,#2127,#1809,.T.);
#4384=EDGE_CURVE('',#2128,#2127,#1818,.T.);
#4396=EDGE_CURVE('',#2068,#2127,#1841,.T.);
#4398=EDGE_CURVE('',#2068,#2069,#1823,.T.);
#4400=EDGE_CURVE('',#2069,#2128,#1832,.T.);
#4412=EDGE_CURVE('',#2068,#2069,#1837,.T.);
#4427=EDGE_CURVE('',#2131,#2132,#1846,.T.);
#4429=EDGE_CURVE('',#2132,#2131,#1851,.T.);
#4439=EDGE_CURVE('',#2184,#2183,#1856,.T.);
#4441=EDGE_CURVE('',#2183,#2132,#1895,.T.);
#4444=EDGE_CURVE('',#2184,#2131,#1860,.T.);
#4454=EDGE_CURVE('',#2183,#2184,#1891,.T.);
#4459=EDGE_CURVE('',#2236,#2238,#1865,.T.);
#4461=EDGE_CURVE('',#2236,#2218,#1869,.T.);
#4463=EDGE_CURVE('',#2218,#2216,#1974,.T.);
#4465=EDGE_CURVE('',#2216,#2228,#1873,.T.);
#4467=EDGE_CURVE('',#2230,#2228,#1878,.T.);
#4469=EDGE_CURVE('',#2210,#2230,#1882,.T.);
#4471=EDGE_CURVE('',#2208,#2210,#1930,.T.);
#4473=EDGE_CURVE('',#2238,#2208,#1886,.T.);
#4495=EDGE_CURVE('',#2233,#2234,#1900,.T.);
#4497=EDGE_CURVE('',#2234,#2236,#1904,.T.);
#4500=EDGE_CURVE('',#2233,#2238,#1908,.T.);
#4511=EDGE_CURVE('',#2202,#2233,#1912,.T.);
#4513=EDGE_CURVE('',#2201,#2202,#1921,.T.);
#4515=EDGE_CURVE('',#2214,#2201,#1983,.T.);
#4517=EDGE_CURVE('',#2234,#2214,#1916,.T.);
#4529=EDGE_CURVE('',#2208,#2202,#1925,.T.);
#4543=EDGE_CURVE('',#2210,#2205,#1934,.T.);
#4545=EDGE_CURVE('',#2205,#2206,#1939,.T.);
#4547=EDGE_CURVE('',#2206,#2194,#1991,.T.);
#4549=EDGE_CURVE('',#2191,#2194,#2009,.T.);
#4551=EDGE_CURVE('',#2201,#2191,#1987,.T.);
#4561=EDGE_CURVE('',#2226,#2230,#1948,.T.);
#4563=EDGE_CURVE('',#2226,#2205,#1960,.T.);
#4575=EDGE_CURVE('',#2225,#2226,#1944,.T.);
#4579=EDGE_CURVE('',#2225,#2228,#1952,.T.);
#4590=EDGE_CURVE('',#2212,#2225,#1956,.T.);
#4592=EDGE_CURVE('',#2206,#2212,#1965,.T.);
#4606=EDGE_CURVE('',#2216,#2212,#1969,.T.);
#4620=EDGE_CURVE('',#2218,#2214,#1978,.T.);
#4624=EDGE_CURVE('',#2191,#2194,#2004,.T.);
#4647=EDGE_CURVE('',#2191,#2192,#1995,.T.);
#4649=EDGE_CURVE('',#2194,#2192,#1999,.T.);
#4668=(LENGTH_UNIT()NAMED_UNIT(*)SI_UNIT(.MILLI.,.METRE.));
#4670=(NAMED_UNIT(*)PLANE_ANGLE_UNIT()SI_UNIT($,.RADIAN.));
#4673=(NAMED_UNIT(*)SI_UNIT($,.STERADIAN.)SOLID_ANGLE_UNIT());
#4676=ADVANCED_BREP_SHAPE_REPRESENTATION('',(#4667),#4675);
#4683=PRODUCT_DEFINITION('design','',#4682,#4679);
#4684=PRODUCT_DEFINITION_SHAPE('','SHAPE FOR 132323__.',#4683);
#4685=SHAPE_DEFINITION_REPRESENTATION(#4684,#4676);
ENDSEC;
END-ISO-10303-21;
